{
  "speed": 1.0290216207504272,
  "gear": 1,
  "rpm": 493.89654541015625,
  "maxrpm": 500.0,
  "handbrake": false,
  "kinematics_estimated": {
    "position": {
      "x_val": 13.056779861450195,
      "y_val": 1.8465816974639893,
      "z_val": -0.3997030556201935
    },
    "orientation": {
      "x_val": 0.0005534316878765821,
      "y_val": 0.19079925119876862,
      "z_val": 0.0028484284412115812,
      "w_val": 0.9816247820854187
    },
    "linear_velocity": {
      "x_val": 0.9540383815765381,
      "y_val": 0.007870035246014595,
      "z_val": -0.3855360746383667
    },
    "angular_velocity": {
      "x_val": 4.747870843857527e-05,
      "y_val": 0.00015930489462334663,
      "z_val": 0.0022303774021565914
    },
    "linear_acceleration": {
      "x_val": 4.913295269012451,
      "y_val": 0.05207222327589989,
      "z_val": -1.990982174873352
    },
    "angular_acceleration": {
      "x_val": 0.004927944857627153,
      "y_val": 0.03672625869512558,
      "z_val": 0.018841484561562538
    }
  },
  "timestamp": 1747814753984449800
}