{
  "speed": 1.0000576972961426,
  "gear": 1,
  "rpm": 492.77734375,
  "maxrpm": 500.0,
  "handbrake": false,
  "kinematics_estimated": {
    "position": {
      "x_val": 13.219134330749512,
      "y_val": 1.8479106426239014,
      "z_val": -0.46514657139778137
    },
    "orientation": {
      "x_val": 0.0005889565800316632,
      "y_val": 0.19080275297164917,
      "z_val": 0.003030803520232439,
      "w_val": 0.9816235303878784
    },
    "linear_velocity": {
      "x_val": 0.9271906614303589,
      "y_val": 0.008135036565363407,
      "z_val": -0.37466052174568176
    },
    "angular_velocity": {
      "x_val": 7.001508492976427e-05,
      "y_val": 0.0007608968298882246,
      "z_val": 0.002133138943463564
    },
    "linear_acceleration": {
      "x_val": 4.450103759765625,
      "y_val": 0.05040168762207031,
      "z_val": -1.8049776554107666
    },
    "angular_acceleration": {
      "x_val": 0.006218065973371267,
      "y_val": 0.04940801486372948,
      "z_val": -0.009775732643902302
    }
  },
  "timestamp": 1747814754169183100
}