{
  "speed": 1.002232551574707,
  "gear": 1,
  "rpm": 493.1866455078125,
  "maxrpm": 500.0,
  "handbrake": false,
  "kinematics_estimated": {
    "position": {
      "x_val": 13.388879776000977,
      "y_val": 1.8493996858596802,
      "z_val": -0.5336700677871704
    },
    "orientation": {
      "x_val": 0.0006287818541750312,
      "y_val": 0.19080443680286407,
      "z_val": 0.0032352276612073183,
      "w_val": 0.9816225171089172
    },
    "linear_velocity": {
      "x_val": 0.9292052388191223,
      "y_val": 0.008686201646924019,
      "z_val": -0.37546855211257935
    },
    "angular_velocity": {
      "x_val": 4.847778473049402e-05,
      "y_val": 0.00047355491551570594,
      "z_val": 0.0017910689348354936
    },
    "linear_acceleration": {
      "x_val": 3.435037136077881,
      "y_val": 0.04196951538324356,
      "z_val": -1.3928067684173584
    },
    "angular_acceleration": {
      "x_val": 0.0039564622566103935,
      "y_val": 0.028772158548235893,
      "z_val": -0.028709370642900467
    }
  },
  "timestamp": 1747814754363083700
}