{
  "speed": 0.8982911705970764,
  "gear": 1,
  "rpm": 491.1150817871094,
  "maxrpm": 500.0,
  "handbrake": false,
  "kinematics_estimated": {
    "position": {
      "x_val": 13.56074333190918,
      "y_val": 1.8510003089904785,
      "z_val": -0.6029358506202698
    },
    "orientation": {
      "x_val": 0.0006714436458423734,
      "y_val": 0.19080029428005219,
      "z_val": 0.003457059618085623,
      "w_val": 0.981622576713562
    },
    "linear_velocity": {
      "x_val": 0.8328844904899597,
      "y_val": 0.008102809078991413,
      "z_val": -0.33640429377555847
    },
    "angular_velocity": {
      "x_val": -2.4360546376556158e-05,
      "y_val": 0.0003036519337911159,
      "z_val": 0.002208534860983491
    },
    "linear_acceleration": {
      "x_val": -2.966479539871216,
      "y_val": -0.037263184785842896,
      "z_val": 1.2071216106414795
    },
    "angular_acceleration": {
      "x_val": -0.004121176898479462,
      "y_val": 0.0021800079848617315,
      "z_val": -0.02485017292201519
    }
  },
  "timestamp": 1747814754559923900
}