{
  "speed": 0.22426483035087585,
  "gear": 1,
  "rpm": 476.4678039550781,
  "maxrpm": 500.0,
  "handbrake": false,
  "kinematics_estimated": {
    "position": {
      "x_val": 13.682899475097656,
      "y_val": 1.852236032485962,
      "z_val": -0.6555601954460144
    },
    "orientation": {
      "x_val": 0.0007374466513283551,
      "y_val": 0.18486429750919342,
      "z_val": 0.003660996910184622,
      "w_val": 0.9827569723129272
    },
    "linear_velocity": {
      "x_val": 0.19131027162075043,
      "y_val": 0.0031330708879977465,
      "z_val": -0.12663419544696808
    },
    "angular_velocity": {
      "x_val": 3.0735740438103676e-05,
      "y_val": -0.21486137807369232,
      "z_val": 0.0022816662676632404
    },
    "linear_acceleration": {
      "x_val": -8.136594772338867,
      "y_val": -0.0643005296587944,
      "z_val": 2.7887468338012695
    },
    "angular_acceleration": {
      "x_val": -0.0019215340726077557,
      "y_val": -0.6220490336418152,
      "z_val": -0.019686197862029076
    }
  },
  "timestamp": 1747814754736845700
}