{
  "speed": -0.13252542912960052,
  "gear": 1,
  "rpm": 235.86842346191406,
  "maxrpm": 500.0,
  "handbrake": false,
  "kinematics_estimated": {
    "position": {
      "x_val": 13.668403625488281,
      "y_val": 1.8523491621017456,
      "z_val": -0.6465848684310913
    },
    "orientation": {
      "x_val": 0.0007377197034657001,
      "y_val": 0.19078046083450317,
      "z_val": 0.0038067849818617105,
      "w_val": 0.9816250801086426
    },
    "linear_velocity": {
      "x_val": -0.12287890911102295,
      "y_val": 0.00011057208030251786,
      "z_val": 0.04964921250939369
    },
    "angular_velocity": {
      "x_val": 1.5438214177265763e-05,
      "y_val": 0.00015719184011686593,
      "z_val": 0.000915812561288476
    },
    "linear_acceleration": {
      "x_val": -0.07466711848974228,
      "y_val": -0.0010824849596247077,
      "z_val": 0.030609074980020523
    },
    "angular_acceleration": {
      "x_val": 0.002329970942810178,
      "y_val": 0.026524236425757408,
      "z_val": -0.0016798737924546003
    }
  },
  "timestamp": 1747814754944063400
}