{
  "speed": -0.1264030486345291,
  "gear": 1,
  "rpm": 140.08082580566406,
  "maxrpm": 500.0,
  "handbrake": false,
  "kinematics_estimated": {
    "position": {
      "x_val": 13.643519401550293,
      "y_val": 1.8523505926132202,
      "z_val": -0.6364855766296387
    },
    "orientation": {
      "x_val": 0.0007553647155873477,
      "y_val": 0.19078657031059265,
      "z_val": 0.0038950261659920216,
      "w_val": 0.9816235303878784
    },
    "linear_velocity": {
      "x_val": -0.11719875782728195,
      "y_val": 7.174548954935744e-05,
      "z_val": 0.04736381024122238
    },
    "angular_velocity": {
      "x_val": 5.089706974104047e-05,
      "y_val": 0.0006130086840130389,
      "z_val": 0.0007197312661446631
    },
    "linear_acceleration": {
      "x_val": 0.2530946731567383,
      "y_val": 9.260674573852157e-07,
      "z_val": -0.10134345293045044
    },
    "angular_acceleration": {
      "x_val": 0.004478164948523045,
      "y_val": 0.05251851677894592,
      "z_val": -0.013591887429356575
    }
  },
  "timestamp": 1747814755144716300
}