{
  "speed": -0.1241299957036972,
  "gear": 1,
  "rpm": 101.88661193847656,
  "maxrpm": 500.0,
  "handbrake": false,
  "kinematics_estimated": {
    "position": {
      "x_val": 13.62222957611084,
      "y_val": 1.8523497581481934,
      "z_val": -0.6278840899467468
    },
    "orientation": {
      "x_val": 0.0007707553450018167,
      "y_val": 0.1907867193222046,
      "z_val": 0.00397406006231904,
      "w_val": 0.9816231727600098
    },
    "linear_velocity": {
      "x_val": -0.11509594321250916,
      "y_val": 5.385440090321936e-05,
      "z_val": 0.046500518918037415
    },
    "angular_velocity": {
      "x_val": -3.5135308280587196e-06,
      "y_val": -4.28177481808234e-05,
      "z_val": 0.0009607082465663552
    },
    "linear_acceleration": {
      "x_val": 0.0379987433552742,
      "y_val": -0.0007802115869708359,
      "z_val": -0.01595490798354149
    },
    "angular_acceleration": {
      "x_val": -0.002809166442602873,
      "y_val": -0.033660002052783966,
      "z_val": 0.004624943248927593
    }
  },
  "timestamp": 1747814755315554100
}