{
  "speed": 0.14776870608329773,
  "gear": 1,
  "rpm": 195.80563354492188,
  "maxrpm": 500.0,
  "handbrake": false,
  "kinematics_estimated": {
    "position": {
      "x_val": 13.636475563049316,
      "y_val": 1.8544788360595703,
      "z_val": -0.6336067914962769
    },
    "orientation": {
      "x_val": -0.0031375738326460123,
      "y_val": 0.19077244400978088,
      "z_val": -0.016295259818434715,
      "w_val": 0.9814940094947815
    },
    "linear_velocity": {
      "x_val": 0.13626861572265625,
      "y_val": -0.026629697531461716,
      "z_val": -0.05504416301846504
    },
    "angular_velocity": {
      "x_val": 0.003067716956138611,
      "y_val": 0.0008295006118714809,
      "z_val": -0.3465202748775482
    },
    "linear_acceleration": {
      "x_val": -1.9911762475967407,
      "y_val": -0.41603899002075195,
      "z_val": 0.8051090240478516
    },
    "angular_acceleration": {
      "x_val": 0.27519190311431885,
      "y_val": -0.014929836615920067,
      "z_val": 4.215301036834717
    }
  },
  "timestamp": 1747814755492322800
}