{
  "speed": 0.46804293990135193,
  "gear": 1,
  "rpm": 291.71990966796875,
  "maxrpm": 500.0,
  "handbrake": false,
  "kinematics_estimated": {
    "position": {
      "x_val": 13.699520111083984,
      "y_val": 1.8492836952209473,
      "z_val": -0.6591261625289917
    },
    "orientation": {
      "x_val": -0.015107658691704273,
      "y_val": 0.19020843505859375,
      "z_val": -0.07762476801872253,
      "w_val": 0.9785534739494324
    },
    "linear_velocity": {
      "x_val": 0.4201621413230896,
      "y_val": -0.13028265535831451,
      "z_val": -0.16978394985198975
    },
    "angular_velocity": {
      "x_val": -0.00681033730506897,
      "y_val": 0.002249389886856079,
      "z_val": -0.6813946962356567
    },
    "linear_acceleration": {
      "x_val": 4.197658538818359,
      "y_val": -1.0809959173202515,
      "z_val": -1.6983059644699097
    },
    "angular_acceleration": {
      "x_val": -0.6712620854377747,
      "y_val": 0.020551996305584908,
      "z_val": 3.0914900302886963
    }
  },
  "timestamp": 1747814755681005000
}