{
  "speed": 1.060145616531372,
  "gear": 1,
  "rpm": 495.8971862792969,
  "maxrpm": 500.0,
  "handbrake": false,
  "kinematics_estimated": {
    "position": {
      "x_val": 1.1754190921783447,
      "y_val": -0.004980507306754589,
      "z_val": 0.02614373154938221
    },
    "orientation": {
      "x_val": -1.5531211374764098e-06,
      "y_val": -4.5969249185873196e-05,
      "z_val": -0.044693853706121445,
      "w_val": 0.9990007281303406
    },
    "linear_velocity": {
      "x_val": 1.0551550388336182,
      "y_val": -0.10309301316738129,
      "z_val": 3.7410325148812262e-06
    },
    "angular_velocity": {
      "x_val": -3.338363967486657e-05,
      "y_val": 0.0005731742130592465,
      "z_val": -0.4614484906196594
    },
    "linear_acceleration": {
      "x_val": -0.05250244215130806,
      "y_val": -0.5064358115196228,
      "z_val": 0.0006644302629865706
    },
    "angular_acceleration": {
      "x_val": 0.00033236935269087553,
      "y_val": 0.08541720360517502,
      "z_val": -0.3044913411140442
    }
  },
  "timestamp": 1747814736516495800
}