{
  "speed": 0.6580405831336975,
  "gear": 1,
  "rpm": 371.99078369140625,
  "maxrpm": 500.0,
  "handbrake": false,
  "kinematics_estimated": {
    "position": {
      "x_val": 13.78615665435791,
      "y_val": 1.8231719732284546,
      "z_val": -0.6943480372428894
    },
    "orientation": {
      "x_val": -0.02892075479030609,
      "y_val": 0.18863214552402496,
      "z_val": -0.14829394221305847,
      "w_val": 0.9703558087348938
    },
    "linear_velocity": {
      "x_val": 0.5563902854919434,
      "y_val": -0.2856319844722748,
      "z_val": -0.22488325834274292
    },
    "angular_velocity": {
      "x_val": -0.01373964548110962,
      "y_val": 0.005149900913238525,
      "z_val": -0.9603360295295715
    },
    "linear_acceleration": {
      "x_val": 4.637195110321045,
      "y_val": -2.4243059158325195,
      "z_val": -1.882538914680481
    },
    "angular_acceleration": {
      "x_val": -1.233669638633728,
      "y_val": 0.16085530817508698,
      "z_val": -12.852045059204102
    }
  },
  "timestamp": 1747814755874697800
}