{
  "speed": 0.7939922213554382,
  "gear": 1,
  "rpm": 442.0191345214844,
  "maxrpm": 500.0,
  "handbrake": false,
  "kinematics_estimated": {
    "position": {
      "x_val": 13.909073829650879,
      "y_val": 1.7553791999816895,
      "z_val": -0.7440606951713562
    },
    "orientation": {
      "x_val": -0.04580991342663765,
      "y_val": 0.1852823942899704,
      "z_val": -0.23516184091567993,
      "w_val": 0.9530324339866638
    },
    "linear_velocity": {
      "x_val": 0.5936402678489685,
      "y_val": -0.48837825655937195,
      "z_val": -0.2399488389492035
    },
    "angular_velocity": {
      "x_val": -0.015367180109024048,
      "y_val": 0.006499737501144409,
      "z_val": -0.9925464391708374
    },
    "linear_acceleration": {
      "x_val": 4.166098594665527,
      "y_val": -3.992835283279419,
      "z_val": -1.6881541013717651
    },
    "angular_acceleration": {
      "x_val": -0.6558412909507751,
      "y_val": 0.19871786236763,
      "z_val": -14.40388298034668
    }
  },
  "timestamp": 1747814756085547500
}