{
  "speed": 0.7071580290794373,
  "gear": 1,
  "rpm": 469.140625,
  "maxrpm": 500.0,
  "handbrake": false,
  "kinematics_estimated": {
    "position": {
      "x_val": 14.004361152648926,
      "y_val": 1.676047682762146,
      "z_val": -0.7822328209877014
    },
    "orientation": {
      "x_val": -0.05749715492129326,
      "y_val": 0.18189387023448944,
      "z_val": -0.29591527581214905,
      "w_val": 0.9359716176986694
    },
    "linear_velocity": {
      "x_val": 0.4642487168312073,
      "y_val": -0.5174349546432495,
      "z_val": -0.18757179379463196
    },
    "angular_velocity": {
      "x_val": -0.0011957436800003052,
      "y_val": 0.0011713355779647827,
      "z_val": -0.7918353080749512
    },
    "linear_acceleration": {
      "x_val": -2.4541234970092773,
      "y_val": 1.3432636260986328,
      "z_val": 0.9875715970993042
    },
    "angular_acceleration": {
      "x_val": -0.35099247097969055,
      "y_val": 0.12325730174779892,
      "z_val": -8.102108001708984
    }
  },
  "timestamp": 1747814756256538800
}