{
  "speed": 0.7824777960777283,
  "gear": 1,
  "rpm": 482.6807556152344,
  "maxrpm": 500.0,
  "handbrake": false,
  "kinematics_estimated": {
    "position": {
      "x_val": 14.090981483459473,
      "y_val": 1.577707290649414,
      "z_val": -0.8172552585601807
    },
    "orientation": {
      "x_val": -0.0693058967590332,
      "y_val": 0.17771250009536743,
      "z_val": -0.35658973455429077,
      "w_val": 0.9145811796188354
    },
    "linear_velocity": {
      "x_val": 0.43004587292671204,
      "y_val": -0.6516293883323669,
      "z_val": -0.17369700968265533
    },
    "angular_velocity": {
      "x_val": 0.004148736596107483,
      "y_val": -0.00345022976398468,
      "z_val": -0.7887989282608032
    },
    "linear_acceleration": {
      "x_val": -1.7675833702087402,
      "y_val": 1.3713576793670654,
      "z_val": 0.7192521095275879
    },
    "angular_acceleration": {
      "x_val": 0.4624823033809662,
      "y_val": -0.3322751820087433,
      "z_val": -6.194262504577637
    }
  },
  "timestamp": 1747814756436756600
}