{
  "speed": 0.7584758400917053,
  "gear": 1,
  "rpm": 491.5285949707031,
  "maxrpm": 500.0,
  "handbrake": false,
  "kinematics_estimated": {
    "position": {
      "x_val": 14.175731658935547,
      "y_val": 1.4439525604248047,
      "z_val": -0.8514705300331116
    },
    "orientation": {
      "x_val": -0.08287416398525238,
      "y_val": 0.17183105647563934,
      "z_val": -0.4263617992401123,
      "w_val": 0.8842067718505859
    },
    "linear_velocity": {
      "x_val": 0.31942248344421387,
      "y_val": -0.6951780319213867,
      "z_val": -0.12905500829219818
    },
    "angular_velocity": {
      "x_val": -0.0016196966171264648,
      "y_val": 0.0009506493806838989,
      "z_val": -0.6364443898200989
    },
    "linear_acceleration": {
      "x_val": -1.2449078559875488,
      "y_val": 1.1575063467025757,
      "z_val": 0.5028879046440125
    },
    "angular_acceleration": {
      "x_val": -0.010273178108036518,
      "y_val": -0.030897166579961777,
      "z_val": 2.039111852645874
    }
  },
  "timestamp": 1747814756636979000
}