{
  "speed": 0.8277155756950378,
  "gear": 1,
  "rpm": 495.9889831542969,
  "maxrpm": 500.0,
  "handbrake": false,
  "kinematics_estimated": {
    "position": {
      "x_val": 14.238828659057617,
      "y_val": 1.3003064393997192,
      "z_val": -0.8769841194152832
    },
    "orientation": {
      "x_val": -0.0951584130525589,
      "y_val": 0.1653415709733963,
      "z_val": -0.48946574330329895,
      "w_val": 0.8508996963500977
    },
    "linear_velocity": {
      "x_val": 0.2362070381641388,
      "y_val": -0.809357225894928,
      "z_val": -0.09542936831712723
    },
    "angular_velocity": {
      "x_val": -0.0024226605892181396,
      "y_val": 0.0024304986000061035,
      "z_val": -0.870046854019165
    },
    "linear_acceleration": {
      "x_val": -1.0719728469848633,
      "y_val": 1.3256281614303589,
      "z_val": 0.42933833599090576
    },
    "angular_acceleration": {
      "x_val": -0.3679214417934418,
      "y_val": 0.36470067501068115,
      "z_val": -3.1935954093933105
    }
  },
  "timestamp": 1747814756824655300
}