{
  "speed": 0.7762912511825562,
  "gear": 1,
  "rpm": 497.3380126953125,
  "maxrpm": 500.0,
  "handbrake": false,
  "kinematics_estimated": {
    "position": {
      "x_val": 14.282207489013672,
      "y_val": 1.139013648033142,
      "z_val": -0.8945187330245972
    },
    "orientation": {
      "x_val": -0.10766511410474777,
      "y_val": 0.157510444521904,
      "z_val": -0.553761899471283,
      "w_val": 0.8105223178863525
    },
    "linear_velocity": {
      "x_val": 0.10920170694589615,
      "y_val": -0.787339985370636,
      "z_val": -0.04411931335926056
    },
    "angular_velocity": {
      "x_val": -0.0023209601640701294,
      "y_val": 0.00030681490898132324,
      "z_val": -0.7736772298812866
    },
    "linear_acceleration": {
      "x_val": -0.882805585861206,
      "y_val": 0.9112434387207031,
      "z_val": 0.3564920127391815
    },
    "angular_acceleration": {
      "x_val": -0.025240756571292877,
      "y_val": -0.05337883159518242,
      "z_val": -5.1812825202941895
    }
  },
  "timestamp": 1747814757024752900
}