{
  "speed": 0.8056154251098633,
  "gear": 1,
  "rpm": 498.6126403808594,
  "maxrpm": 500.0,
  "handbrake": false,
  "kinematics_estimated": {
    "position": {
      "x_val": 14.303638458251953,
      "y_val": 0.986334502696991,
      "z_val": -0.9032107591629028
    },
    "orientation": {
      "x_val": -0.11767527461051941,
      "y_val": 0.15019425749778748,
      "z_val": -0.605158805847168,
      "w_val": 0.772901713848114
    },
    "linear_velocity": {
      "x_val": 0.01684887334704399,
      "y_val": -0.8253529667854309,
      "z_val": -0.0068058050237596035
    },
    "angular_velocity": {
      "x_val": -0.002072244882583618,
      "y_val": -0.00019215047359466553,
      "z_val": -0.6209509372711182
    },
    "linear_acceleration": {
      "x_val": -0.6698930263519287,
      "y_val": 0.47229769825935364,
      "z_val": 0.27049168944358826
    },
    "angular_acceleration": {
      "x_val": -0.009690482169389725,
      "y_val": -0.042130496352910995,
      "z_val": 1.1107714176177979
    }
  },
  "timestamp": 1747814757209884500
}