{
  "speed": 0.8956739902496338,
  "gear": 1,
  "rpm": 499.37554931640625,
  "maxrpm": 500.0,
  "handbrake": false,
  "kinematics_estimated": {
    "position": {
      "x_val": 14.305438995361328,
      "y_val": 0.8022494912147522,
      "z_val": -0.9039080739021301
    },
    "orientation": {
      "x_val": -0.12872979044914246,
      "y_val": 0.14085479080677032,
      "z_val": -0.6620491147041321,
      "w_val": 0.7247617244720459
    },
    "linear_velocity": {
      "x_val": -0.08412892371416092,
      "y_val": -0.9075649976730347,
      "z_val": 0.03399994596838951
    },
    "angular_velocity": {
      "x_val": -0.0012869145721197128,
      "y_val": 0.001402735710144043,
      "z_val": -0.6005146503448486
    },
    "linear_acceleration": {
      "x_val": -0.34156715869903564,
      "y_val": 0.22164283692836761,
      "z_val": 0.13840046525001526
    },
    "angular_acceleration": {
      "x_val": 0.05926378816366196,
      "y_val": 0.09395726025104523,
      "z_val": 7.707210063934326
    }
  },
  "timestamp": 1747814757409295400
}