{
  "speed": 0.897764265537262,
  "gear": 1,
  "rpm": 499.7064514160156,
  "maxrpm": 500.0,
  "handbrake": false,
  "kinematics_estimated": {
    "position": {
      "x_val": 14.28898811340332,
      "y_val": 0.6414156556129456,
      "z_val": -0.8973093628883362
    },
    "orientation": {
      "x_val": -0.13709118962287903,
      "y_val": 0.13275523483753204,
      "z_val": -0.7049499750137329,
      "w_val": 0.6831014752388
    },
    "linear_velocity": {
      "x_val": -0.18436969816684723,
      "y_val": -0.8919436931610107,
      "z_val": 0.07448848336935043
    },
    "angular_velocity": {
      "x_val": -0.0024084607139229774,
      "y_val": -0.001230478286743164,
      "z_val": -0.6807039976119995
    },
    "linear_acceleration": {
      "x_val": -0.6376747488975525,
      "y_val": -0.022268326953053474,
      "z_val": 0.25695744156837463
    },
    "angular_acceleration": {
      "x_val": -0.06333977729082108,
      "y_val": -0.13664643466472626,
      "z_val": -3.4862663745880127
    }
  },
  "timestamp": 1747814757591535200
}