{
  "speed": 1.0589380264282227,
  "gear": 1,
  "rpm": 498.08172607421875,
  "maxrpm": 500.0,
  "handbrake": false,
  "kinematics_estimated": {
    "position": {
      "x_val": 1.3660262823104858,
      "y_val": -0.02665790729224682,
      "z_val": 0.026110516861081123
    },
    "orientation": {
      "x_val": -4.487259957386414e-06,
      "y_val": -6.080671664676629e-05,
      "z_val": -0.07523329555988312,
      "w_val": 0.9971659779548645
    },
    "linear_velocity": {
      "x_val": 1.045593500137329,
      "y_val": -0.16782672703266144,
      "z_val": -1.1607179658312816e-05
    },
    "angular_velocity": {
      "x_val": -2.0468462025746703e-05,
      "y_val": -0.001955031417310238,
      "z_val": -0.14432699978351593
    },
    "linear_acceleration": {
      "x_val": -0.019120458513498306,
      "y_val": -0.03626563400030136,
      "z_val": -0.0007467863033525646
    },
    "angular_acceleration": {
      "x_val": 4.0401966543868184e-05,
      "y_val": -0.11196468025445938,
      "z_val": -0.4194982945919037
    }
  },
  "timestamp": 1747814736695062400
}