{
  "speed": 0.9494529366493225,
  "gear": 1,
  "rpm": 499.87432861328125,
  "maxrpm": 500.0,
  "handbrake": false,
  "kinematics_estimated": {
    "position": {
      "x_val": 14.249539375305176,
      "y_val": 0.45740067958831787,
      "z_val": -0.8813538551330566
    },
    "orientation": {
      "x_val": -0.14237193763256073,
      "y_val": 0.1270812749862671,
      "z_val": -0.732140302658081,
      "w_val": 0.6538739800453186
    },
    "linear_velocity": {
      "x_val": -0.24049504101276398,
      "y_val": -0.9261366128921509,
      "z_val": 0.09716691821813583
    },
    "angular_velocity": {
      "x_val": -0.00030362047255039215,
      "y_val": -2.3789703845977783e-05,
      "z_val": -0.24374094605445862
    },
    "linear_acceleration": {
      "x_val": -0.1034904196858406,
      "y_val": -0.23519709706306458,
      "z_val": 0.04131974279880524
    },
    "angular_acceleration": {
      "x_val": -0.028561491519212723,
      "y_val": -0.07483604550361633,
      "z_val": 1.415136694908142
    }
  },
  "timestamp": 1747814757793116600
}