{
  "speed": 1.0198646783828735,
  "gear": 1,
  "rpm": 499.9425964355469,
  "maxrpm": 500.0,
  "handbrake": false,
  "kinematics_estimated": {
    "position": {
      "x_val": 14.202301979064941,
      "y_val": 0.27872008085250854,
      "z_val": -0.8622898459434509
    },
    "orientation": {
      "x_val": -0.14529949426651,
      "y_val": 0.12373313307762146,
      "z_val": -0.7471567988395691,
      "w_val": 0.6366591453552246
    },
    "linear_velocity": {
      "x_val": -0.290127158164978,
      "y_val": -0.9826570153236389,
      "z_val": 0.11722324043512344
    },
    "angular_velocity": {
      "x_val": -0.0001130569726228714,
      "y_val": 0.00037766993045806885,
      "z_val": -0.2680392265319824
    },
    "linear_acceleration": {
      "x_val": -0.23668406903743744,
      "y_val": -0.39501261711120605,
      "z_val": 0.09609174728393555
    },
    "angular_acceleration": {
      "x_val": 0.031082570552825928,
      "y_val": 0.07556357234716415,
      "z_val": -0.6510369181632996
    }
  },
  "timestamp": 1747814757976023400
}