{
  "speed": 1.1208280324935913,
  "gear": 1,
  "rpm": 499.9756774902344,
  "maxrpm": 500.0,
  "handbrake": false,
  "kinematics_estimated": {
    "position": {
      "x_val": 14.140050888061523,
      "y_val": 0.06817210465669632,
      "z_val": -0.8371431827545166
    },
    "orientation": {
      "x_val": -0.14823907613754272,
      "y_val": 0.1202009990811348,
      "z_val": -0.7622663378715515,
      "w_val": 0.6184875965118408
    },
    "linear_velocity": {
      "x_val": -0.35139623284339905,
      "y_val": -1.06560218334198,
      "z_val": 0.14198105037212372
    },
    "angular_velocity": {
      "x_val": 0.00014538690447807312,
      "y_val": 0.0009590461850166321,
      "z_val": -0.23292681574821472
    },
    "linear_acceleration": {
      "x_val": -0.19185303151607513,
      "y_val": -0.4703115224838257,
      "z_val": 0.07795413583517075
    },
    "angular_acceleration": {
      "x_val": 0.032618436962366104,
      "y_val": 0.0814238116145134,
      "z_val": 1.1324156522750854
    }
  },
  "timestamp": 1747814758181460700
}