{
  "speed": 1.2271888256072998,
  "gear": 1,
  "rpm": 499.9883728027344,
  "maxrpm": 500.0,
  "handbrake": false,
  "kinematics_estimated": {
    "position": {
      "x_val": 14.07587718963623,
      "y_val": -0.12897449731826782,
      "z_val": -0.8112021088600159
    },
    "orientation": {
      "x_val": -0.15063299238681793,
      "y_val": 0.11718475073575974,
      "z_val": -0.7746094465255737,
      "w_val": 0.6029574275016785
    },
    "linear_velocity": {
      "x_val": -0.40850192308425903,
      "y_val": -1.1543635129928589,
      "z_val": 0.16505959630012512
    },
    "angular_velocity": {
      "x_val": 0.0005819611251354218,
      "y_val": 0.0020951926708221436,
      "z_val": -0.2356533408164978
    },
    "linear_acceleration": {
      "x_val": -0.14121977984905243,
      "y_val": -0.6135915517807007,
      "z_val": 0.058100949972867966
    },
    "angular_acceleration": {
      "x_val": 0.07622940838336945,
      "y_val": 0.19921757280826569,
      "z_val": 1.6948864459991455
    }
  },
  "timestamp": 1747814758357413600
}