{
  "speed": 1.3744802474975586,
  "gear": 1,
  "rpm": 499.9950866699219,
  "maxrpm": 500.0,
  "handbrake": false,
  "kinematics_estimated": {
    "position": {
      "x_val": 13.984678268432617,
      "y_val": -0.38065105676651,
      "z_val": -0.7743600606918335
    },
    "orientation": {
      "x_val": -0.15334834158420563,
      "y_val": 0.11361272633075714,
      "z_val": -0.7885683178901672,
      "w_val": 0.5845822691917419
    },
    "linear_velocity": {
      "x_val": -0.49580687284469604,
      "y_val": -1.2740472555160522,
      "z_val": 0.200334370136261
    },
    "angular_velocity": {
      "x_val": 0.0005205739289522171,
      "y_val": 0.0019652917981147766,
      "z_val": -0.1939077228307724
    },
    "linear_acceleration": {
      "x_val": -0.14180469512939453,
      "y_val": -0.6008089184761047,
      "z_val": 0.058272331953048706
    },
    "angular_acceleration": {
      "x_val": 0.0635460689663887,
      "y_val": 0.17179445922374725,
      "z_val": 3.372267246246338
    }
  },
  "timestamp": 1747814758564262300
}