{
  "speed": 1.5250418186187744,
  "gear": 1,
  "rpm": 499.9977111816406,
  "maxrpm": 500.0,
  "handbrake": false,
  "kinematics_estimated": {
    "position": {
      "x_val": 13.887860298156738,
      "y_val": -0.6253936886787415,
      "z_val": -0.7353410720825195
    },
    "orientation": {
      "x_val": -0.15565519034862518,
      "y_val": 0.11046722531318665,
      "z_val": -0.8002691864967346,
      "w_val": 0.568452000617981
    },
    "linear_velocity": {
      "x_val": -0.592208206653595,
      "y_val": -1.3923699855804443,
      "z_val": 0.23925529420375824
    },
    "angular_velocity": {
      "x_val": -0.0011197328567504883,
      "y_val": -0.002786993980407715,
      "z_val": -0.2435554713010788
    },
    "linear_acceleration": {
      "x_val": -0.9652923941612244,
      "y_val": -0.6422861814498901,
      "z_val": 0.389017254114151
    },
    "angular_acceleration": {
      "x_val": -0.0592399425804615,
      "y_val": -0.1707312911748886,
      "z_val": -2.92641282081604
    }
  },
  "timestamp": 1747814758748814800
}