{
  "speed": 1.7141799926757812,
  "gear": 1,
  "rpm": 499.9990234375,
  "maxrpm": 500.0,
  "handbrake": false,
  "kinematics_estimated": {
    "position": {
      "x_val": 13.759209632873535,
      "y_val": -0.9241320490837097,
      "z_val": -0.6833613514900208
    },
    "orientation": {
      "x_val": -0.1580483466386795,
      "y_val": 0.10701654106378555,
      "z_val": -0.8125877976417542,
      "w_val": 0.5506988763809204
    },
    "linear_velocity": {
      "x_val": -0.7088307738304138,
      "y_val": -1.5405638217926025,
      "z_val": 0.28638023138046265
    },
    "angular_velocity": {
      "x_val": -0.0006552860140800476,
      "y_val": -0.0016673728823661804,
      "z_val": -0.22130006551742554
    },
    "linear_acceleration": {
      "x_val": -0.9660360813140869,
      "y_val": -0.6871824860572815,
      "z_val": 0.39026567339897156
    },
    "angular_acceleration": {
      "x_val": -0.00852767750620842,
      "y_val": -0.0268398467451334,
      "z_val": -1.4309029579162598
    }
  },
  "timestamp": 1747814758948978100
}