{
  "speed": 1.9363802671432495,
  "gear": 1,
  "rpm": 499.9996032714844,
  "maxrpm": 500.0,
  "handbrake": false,
  "kinematics_estimated": {
    "position": {
      "x_val": 13.597250938415527,
      "y_val": -1.2664908170700073,
      "z_val": -0.617864191532135
    },
    "orientation": {
      "x_val": -0.16039904952049255,
      "y_val": 0.10343839973211288,
      "z_val": -0.8247854113578796,
      "w_val": 0.5322608947753906
    },
    "linear_velocity": {
      "x_val": -0.8527402877807617,
      "y_val": -1.709269404411316,
      "z_val": 0.3445380628108978
    },
    "angular_velocity": {
      "x_val": 0.00017151981592178345,
      "y_val": 0.0011357516050338745,
      "z_val": -0.1812463402748108
    },
    "linear_acceleration": {
      "x_val": -0.4546675980091095,
      "y_val": -0.7815226912498474,
      "z_val": 0.18386179208755493
    },
    "angular_acceleration": {
      "x_val": 0.010802379809319973,
      "y_val": 0.03452412411570549,
      "z_val": 2.334066867828369
    }
  },
  "timestamp": 1747814759162217700
}