{
  "speed": 2.1807825565338135,
  "gear": 1,
  "rpm": 499.9998474121094,
  "maxrpm": 500.0,
  "handbrake": false,
  "kinematics_estimated": {
    "position": {
      "x_val": 13.420377731323242,
      "y_val": -1.604015588760376,
      "z_val": -0.5440889596939087
    },
    "orientation": {
      "x_val": -0.17074008285999298,
      "y_val": 0.07241033762693405,
      "z_val": -0.836911678314209,
      "w_val": 0.5149596333503723
    },
    "linear_velocity": {
      "x_val": -1.0586146116256714,
      "y_val": -1.8537101745605469,
      "z_val": 0.48150596022605896
    },
    "angular_velocity": {
      "x_val": 0.5427019596099854,
      "y_val": -0.6261407136917114,
      "z_val": -0.43935805559158325
    },
    "linear_acceleration": {
      "x_val": -1.5636253356933594,
      "y_val": -0.884437084197998,
      "z_val": 1.0559288263320923
    },
    "angular_acceleration": {
      "x_val": 9.3306303024292,
      "y_val": -10.89118766784668,
      "z_val": -6.268993377685547
    }
  },
  "timestamp": 1747814759343327700
}