{
  "speed": 2.850432872772217,
  "gear": 1,
  "rpm": 499.9998779296875,
  "maxrpm": 500.0,
  "handbrake": false,
  "kinematics_estimated": {
    "position": {
      "x_val": 13.187872886657715,
      "y_val": -2.0063588619232178,
      "z_val": -0.3167102038860321
    },
    "orientation": {
      "x_val": -0.30732083320617676,
      "y_val": -0.010571162216365337,
      "z_val": -0.8282437920570374,
      "w_val": 0.4684595763683319
    },
    "linear_velocity": {
      "x_val": -1.1511170864105225,
      "y_val": -1.9068639278411865,
      "z_val": 1.839495062828064
    },
    "angular_velocity": {
      "x_val": 0.682898223400116,
      "y_val": -2.5521113872528076,
      "z_val": -0.8308007121086121
    },
    "linear_acceleration": {
      "x_val": 0.08831724524497986,
      "y_val": -0.2437366098165512,
      "z_val": 7.892444610595703
    },
    "angular_acceleration": {
      "x_val": 27.193119049072266,
      "y_val": -8.514740943908691,
      "z_val": -0.4772702753543854
    }
  },
  "timestamp": 1747814759554275800
}