{
  "speed": 1.056919813156128,
  "gear": 1,
  "rpm": 499.1900939941406,
  "maxrpm": 500.0,
  "handbrake": false,
  "kinematics_estimated": {
    "position": {
      "x_val": 1.5808014869689941,
      "y_val": -0.060026396065950394,
      "z_val": 0.02610328234732151
    },
    "orientation": {
      "x_val": -4.921671461488586e-06,
      "y_val": -5.483000859385356e-05,
      "z_val": -0.09928103536367416,
      "w_val": 0.9950594305992126
    },
    "linear_velocity": {
      "x_val": 1.0354888439178467,
      "y_val": -0.21178115904331207,
      "z_val": -3.476134452284896e-06
    },
    "angular_velocity": {
      "x_val": -4.7444598749279976e-05,
      "y_val": -0.0001902830699691549,
      "z_val": -0.3769906759262085
    },
    "linear_acceleration": {
      "x_val": -0.09148134291172028,
      "y_val": -0.42576614022254944,
      "z_val": -0.00032498352811671793
    },
    "angular_acceleration": {
      "x_val": -0.0006679357611574233,
      "y_val": -0.03771638870239258,
      "z_val": 0.10679941624403
    }
  },
  "timestamp": 1747814736911617800
}