{
  "speed": 0.6137391328811646,
  "gear": 1,
  "rpm": 499.9998779296875,
  "maxrpm": 500.0,
  "handbrake": false,
  "kinematics_estimated": {
    "position": {
      "x_val": 13.098052024841309,
      "y_val": -2.2955760955810547,
      "z_val": -0.1319400519132614
    },
    "orientation": {
      "x_val": -0.23297755420207977,
      "y_val": -0.28533458709716797,
      "z_val": -0.803436815738678,
      "w_val": 0.46775516867637634
    },
    "linear_velocity": {
      "x_val": -0.005448930896818638,
      "y_val": -1.0362815856933594,
      "z_val": -0.04654688388109207
    },
    "angular_velocity": {
      "x_val": 4.105563640594482,
      "y_val": 2.3944153785705566,
      "z_val": -0.6237805485725403
    },
    "linear_acceleration": {
      "x_val": 0.00011055990034947172,
      "y_val": 0.011653353460133076,
      "z_val": 10.947301864624023
    },
    "angular_acceleration": {
      "x_val": 47.20431137084961,
      "y_val": 27.552244186401367,
      "z_val": -7.497433185577393
    }
  },
  "timestamp": 1747814759733811800
}