{
  "speed": 0.9558274149894714,
  "gear": 1,
  "rpm": 499.99993896484375,
  "maxrpm": 500.0,
  "handbrake": false,
  "kinematics_estimated": {
    "position": {
      "x_val": 13.076729774475098,
      "y_val": -2.450618267059326,
      "z_val": -0.06461643427610397
    },
    "orientation": {
      "x_val": -0.0008658065344206989,
      "y_val": -0.1536521464586258,
      "z_val": -0.7937061786651611,
      "w_val": 0.5885751843452454
    },
    "linear_velocity": {
      "x_val": -0.13432689011096954,
      "y_val": -0.8546167612075806,
      "z_val": 0.6382418870925903
    },
    "angular_velocity": {
      "x_val": -1.2963987588882446,
      "y_val": 3.1240696907043457,
      "z_val": 0.9974327683448792
    },
    "linear_acceleration": {
      "x_val": -0.9012998938560486,
      "y_val": 1.5345028638839722,
      "z_val": 4.776510238647461
    },
    "angular_acceleration": {
      "x_val": -12.897579193115234,
      "y_val": -14.054754257202148,
      "z_val": -0.9545804858207703
    }
  },
  "timestamp": 1747814759925918100
}