{
  "speed": 0.14002598822116852,
  "gear": 1,
  "rpm": 349.04290771484375,
  "maxrpm": 500.0,
  "handbrake": false,
  "kinematics_estimated": {
    "position": {
      "x_val": 13.03303050994873,
      "y_val": -2.5520834922790527,
      "z_val": 0.022859029471874237
    },
    "orientation": {
      "x_val": -0.004910125397145748,
      "y_val": -0.004478451330214739,
      "z_val": -0.7371323704719543,
      "w_val": 0.6757156848907471
    },
    "linear_velocity": {
      "x_val": -0.0017330768750980496,
      "y_val": -0.14071907103061676,
      "z_val": -0.022589974105358124
    },
    "angular_velocity": {
      "x_val": 0.0034141805954277515,
      "y_val": -0.1313997507095337,
      "z_val": 0.07838175445795059
    },
    "linear_acceleration": {
      "x_val": 0.5046265125274658,
      "y_val": 3.587111473083496,
      "z_val": 0.4744999408721924
    },
    "angular_acceleration": {
      "x_val": -0.03773213550448418,
      "y_val": 2.9536097049713135,
      "z_val": -5.950603485107422
    }
  },
  "timestamp": 1747814760129707600
}