{
  "speed": 0.0012108890805393457,
  "gear": 1,
  "rpm": 179.6116943359375,
  "maxrpm": 500.0,
  "handbrake": false,
  "kinematics_estimated": {
    "position": {
      "x_val": 13.033287048339844,
      "y_val": -2.556385040283203,
      "z_val": 0.026171816512942314
    },
    "orientation": {
      "x_val": -3.256244235672057e-05,
      "y_val": -2.9872202503611334e-05,
      "z_val": -0.7366697192192078,
      "w_val": 0.6762527227401733
    },
    "linear_velocity": {
      "x_val": 0.0009821129497140646,
      "y_val": -0.0012994688004255295,
      "z_val": 1.2596125998243224e-05
    },
    "angular_velocity": {
      "x_val": 1.2458676224014198e-07,
      "y_val": 0.001679160981439054,
      "z_val": 0.001174928154796362
    },
    "linear_acceleration": {
      "x_val": -0.028545286506414413,
      "y_val": 0.04302944242954254,
      "z_val": 0.001022728974930942
    },
    "angular_acceleration": {
      "x_val": -0.0010013009887188673,
      "y_val": 0.14422734081745148,
      "z_val": -0.035001810640096664
    }
  },
  "timestamp": 1747814760308819800
}