{
  "speed": -0.0,
  "gear": 1,
  "rpm": 96.86319732666016,
  "maxrpm": 500.0,
  "handbrake": false,
  "kinematics_estimated": {
    "position": {
      "x_val": 13.033352851867676,
      "y_val": -2.5564281940460205,
      "z_val": 0.026137670502066612
    },
    "orientation": {
      "x_val": -3.9246846426976845e-05,
      "y_val": -3.599500632844865e-05,
      "z_val": -0.7366639971733093,
      "w_val": 0.67625892162323
    },
    "linear_velocity": {
      "x_val": 0.0,
      "y_val": 0.0,
      "z_val": -0.0
    },
    "angular_velocity": {
      "x_val": 0.0,
      "y_val": 0.0,
      "z_val": 0.0
    },
    "linear_acceleration": {
      "x_val": -0.02021460048854351,
      "y_val": 0.0034201599191874266,
      "z_val": 0.00013309768110048026
    },
    "angular_acceleration": {
      "x_val": 0.00019050875562243164,
      "y_val": 0.01755204237997532,
      "z_val": 0.0007507191621698439
    }
  },
  "timestamp": 1747814760482516700
}