{
  "speed": 1.106672158357469e-07,
  "gear": 1,
  "rpm": 52.43885040283203,
  "maxrpm": 500.0,
  "handbrake": false,
  "kinematics_estimated": {
    "position": {
      "x_val": 13.03336238861084,
      "y_val": -2.556429147720337,
      "z_val": 0.026180874556303024
    },
    "orientation": {
      "x_val": -3.065132841584273e-05,
      "y_val": -2.809540274029132e-05,
      "z_val": -0.7366640567779541,
      "w_val": 0.6762588620185852
    },
    "linear_velocity": {
      "x_val": -9.382773669130984e-09,
      "y_val": -1.0953451834438965e-07,
      "z_val": 8.797015652817208e-06
    },
    "angular_velocity": {
      "x_val": -1.1201844074548717e-07,
      "y_val": 0.000990603817626834,
      "z_val": 6.212944048122893e-11
    },
    "linear_acceleration": {
      "x_val": -8.99609517546196e-07,
      "y_val": -1.0502043551241513e-05,
      "z_val": 0.00017958575335796922
    },
    "angular_acceleration": {
      "x_val": 3.657060858586192e-07,
      "y_val": 0.012636305764317513,
      "z_val": 8.698948228413883e-10
    }
  },
  "timestamp": 1747814760693614000
}