{
  "speed": 2.7289195259072585e-07,
  "gear": 1,
  "rpm": 33.763397216796875,
  "maxrpm": 500.0,
  "handbrake": false,
  "kinematics_estimated": {
    "position": {
      "x_val": 13.03336238861084,
      "y_val": -2.556429386138916,
      "z_val": 0.026151185855269432
    },
    "orientation": {
      "x_val": -3.646388358902186e-05,
      "y_val": -3.3433523640269414e-05,
      "z_val": -0.7366640567779541,
      "w_val": 0.6762588620185852
    },
    "linear_velocity": {
      "x_val": -2.3327638487558033e-08,
      "y_val": -2.723269290072494e-07,
      "z_val": -4.369278030935675e-06
    },
    "angular_velocity": {
      "x_val": 1.4537272363668308e-07,
      "y_val": -0.0005021896213293076,
      "z_val": -2.9879855534264976e-11
    },
    "linear_acceleration": {
      "x_val": -2.0397208118083654e-06,
      "y_val": -2.3811706341803074e-05,
      "z_val": -0.0006240454385988414
    },
    "angular_acceleration": {
      "x_val": 1.6697515093255788e-05,
      "y_val": -0.07551553100347519,
      "z_val": -4.681916632165439e-09
    }
  },
  "timestamp": 1747814760896217200
}