{
  "speed": -6.1290278408066e-10,
  "gear": 1,
  "rpm": 26.53289222717285,
  "maxrpm": 500.0,
  "handbrake": false,
  "kinematics_estimated": {
    "position": {
      "x_val": 13.03336238861084,
      "y_val": -2.556429624557495,
      "z_val": 0.026124438270926476
    },
    "orientation": {
      "x_val": -4.18978015659377e-05,
      "y_val": -3.842339356197044e-05,
      "z_val": -0.7366640567779541,
      "w_val": 0.6762588620185852
    },
    "linear_velocity": {
      "x_val": 0.0,
      "y_val": 0.0,
      "z_val": -5.390642854763428e-06
    },
    "angular_velocity": {
      "x_val": -1.2607530663899524e-07,
      "y_val": 0.0006027776980772614,
      "z_val": 3.45117441569176e-11
    },
    "linear_acceleration": {
      "x_val": 0.0,
      "y_val": 0.0,
      "z_val": -0.0002552109945099801
    },
    "angular_acceleration": {
      "x_val": -5.96882500758511e-06,
      "y_val": 0.028537504374980927,
      "z_val": 1.6339009034638252e-09
    }
  },
  "timestamp": 1747814761076079800
}