{
  "speed": -4.1869341771416657e-07,
  "gear": 1,
  "rpm": 23.110315322875977,
  "maxrpm": 500.0,
  "handbrake": false,
  "kinematics_estimated": {
    "position": {
      "x_val": 13.03336238861084,
      "y_val": -2.556429386138916,
      "z_val": 0.02616424858570099
    },
    "orientation": {
      "x_val": -3.4086519008269534e-05,
      "y_val": -3.1249386665876955e-05,
      "z_val": -0.7366640567779541,
      "w_val": 0.6762588620185852
    },
    "linear_velocity": {
      "x_val": 3.58199088168476e-08,
      "y_val": 4.1816170437414257e-07,
      "z_val": 1.0809292689373251e-05
    },
    "angular_velocity": {
      "x_val": -3.558178605089779e-07,
      "y_val": 0.0014529387699440122,
      "z_val": 9.011164731065335e-11
    },
    "linear_acceleration": {
      "x_val": 2.183958486057236e-06,
      "y_val": 2.5495539375697263e-05,
      "z_val": 0.001095763174816966
    },
    "angular_acceleration": {
      "x_val": -3.3045267628040165e-05,
      "y_val": 0.16044719517230988,
      "z_val": 9.323316341180998e-09
    }
  },
  "timestamp": 1747814761246551000
}