{
  "speed": -3.851476435556833e-07,
  "gear": 1,
  "rpm": 21.33305549621582,
  "maxrpm": 500.0,
  "handbrake": false,
  "kinematics_estimated": {
    "position": {
      "x_val": 13.03336238861084,
      "y_val": -2.556429624557495,
      "z_val": 0.026125064119696617
    },
    "orientation": {
      "x_val": -4.2010087781818584e-05,
      "y_val": -3.852439112961292e-05,
      "z_val": -0.7366640567779541,
      "w_val": 0.6762588620185852
    },
    "linear_velocity": {
      "x_val": 3.2928710425039753e-08,
      "y_val": 3.844099012439983e-07,
      "z_val": 5.8775985962711275e-06
    },
    "angular_velocity": {
      "x_val": -3.1461982530345267e-07,
      "y_val": 0.0008776003960520029,
      "z_val": 5.293801855210667e-11
    },
    "linear_acceleration": {
      "x_val": 5.955006372460048e-07,
      "y_val": 6.951878731342731e-06,
      "z_val": 0.0005703212809748948
    },
    "angular_acceleration": {
      "x_val": -2.2077441826695576e-05,
      "y_val": 0.08524695038795471,
      "z_val": 4.877148906956563e-09
    }
  },
  "timestamp": 1747814761449705000
}