{
  "speed": 1.0558446645736694,
  "gear": 1,
  "rpm": 499.64227294921875,
  "maxrpm": 500.0,
  "handbrake": false,
  "kinematics_estimated": {
    "position": {
      "x_val": 1.78085458278656,
      "y_val": -0.10479510575532913,
      "z_val": 0.026111697778105736
    },
    "orientation": {
      "x_val": -7.0689802669221535e-06,
      "y_val": -5.199183215154335e-05,
      "z_val": -0.14476235210895538,
      "w_val": 0.9894664287567139
    },
    "linear_velocity": {
      "x_val": 1.009124994277954,
      "y_val": -0.3107231557369232,
      "z_val": -5.090451395517448e-06
    },
    "angular_velocity": {
      "x_val": -4.155705755692907e-05,
      "y_val": -0.0005201038438826799,
      "z_val": -0.46712934970855713
    },
    "linear_acceleration": {
      "x_val": -0.13848887383937836,
      "y_val": -0.44238388538360596,
      "z_val": -7.120091322576627e-05
    },
    "angular_acceleration": {
      "x_val": 0.00026672802050597966,
      "y_val": -0.006902753375470638,
      "z_val": -1.3820921182632446
    }
  },
  "timestamp": 1747814737099759600
}