{
  "speed": 5.753809091402218e-07,
  "gear": 1,
  "rpm": 20.58220100402832,
  "maxrpm": 500.0,
  "handbrake": false,
  "kinematics_estimated": {
    "position": {
      "x_val": 13.03336238861084,
      "y_val": -2.556429386138916,
      "z_val": 0.026141539216041565
    },
    "orientation": {
      "x_val": -3.8331163523253053e-05,
      "y_val": -3.514847412589006e-05,
      "z_val": -0.7366640567779541,
      "w_val": 0.6762588620185852
    },
    "linear_velocity": {
      "x_val": -4.918935303521721e-08,
      "y_val": -5.742366511185537e-07,
      "z_val": -9.217824299412314e-06
    },
    "angular_velocity": {
      "x_val": 2.3611917754351452e-07,
      "y_val": -0.0011709717800840735,
      "z_val": -6.831715054778087e-11
    },
    "linear_acceleration": {
      "x_val": -2.162996679544449e-06,
      "y_val": -2.5250828912248835e-05,
      "z_val": -0.0009977194713428617
    },
    "angular_acceleration": {
      "x_val": 1.7709315216052346e-05,
      "y_val": -0.09944931417703629,
      "z_val": -6.059618140596967e-09
    }
  },
  "timestamp": 1747814761651132600
}