{
  "speed": -0.0,
  "gear": 1,
  "rpm": 20.274404525756836,
  "maxrpm": 500.0,
  "handbrake": false,
  "kinematics_estimated": {
    "position": {
      "x_val": 13.03336238861084,
      "y_val": -2.556429624557495,
      "z_val": 0.026129253208637238
    },
    "orientation": {
      "x_val": -4.0878607251215726e-05,
      "y_val": -3.748798917513341e-05,
      "z_val": -0.7366640567779541,
      "w_val": 0.6762588620185852
    },
    "linear_velocity": {
      "x_val": 0.0,
      "y_val": 0.0,
      "z_val": -0.0
    },
    "angular_velocity": {
      "x_val": 0.0,
      "y_val": 0.0,
      "z_val": 0.0
    },
    "linear_acceleration": {
      "x_val": 2.076705186482286e-06,
      "y_val": 2.424346712359693e-05,
      "z_val": 0.0003791209019254893
    },
    "angular_acceleration": {
      "x_val": -1.041507493937388e-05,
      "y_val": 0.05349702015519142,
      "z_val": 3.045819374491998e-09
    }
  },
  "timestamp": 1747814761828529100
}