{
  "has_collided": false,
  "penetration_depth": -0.028482912108302116,
  "time_stamp": 1747814759658411000,
  "normal": {
    "x_val": -1.1102230246251565e-16,
    "y_val": 2.7755575615628914e-17,
    "z_val": -1.0
  },
  "impact_point": {
    "x_val": 13.068428039550781,
    "y_val": -2.6042544841766357,
    "z_val": 0.2932414710521698
  },
  "position": {
    "x_val": 13.090447425842285,
    "y_val": -2.2322518825531006,
    "z_val": -0.12856578826904297
  },
  "object_name": "Ground",
  "object_id": 0
}