{
  "speed": 2.488534676103882e-07,
  "gear": 1,
  "rpm": 20.1237850189209,
  "maxrpm": 500.0,
  "handbrake": false,
  "kinematics_estimated": {
    "position": {
      "x_val": 13.03336238861084,
      "y_val": -2.556429624557495,
      "z_val": 0.026138832792639732
    },
    "orientation": {
      "x_val": -3.9121179725043476e-05,
      "y_val": -3.587318860809319e-05,
      "z_val": -0.7366640567779541,
      "w_val": 0.6762588620185852
    },
    "linear_velocity": {
      "x_val": -2.1217594792233285e-08,
      "y_val": -2.476943166129786e-07,
      "z_val": 2.374444193264935e-06
    },
    "angular_velocity": {
      "x_val": -5.0895501146897004e-08,
      "y_val": 0.00027579665766097605,
      "z_val": 1.6302308461502157e-11
    },
    "linear_acceleration": {
      "x_val": 1.0439969173603458e-06,
      "y_val": 1.2187622814963106e-05,
      "z_val": 0.00017021135136019439
    },
    "angular_acceleration": {
      "x_val": -8.766131031734403e-06,
      "y_val": 0.019896116107702255,
      "z_val": 1.1644708530766934e-09
    }
  },
  "timestamp": 1747814762021343000
}