{
  "speed": -3.379590225449647e-07,
  "gear": 1,
  "rpm": 20.052358627319336,
  "maxrpm": 500.0,
  "handbrake": false,
  "kinematics_estimated": {
    "position": {
      "x_val": 13.03336238861084,
      "y_val": -2.556429862976074,
      "z_val": 0.026095710694789886
    },
    "orientation": {
      "x_val": -4.7787310904823244e-05,
      "y_val": -4.383085615700111e-05,
      "z_val": -0.7366640567779541,
      "w_val": 0.6762588620185852
    },
    "linear_velocity": {
      "x_val": 2.8802539020489348e-08,
      "y_val": 3.362409586316062e-07,
      "z_val": -3.752671091206139e-06
    },
    "angular_velocity": {
      "x_val": 7.202907426062666e-08,
      "y_val": -0.0006545884534716606,
      "z_val": -3.662561226525085e-11
    },
    "linear_acceleration": {
      "x_val": 1.4437144955081749e-06,
      "y_val": 1.6853929992066696e-05,
      "z_val": 0.00020810295245610178
    },
    "angular_acceleration": {
      "x_val": -4.0708796404942404e-06,
      "y_val": 0.018085777759552002,
      "z_val": 1.0850763620950943e-09
    }
  },
  "timestamp": 1747814762226695900
}