{
  "speed": 2.6377389872322965e-07,
  "gear": 1,
  "rpm": 20.02410125732422,
  "maxrpm": 500.0,
  "handbrake": false,
  "kinematics_estimated": {
    "position": {
      "x_val": 13.03336238861084,
      "y_val": -2.556429862976074,
      "z_val": 0.026087479665875435
    },
    "orientation": {
      "x_val": -4.981422534910962e-05,
      "y_val": -4.5690059778280556e-05,
      "z_val": -0.7366640567779541,
      "w_val": 0.6762588620185852
    },
    "linear_velocity": {
      "x_val": -2.2391182241676688e-08,
      "y_val": -2.613947742702294e-07,
      "z_val": 1.051742128765909e-05
    },
    "angular_velocity": {
      "x_val": -2.800306333483604e-07,
      "y_val": 0.0013704064767807722,
      "z_val": 7.972827953395267e-11
    },
    "linear_acceleration": {
      "x_val": -8.206266102206428e-07,
      "y_val": -9.579996913089417e-06,
      "z_val": 0.00017768899851944298
    },
    "angular_acceleration": {
      "x_val": 7.414737865474308e-06,
      "y_val": 0.02080068551003933,
      "z_val": 1.441505581567526e-09
    }
  },
  "timestamp": 1747814762411845700
}