{
  "speed": -1.1982338321558927e-07,
  "gear": 1,
  "rpm": 20.010175704956055,
  "maxrpm": 500.0,
  "handbrake": false,
  "kinematics_estimated": {
    "position": {
      "x_val": 13.03336238861084,
      "y_val": -2.556429862976074,
      "z_val": 0.026080869138240814
    },
    "orientation": {
      "x_val": -5.1028531743213534e-05,
      "y_val": -4.6806300815660506e-05,
      "z_val": -0.7366640567779541,
      "w_val": 0.6762588620185852
    },
    "linear_velocity": {
      "x_val": 1.0285592821901446e-08,
      "y_val": 1.20074034271056e-07,
      "z_val": 4.985210125596495e-06
    },
    "angular_velocity": {
      "x_val": -1.8790366596022068e-07,
      "y_val": 0.0006966160726733506,
      "z_val": 3.897714442868683e-11
    },
    "linear_acceleration": {
      "x_val": 4.2774291841851664e-07,
      "y_val": 4.993471975467401e-06,
      "z_val": 0.00032543588895350695
    },
    "angular_acceleration": {
      "x_val": -1.9530039935489185e-05,
      "y_val": 0.057882048189640045,
      "z_val": 3.1079874229789084e-09
    }
  },
  "timestamp": 1747814762613600800
}