{
  "speed": -1.4279480931023159e-09,
  "gear": 1,
  "rpm": 20.004199981689453,
  "maxrpm": 500.0,
  "handbrake": false,
  "kinematics_estimated": {
    "position": {
      "x_val": 13.03336238861084,
      "y_val": -2.556429862976074,
      "z_val": 0.026094214990735054
    },
    "orientation": {
      "x_val": -4.793349580722861e-05,
      "y_val": -4.3967083911411464e-05,
      "z_val": -0.7366640567779541,
      "w_val": 0.6762588620185852
    },
    "linear_velocity": {
      "x_val": 0.0,
      "y_val": 0.0,
      "z_val": -1.0976784324157052e-05
    },
    "angular_velocity": {
      "x_val": -4.015318921801736e-08,
      "y_val": 0.0004816260770894587,
      "z_val": 2.5507734813245975e-11
    },
    "linear_acceleration": {
      "x_val": 0.0,
      "y_val": 0.0,
      "z_val": -0.0005048051243647933
    },
    "angular_acceleration": {
      "x_val": -1.84658233592927e-06,
      "y_val": 0.022149229422211647,
      "z_val": 1.1730607596405207e-09
    }
  },
  "timestamp": 1747814762821578100
}