{
  "speed": 1.0548149347305298,
  "gear": 1,
  "rpm": 499.8520202636719,
  "maxrpm": 500.0,
  "handbrake": false,
  "kinematics_estimated": {
    "position": {
      "x_val": 1.991144061088562,
      "y_val": -0.1746201068162918,
      "z_val": 0.026131661608815193
    },
    "orientation": {
      "x_val": -9.886539373837877e-06,
      "y_val": -5.3001651394879445e-05,
      "z_val": -0.18903331458568573,
      "w_val": 0.9819706678390503
    },
    "linear_velocity": {
      "x_val": 0.9749612808227539,
      "y_val": -0.40277788043022156,
      "z_val": 8.078849532466847e-06
    },
    "angular_velocity": {
      "x_val": -3.2754058338468894e-05,
      "y_val": 0.0005219109007157385,
      "z_val": -0.21940435469150543
    },
    "linear_acceleration": {
      "x_val": -0.09709947556257248,
      "y_val": -0.21778686344623566,
      "z_val": 0.000634187541436404
    },
    "angular_acceleration": {
      "x_val": 0.0008858579094521701,
      "y_val": 0.06870251893997192,
      "z_val": 5.849110126495361
    }
  },
  "timestamp": 1747814737311449700
}