{
  "speed": 1.0528497695922852,
  "gear": 1,
  "rpm": 499.9326477050781,
  "maxrpm": 500.0,
  "handbrake": false,
  "kinematics_estimated": {
    "position": {
      "x_val": 2.173487901687622,
      "y_val": -0.24957074224948883,
      "z_val": 0.026113756000995636
    },
    "orientation": {
      "x_val": -1.1753166290873196e-05,
      "y_val": -5.916348163736984e-05,
      "z_val": -0.19551807641983032,
      "w_val": 0.9807000756263733
    },
    "linear_velocity": {
      "x_val": 0.9716835021972656,
      "y_val": -0.40537264943122864,
      "z_val": -1.0522882803343236e-05
    },
    "angular_velocity": {
      "x_val": -5.101633178128395e-07,
      "y_val": -0.0015600246842950583,
      "z_val": -0.01979253627359867
    },
    "linear_acceleration": {
      "x_val": -0.008239971473813057,
      "y_val": 0.013121538795530796,
      "z_val": -0.0012693158350884914
    },
    "angular_acceleration": {
      "x_val": 0.00022561686637345701,
      "y_val": -0.15946196019649506,
      "z_val": 0.011724350973963737
    }
  },
  "timestamp": 1747814737493064700
}