{
  "speed": 1.0506988763809204,
  "gear": 1,
  "rpm": 499.9701232910156,
  "maxrpm": 500.0,
  "handbrake": false,
  "kinematics_estimated": {
    "position": {
      "x_val": 2.3619000911712646,
      "y_val": -0.327993243932724,
      "z_val": 0.026174241676926613
    },
    "orientation": {
      "x_val": -8.657050784677267e-06,
      "y_val": -4.3327534513082355e-05,
      "z_val": -0.19599801301956177,
      "w_val": 0.9806042909622192
    },
    "linear_velocity": {
      "x_val": 0.969918966293335,
      "y_val": -0.40401148796081543,
      "z_val": 1.1398482456570491e-05
    },
    "angular_velocity": {
      "x_val": -5.050458184996387e-07,
      "y_val": 0.001232825219631195,
      "z_val": -0.0011458819499239326
    },
    "linear_acceleration": {
      "x_val": -0.01002037338912487,
      "y_val": -0.0004364103951957077,
      "z_val": 0.0008225049823522568
    },
    "angular_acceleration": {
      "x_val": 8.297824388137087e-05,
      "y_val": 0.107246533036232,
      "z_val": 0.03809068724513054
    }
  },
  "timestamp": 1747814737690569500
}