{
  "speed": 1.048523187637329,
  "gear": 1,
  "rpm": 499.9878234863281,
  "maxrpm": 500.0,
  "handbrake": false,
  "kinematics_estimated": {
    "position": {
      "x_val": 2.567966938018799,
      "y_val": -0.41337665915489197,
      "z_val": 0.02610607258975506
    },
    "orientation": {
      "x_val": -1.123165202443488e-05,
      "y_val": -5.334481465979479e-05,
      "z_val": -0.21649324893951416,
      "w_val": 0.9762840867042542
    },
    "linear_velocity": {
      "x_val": 0.9491981863975525,
      "y_val": -0.44545432925224304,
      "z_val": -6.763416422472801e-07
    },
    "angular_velocity": {
      "x_val": -5.5419117416022345e-05,
      "y_val": 0.00015538542356807739,
      "z_val": -0.4951508343219757
    },
    "linear_acceleration": {
      "x_val": -0.2576126456260681,
      "y_val": -0.5350202918052673,
      "z_val": -0.00018911041843239218
    },
    "angular_acceleration": {
      "x_val": -0.0015613536816090345,
      "y_val": -0.02197057567536831,
      "z_val": -5.367169380187988
    }
  },
  "timestamp": 1747814737898166800
}