{
  "speed": 1.0472408533096313,
  "gear": 1,
  "rpm": 499.9942932128906,
  "maxrpm": 500.0,
  "handbrake": false,
  "kinematics_estimated": {
    "position": {
      "x_val": 2.7362892627716064,
      "y_val": -0.49636971950531006,
      "z_val": 0.02610035240650177
    },
    "orientation": {
      "x_val": -1.5536454156972468e-05,
      "y_val": -6.190213753143325e-05,
      "z_val": -0.24519763886928558,
      "w_val": 0.969473123550415
    },
    "linear_velocity": {
      "x_val": 0.9170557260513306,
      "y_val": -0.5057691335678101,
      "z_val": -1.1324251318001188e-05
    },
    "angular_velocity": {
      "x_val": -1.9865063222823665e-05,
      "y_val": -0.0018176789162680507,
      "z_val": -0.13585545122623444
    },
    "linear_acceleration": {
      "x_val": -0.02863878384232521,
      "y_val": -0.0266474187374115,
      "z_val": -0.0005089043988846242
    },
    "angular_acceleration": {
      "x_val": -0.00019683732534758747,
      "y_val": -0.07719432562589645,
      "z_val": 0.07554128766059875
    }
  },
  "timestamp": 1747814738082604300
}