{
  "speed": 1.0450249910354614,
  "gear": 1,
  "rpm": 499.9975891113281,
  "maxrpm": 500.0,
  "handbrake": false,
  "kinematics_estimated": {
    "position": {
      "x_val": 2.923640251159668,
      "y_val": -0.5989636778831482,
      "z_val": 0.026163531467318535
    },
    "orientation": {
      "x_val": -1.1568164154596161e-05,
      "y_val": -4.523725147009827e-05,
      "z_val": -0.24851256608963013,
      "w_val": 0.9686286449432373
    },
    "linear_velocity": {
      "x_val": 0.9155871868133545,
      "y_val": -0.503763735294342,
      "z_val": -1.7921616972671472e-06
    },
    "angular_velocity": {
      "x_val": -6.692141596431611e-07,
      "y_val": -0.00015646909014321864,
      "z_val": -0.006168330553919077
    },
    "linear_acceleration": {
      "x_val": -0.006667353678494692,
      "y_val": 0.008362486958503723,
      "z_val": -0.0006677886703982949
    },
    "angular_acceleration": {
      "x_val": -2.382823367952369e-05,
      "y_val": -0.08419862389564514,
      "z_val": 0.1275050789117813
    }
  },
  "timestamp": 1747814738286651000
}