{
  "speed": 2.1788635251596133e-07,
  "gear": 0,
  "rpm": 20.000001907348633,
  "maxrpm": 500.0,
  "handbrake": false,
  "kinematics_estimated": {
    "position": {
      "x_val": -2.825222873070743e-05,
      "y_val": -7.64935059738292e-10,
      "z_val": 0.026203347370028496
    },
    "orientation": {
      "x_val": 1.3721521141540904e-10,
      "y_val": -3.507441215333529e-05,
      "z_val": 4.797770625231124e-09,
      "w_val": 1.0
    },
    "linear_velocity": {
      "x_val": 2.1803423067012773e-07,
      "y_val": 2.1125908029775813e-15,
      "z_val": -2.108256694555166e-06
    },
    "angular_velocity": {
      "x_val": 3.2066310495793005e-08,
      "y_val": -0.0001269733184017241,
      "z_val": -8.767178094615247e-10
    },
    "linear_acceleration": {
      "x_val": -3.625314548116876e-06,
      "y_val": -3.4835290441083064e-14,
      "z_val": -7.163515692809597e-05
    },
    "angular_acceleration": {
      "x_val": 9.452564313505718e-07,
      "y_val": -0.0037429421208798885,
      "z_val": -2.5844043349820822e-08
    }
  },
  "timestamp": 1747814734784929400
}