{
  "speed": 1.0430097579956055,
  "gear": 1,
  "rpm": 499.9988708496094,
  "maxrpm": 500.0,
  "handbrake": false,
  "kinematics_estimated": {
    "position": {
      "x_val": 3.0912160873413086,
      "y_val": -0.6910843849182129,
      "z_val": 0.026109008118510246
    },
    "orientation": {
      "x_val": -1.542080644867383e-05,
      "y_val": -5.999703353154473e-05,
      "z_val": -0.2487291693687439,
      "w_val": 0.9685730934143066
    },
    "linear_velocity": {
      "x_val": 0.9139230847358704,
      "y_val": -0.5026072859764099,
      "z_val": -4.590779099089559e-06
    },
    "angular_velocity": {
      "x_val": -1.7563556866662111e-06,
      "y_val": -0.000767985126003623,
      "z_val": -0.0018163126660510898
    },
    "linear_acceleration": {
      "x_val": -0.012440940365195274,
      "y_val": 0.006840909831225872,
      "z_val": -0.0006305771530605853
    },
    "angular_acceleration": {
      "x_val": -0.00014241973985917866,
      "y_val": -0.08615165948867798,
      "z_val": -0.02708246372640133
    }
  },
  "timestamp": 1747814738467473600
}