{
  "speed": 1.0407710075378418,
  "gear": 1,
  "rpm": 499.99951171875,
  "maxrpm": 500.0,
  "handbrake": false,
  "kinematics_estimated": {
    "position": {
      "x_val": 3.277364492416382,
      "y_val": -0.7934489250183105,
      "z_val": 0.026159100234508514
    },
    "orientation": {
      "x_val": -1.2030490324832499e-05,
      "y_val": -4.676839671446942e-05,
      "z_val": -0.2488449513912201,
      "w_val": 0.9685433506965637
    },
    "linear_velocity": {
      "x_val": 0.9119129180908203,
      "y_val": -0.5016164779663086,
      "z_val": 7.082604497554712e-06
    },
    "angular_velocity": {
      "x_val": -3.588279241739656e-06,
      "y_val": 0.0009376705274917185,
      "z_val": -0.001067634322680533
    },
    "linear_acceleration": {
      "x_val": -0.009882912039756775,
      "y_val": 0.005437351763248444,
      "z_val": 0.0008422779501415789
    },
    "angular_acceleration": {
      "x_val": -0.0003524546045809984,
      "y_val": 0.11647776514291763,
      "z_val": 0.003970681689679623
    }
  },
  "timestamp": 1747814738672489000
}