{
  "speed": 1.0389816761016846,
  "gear": 1,
  "rpm": 499.9998474121094,
  "maxrpm": 500.0,
  "handbrake": false,
  "kinematics_estimated": {
    "position": {
      "x_val": 3.4652585983276367,
      "y_val": -0.8992472887039185,
      "z_val": 0.026152389124035835
    },
    "orientation": {
      "x_val": -1.211755079566501e-05,
      "y_val": -4.223727228236385e-05,
      "z_val": -0.2838192880153656,
      "w_val": 0.9588778018951416
    },
    "linear_velocity": {
      "x_val": 0.8667379021644592,
      "y_val": -0.572999119758606,
      "z_val": -5.068054178991588e-06
    },
    "angular_velocity": {
      "x_val": -3.916153946192935e-05,
      "y_val": -0.0004975549527443945,
      "z_val": -0.3852902054786682
    },
    "linear_acceleration": {
      "x_val": -0.23623605072498322,
      "y_val": -0.35275793075561523,
      "z_val": -0.0007152770413085818
    },
    "angular_acceleration": {
      "x_val": -0.0005424775299616158,
      "y_val": -0.07592759281396866,
      "z_val": 0.03406999260187149
    }
  },
  "timestamp": 1747814738878971700
}