{
  "speed": 1.0377386808395386,
  "gear": 1,
  "rpm": 499.9998474121094,
  "maxrpm": 500.0,
  "handbrake": false,
  "kinematics_estimated": {
    "position": {
      "x_val": 3.636173725128174,
      "y_val": -1.0169978141784668,
      "z_val": 0.026156200096011162
    },
    "orientation": {
      "x_val": -1.533347494842019e-05,
      "y_val": -4.6697372454218566e-05,
      "z_val": -0.31513479351997375,
      "w_val": 0.9490469098091125
    },
    "linear_velocity": {
      "x_val": 0.8263472318649292,
      "y_val": -0.6277974843978882,
      "z_val": 1.0740198376879562e-05
    },
    "angular_velocity": {
      "x_val": -1.3412186490313616e-05,
      "y_val": 0.0012301059905439615,
      "z_val": -0.09916294366121292
    },
    "linear_acceleration": {
      "x_val": -0.027746785432100296,
      "y_val": -0.021203691139817238,
      "z_val": 0.0005509211332537234
    },
    "angular_acceleration": {
      "x_val": 0.0006502270698547363,
      "y_val": 0.07464323937892914,
      "z_val": 3.3729233741760254
    }
  },
  "timestamp": 1747814739079635300
}