{
  "speed": 1.0357270240783691,
  "gear": 1,
  "rpm": 499.9998779296875,
  "maxrpm": 500.0,
  "handbrake": false,
  "kinematics_estimated": {
    "position": {
      "x_val": 3.7911155223846436,
      "y_val": -1.1339209079742432,
      "z_val": 0.0261077918112278
    },
    "orientation": {
      "x_val": -1.9739591152756475e-05,
      "y_val": -5.8818139223149046e-05,
      "z_val": -0.31821829080581665,
      "w_val": 0.9480174779891968
    },
    "linear_velocity": {
      "x_val": 0.8254024982452393,
      "y_val": -0.6256532669067383,
      "z_val": -9.016563126351684e-06
    },
    "angular_velocity": {
      "x_val": -1.3346107152756304e-06,
      "y_val": -0.0011829300783574581,
      "z_val": -0.008701211772859097
    },
    "linear_acceleration": {
      "x_val": -0.005539990030229092,
      "y_val": 0.010280617512762547,
      "z_val": -0.0005042882985435426
    },
    "angular_acceleration": {
      "x_val": 4.8500085540581495e-05,
      "y_val": -0.06544828414916992,
      "z_val": 0.07675136625766754
    }
  },
  "timestamp": 1747814739270997900
}