{
  "speed": 1.0334117412567139,
  "gear": 1,
  "rpm": 499.9998779296875,
  "maxrpm": 500.0,
  "handbrake": false,
  "kinematics_estimated": {
    "position": {
      "x_val": 3.966336965560913,
      "y_val": -1.2666192054748535,
      "z_val": 0.026118377223610878
    },
    "orientation": {
      "x_val": -1.8762186300591566e-05,
      "y_val": -5.593948662863113e-05,
      "z_val": -0.3185039162635803,
      "w_val": 0.9479215741157532
    },
    "linear_velocity": {
      "x_val": 0.823706328868866,
      "y_val": -0.6240573525428772,
      "z_val": -1.0424977517686784e-05
    },
    "angular_velocity": {
      "x_val": 2.5034855752892327e-06,
      "y_val": -0.0013853758573532104,
      "z_val": -0.00134256889577955
    },
    "linear_acceleration": {
      "x_val": -0.008828879334032536,
      "y_val": 0.006686977576464415,
      "z_val": -0.0010673465440049767
    },
    "angular_acceleration": {
      "x_val": 0.000234171689953655,
      "y_val": -0.1311495453119278,
      "z_val": -0.010157443583011627
    }
  },
  "timestamp": 1747814739481480500
}