{
  "speed": 0.32280057668685913,
  "gear": 1,
  "rpm": 498.6898193359375,
  "maxrpm": 500.0,
  "handbrake": false,
  "kinematics_estimated": {
    "position": {
      "x_val": 4.118351459503174,
      "y_val": -1.3740445375442505,
      "z_val": 0.02591303549706936
    },
    "orientation": {
      "x_val": -0.0006323850830085576,
      "y_val": -0.00025254482170566916,
      "z_val": -0.3153280019760132,
      "w_val": 0.9489824771881104
    },
    "linear_velocity": {
      "x_val": 0.5637595653533936,
      "y_val": 0.21527068316936493,
      "z_val": -0.013940218836069107
    },
    "angular_velocity": {
      "x_val": -0.055000487715005875,
      "y_val": -0.037334974855184555,
      "z_val": -0.7765485644340515
    },
    "linear_acceleration": {
      "x_val": -19.181705474853516,
      "y_val": 44.56498336791992,
      "z_val": -0.6705957651138306
    },
    "angular_acceleration": {
      "x_val": -2.8293731212615967,
      "y_val": -1.8699042797088623,
      "z_val": -54.638248443603516
    }
  },
  "timestamp": 1747814739671177900
}