{
  "has_collided": true,
  "penetration_depth": -0.010491859167814255,
  "time_stamp": 1747814739639813900,
  "normal": {
    "x_val": 6.938893903907228e-17,
    "y_val": 1.0,
    "z_val": 1.3801893655740471e-16
  },
  "impact_point": {
    "x_val": 4.32882022857666,
    "y_val": -1.8802459239959717,
    "z_val": 0.07626853883266449
  },
  "position": {
    "x_val": 4.104239463806152,
    "y_val": -1.372430682182312,
    "z_val": 0.025908522307872772
  },
  "object_name": "StaticMeshActor_4",
  "object_id": 0
}