{
  "has_collided": true,
  "penetration_depth": -0.0013225589646026492,
  "time_stamp": 1747814739846333600,
  "normal": {
    "x_val": -9.71445146547012e-17,
    "y_val": 1.0,
    "z_val": -8.673617379884035e-17
  },
  "impact_point": {
    "x_val": 4.429541110992432,
    "y_val": -1.8756612539291382,
    "z_val": 0.07093778997659683
  },
  "position": {
    "x_val": 4.20834493637085,
    "y_val": -1.38265860080719,
    "z_val": 0.025967998430132866
  },
  "object_name": "StaticMeshActor_4",
  "object_id": 0
}