{
  "speed": 0.3852176070213318,
  "gear": 1,
  "rpm": 417.48846435546875,
  "maxrpm": 500.0,
  "handbrake": false,
  "kinematics_estimated": {
    "position": {
      "x_val": 4.20834493637085,
      "y_val": -1.38265860080719,
      "z_val": 0.025967998430132866
    },
    "orientation": {
      "x_val": -1.502044869994279e-05,
      "y_val": -0.0001045985845848918,
      "z_val": -0.2944008708000183,
      "w_val": 0.9556820392608643
    },
    "linear_velocity": {
      "x_val": 0.45107501745224,
      "y_val": -0.0219184011220932,
      "z_val": -4.5703996875090525e-05
    },
    "angular_velocity": {
      "x_val": 0.004155079834163189,
      "y_val": 0.0014623705064877868,
      "z_val": 0.17260286211967468
    },
    "linear_acceleration": {
      "x_val": 3.4486610889434814,
      "y_val": 0.48777177929878235,
      "z_val": -0.004068717826157808
    },
    "angular_acceleration": {
      "x_val": 0.34082984924316406,
      "y_val": 0.2282097339630127,
      "z_val": -1.0804253816604614
    }
  },
  "timestamp": 1747814739851260600
}