{
  "has_collided": true,
  "penetration_depth": -0.0023574763908982277,
  "time_stamp": 1747814740046431200,
  "normal": {
    "x_val": -8.326672684688674e-17,
    "y_val": 1.0,
    "z_val": -4.9873299934333204e-18
  },
  "impact_point": {
    "x_val": 4.52427339553833,
    "y_val": -1.8761787414550781,
    "z_val": 0.07054146379232407
  },
  "position": {
    "x_val": 4.275852203369141,
    "y_val": -1.3917746543884277,
    "z_val": 0.02617388591170311
  },
  "object_name": "StaticMeshActor_4",
  "object_id": 0
}