{
  "speed": 0.3025808036327362,
  "gear": 1,
  "rpm": 379.8244323730469,
  "maxrpm": 500.0,
  "handbrake": false,
  "kinematics_estimated": {
    "position": {
      "x_val": 4.275852203369141,
      "y_val": -1.3917746543884277,
      "z_val": 0.02617388591170311
    },
    "orientation": {
      "x_val": -4.654079020838253e-05,
      "y_val": -8.742436330066994e-05,
      "z_val": -0.2746014893054962,
      "w_val": 0.9615581035614014
    },
    "linear_velocity": {
      "x_val": 0.32951653003692627,
      "y_val": -0.04309737682342529,
      "z_val": 4.602540502673946e-05
    },
    "angular_velocity": {
      "x_val": -0.0012900209985673428,
      "y_val": 0.0019931690767407417,
      "z_val": 0.2157835066318512
    },
    "linear_acceleration": {
      "x_val": -2.7882213592529297,
      "y_val": -0.24325424432754517,
      "z_val": 0.0032581184059381485
    },
    "angular_acceleration": {
      "x_val": -0.12720705568790436,
      "y_val": 0.1699436604976654,
      "z_val": -1.717956304550171
    }
  },
  "timestamp": 1747814740051743400
}