{
  "speed": 0.13224603235721588,
  "gear": 1,
  "rpm": 319.68359375,
  "maxrpm": 500.0,
  "handbrake": false,
  "kinematics_estimated": {
    "position": {
      "x_val": 4.339510440826416,
      "y_val": -1.4036133289337158,
      "z_val": 0.024887815117836
    },
    "orientation": {
      "x_val": -0.0006565310177393258,
      "y_val": -0.0024299754295498133,
      "z_val": -0.24771854281425476,
      "w_val": 0.9688287973403931
    },
    "linear_velocity": {
      "x_val": 0.14584355056285858,
      "y_val": -0.009126937948167324,
      "z_val": -0.015378556214272976
    },
    "angular_velocity": {
      "x_val": 0.0016922916984185576,
      "y_val": -0.08673273772001266,
      "z_val": 0.27782243490219116
    },
    "linear_acceleration": {
      "x_val": -3.4654195308685303,
      "y_val": 0.7463971972465515,
      "z_val": 0.14143262803554535
    },
    "angular_acceleration": {
      "x_val": 0.09379414469003677,
      "y_val": 1.1103413105010986,
      "z_val": -2.2827682495117188
    }
  },
  "timestamp": 1747814740238647300
}