{
  "speed": 5.934135742791113e-07,
  "gear": 0,
  "rpm": 20.000001907348633,
  "maxrpm": 500.0,
  "handbrake": false,
  "kinematics_estimated": {
    "position": {
      "x_val": -2.7921538276132196e-05,
      "y_val": -7.30433380446982e-10,
      "z_val": 0.026163583621382713
    },
    "orientation": {
      "x_val": 5.683961634694867e-10,
      "y_val": -4.611026088241488e-05,
      "z_val": 4.64231497687706e-09,
      "w_val": 1.0
    },
    "linear_velocity": {
      "x_val": 5.935804097134678e-07,
      "y_val": 5.533423992989429e-15,
      "z_val": -1.8092424625137937e-06
    },
    "angular_velocity": {
      "x_val": 1.2370817614737462e-07,
      "y_val": -0.00017326460510957986,
      "z_val": -1.577149855158666e-09
    },
    "linear_acceleration": {
      "x_val": 2.4837661840138026e-05,
      "y_val": 2.315395054505731e-13,
      "z_val": -0.0006557502783834934
    },
    "angular_acceleration": {
      "x_val": 1.2192630492791068e-05,
      "y_val": -0.05349644273519516,
      "z_val": 4.469461956091436e-08
    }
  },
  "timestamp": 1747814734970900000
}