{
  "speed": 0.007313305512070656,
  "gear": 1,
  "rpm": 147.83062744140625,
  "maxrpm": 500.0,
  "handbrake": false,
  "kinematics_estimated": {
    "position": {
      "x_val": 4.3444318771362305,
      "y_val": -1.4047502279281616,
      "z_val": 0.026127951219677925
    },
    "orientation": {
      "x_val": -1.2159186553617474e-05,
      "y_val": -5.367689664126374e-05,
      "z_val": -0.22045274078845978,
      "w_val": 0.9753976464271545
    },
    "linear_velocity": {
      "x_val": 0.01579289697110653,
      "y_val": 0.016147909685969353,
      "z_val": 2.88216574517719e-06
    },
    "angular_velocity": {
      "x_val": 2.8511287382571027e-05,
      "y_val": 0.00047258162521757185,
      "z_val": 0.29223906993865967
    },
    "linear_acceleration": {
      "x_val": 0.08358323574066162,
      "y_val": 0.04184865951538086,
      "z_val": 0.00014123888104222715
    },
    "angular_acceleration": {
      "x_val": -0.0027212779968976974,
      "y_val": 0.023094158619642258,
      "z_val": -1.0215243101119995
    }
  },
  "timestamp": 1747814740458058100
}