{
  "speed": 0.023765984922647476,
  "gear": 1,
  "rpm": 96.06130981445312,
  "maxrpm": 500.0,
  "handbrake": false,
  "kinematics_estimated": {
    "position": {
      "x_val": 4.346932888031006,
      "y_val": -1.406860589981079,
      "z_val": 0.026153989136219025
    },
    "orientation": {
      "x_val": -8.625051123090088e-06,
      "y_val": -4.764196273754351e-05,
      "z_val": -0.17539295554161072,
      "w_val": 0.9844985008239746
    },
    "linear_velocity": {
      "x_val": 0.035496365278959274,
      "y_val": 0.027642976492643356,
      "z_val": 1.1047257430618629e-05
    },
    "angular_velocity": {
      "x_val": 2.489620055712294e-05,
      "y_val": 0.00139444915112108,
      "z_val": 0.46413227915763855
    },
    "linear_acceleration": {
      "x_val": 0.07844042032957077,
      "y_val": 0.02140238881111145,
      "z_val": 0.000597808335442096
    },
    "angular_acceleration": {
      "x_val": -0.001919276430271566,
      "y_val": 0.07917794585227966,
      "z_val": -5.190861701965332
    }
  },
  "timestamp": 1747814740644804300
}