{
  "speed": 0.5716970562934875,
  "gear": 1,
  "rpm": 140.74346923828125,
  "maxrpm": 500.0,
  "handbrake": false,
  "kinematics_estimated": {
    "position": {
      "x_val": 4.385939121246338,
      "y_val": -1.4198182821273804,
      "z_val": 0.025887519121170044
    },
    "orientation": {
      "x_val": 9.30474343476817e-05,
      "y_val": -7.425098738167435e-05,
      "z_val": -0.1404280811548233,
      "w_val": 0.9900908470153809
    },
    "linear_velocity": {
      "x_val": 0.5524532794952393,
      "y_val": -0.14756040275096893,
      "z_val": -2.976048745040316e-05
    },
    "angular_velocity": {
      "x_val": 0.010271984152495861,
      "y_val": -0.0005123851587995887,
      "z_val": 0.7290932536125183
    },
    "linear_acceleration": {
      "x_val": 9.227801322937012,
      "y_val": -2.7930397987365723,
      "z_val": -0.0022920449264347553
    },
    "angular_acceleration": {
      "x_val": 0.776787519454956,
      "y_val": -0.025388266891241074,
      "z_val": 13.782017707824707
    }
  },
  "timestamp": 1747814740852365800
}