{
  "speed": 1.22514808177948,
  "gear": 1,
  "rpm": 285.88446044921875,
  "maxrpm": 500.0,
  "handbrake": false,
  "kinematics_estimated": {
    "position": {
      "x_val": 4.538756370544434,
      "y_val": -1.4610507488250732,
      "z_val": 0.025858178734779358
    },
    "orientation": {
      "x_val": 8.682266343384981e-05,
      "y_val": -5.2587653044611216e-05,
      "z_val": -0.0812472328543663,
      "w_val": 0.9966939687728882
    },
    "linear_velocity": {
      "x_val": 1.2065181732177734,
      "y_val": -0.21338115632534027,
      "z_val": -3.9367609133478254e-05
    },
    "angular_velocity": {
      "x_val": 0.008711493574082851,
      "y_val": -0.0008215490379370749,
      "z_val": 0.8012269139289856
    },
    "linear_acceleration": {
      "x_val": 8.027168273925781,
      "y_val": -1.410534143447876,
      "z_val": -0.0031615805346518755
    },
    "angular_acceleration": {
      "x_val": 0.78987056016922,
      "y_val": -0.08137351274490356,
      "z_val": 1.477345585823059
    }
  },
  "timestamp": 1747814741030116900
}