{
  "speed": 1.2238186597824097,
  "gear": 1,
  "rpm": 408.20904541015625,
  "maxrpm": 500.0,
  "handbrake": false,
  "kinematics_estimated": {
    "position": {
      "x_val": 4.78376579284668,
      "y_val": -1.4931339025497437,
      "z_val": 0.02615663781762123
    },
    "orientation": {
      "x_val": -1.6718162214601762e-06,
      "y_val": -4.138757140026428e-05,
      "z_val": -0.02812156267464161,
      "w_val": 0.9996045231819153
    },
    "linear_velocity": {
      "x_val": 1.2222580909729004,
      "y_val": -0.062144432216882706,
      "z_val": 9.05737942957785e-06
    },
    "angular_velocity": {
      "x_val": 2.5815996195888147e-05,
      "y_val": 0.0008518358808942139,
      "z_val": 0.36116188764572144
    },
    "linear_acceleration": {
      "x_val": 0.02098267339169979,
      "y_val": 0.4742267429828644,
      "z_val": 0.0007953522726893425
    },
    "angular_acceleration": {
      "x_val": -0.001258475356735289,
      "y_val": 0.08748071640729904,
      "z_val": -6.434823513031006
    }
  },
  "timestamp": 1747814741236914900
}