{
  "speed": 1.222278118133545,
  "gear": 1,
  "rpm": 458.9068603515625,
  "maxrpm": 500.0,
  "handbrake": false,
  "kinematics_estimated": {
    "position": {
      "x_val": 5.017197608947754,
      "y_val": -1.5010319948196411,
      "z_val": 0.026106271892786026
    },
    "orientation": {
      "x_val": 8.501884707357021e-08,
      "y_val": -5.067125312052667e-05,
      "z_val": 0.016760913655161858,
      "w_val": 0.9998595118522644
    },
    "linear_velocity": {
      "x_val": 1.2215290069580078,
      "y_val": 0.04282775893807411,
      "z_val": 6.761953500244999e-06
    },
    "angular_velocity": {
      "x_val": 5.4398456995841116e-05,
      "y_val": 0.0009228031267412007,
      "z_val": 0.48831871151924133
    },
    "linear_acceleration": {
      "x_val": -0.02697175182402134,
      "y_val": 0.6369205713272095,
      "z_val": 0.000354782649083063
    },
    "angular_acceleration": {
      "x_val": 0.0004263788287062198,
      "y_val": 0.03429559990763664,
      "z_val": -2.0108909606933594
    }
  },
  "timestamp": 1747814741427238200
}