{
  "speed": 1.2204551696777344,
  "gear": 1,
  "rpm": 483.6491394042969,
  "maxrpm": 500.0,
  "handbrake": false,
  "kinematics_estimated": {
    "position": {
      "x_val": 5.283910274505615,
      "y_val": -1.4842287302017212,
      "z_val": 0.026117298752069473
    },
    "orientation": {
      "x_val": 2.8873723749711644e-06,
      "y_val": -4.9380993004888296e-05,
      "z_val": 0.0700424537062645,
      "w_val": 0.99754399061203
    },
    "linear_velocity": {
      "x_val": 1.2078965902328491,
      "y_val": 0.17468269169330597,
      "z_val": -1.356201210001018e-06
    },
    "angular_velocity": {
      "x_val": 3.399584966246039e-05,
      "y_val": -8.616793638793752e-05,
      "z_val": 0.42144590616226196
    },
    "linear_acceleration": {
      "x_val": -0.07707978785037994,
      "y_val": 0.5039516091346741,
      "z_val": 0.0001867418468464166
    },
    "angular_acceleration": {
      "x_val": -0.0006381459534168243,
      "y_val": 0.022059382870793343,
      "z_val": -1.8598978519439697
    }
  },
  "timestamp": 1747814741647775400
}