{
  "has_collided": false,
  "penetration_depth": -0.0010202369885519147,
  "time_stamp": 1747814740166030000,
  "normal": {
    "x_val": 6.938893903907228e-17,
    "y_val": 1.0,
    "z_val": -6.765421556309548e-17
  },
  "impact_point": {
    "x_val": 4.582578182220459,
    "y_val": -1.8755100965499878,
    "z_val": 0.07323203980922699
  },
  "position": {
    "x_val": 4.322368144989014,
    "y_val": -1.3997114896774292,
    "z_val": 0.02602344937622547
  },
  "object_name": "StaticMeshActor_4",
  "object_id": 0
}