{
  "speed": 1.2189916372299194,
  "gear": 1,
  "rpm": 492.4931335449219,
  "maxrpm": 500.0,
  "handbrake": false,
  "kinematics_estimated": {
    "position": {
      "x_val": 5.506949424743652,
      "y_val": -1.4477139711380005,
      "z_val": 0.026136314496397972
    },
    "orientation": {
      "x_val": 4.695131337939529e-06,
      "y_val": -4.5814602344762534e-05,
      "z_val": 0.11328830569982529,
      "w_val": 0.9935621619224548
    },
    "linear_velocity": {
      "x_val": 1.1865142583847046,
      "y_val": 0.2795577049255371,
      "z_val": 1.2766583949996857e-06
    },
    "angular_velocity": {
      "x_val": 3.535378709784709e-05,
      "y_val": 0.00022491802519652992,
      "z_val": 0.5043691396713257
    },
    "linear_acceleration": {
      "x_val": -0.14791595935821533,
      "y_val": 0.6046145558357239,
      "z_val": 0.0004440959601197392
    },
    "angular_acceleration": {
      "x_val": -0.0009825481101870537,
      "y_val": 0.05169408395886421,
      "z_val": 1.6757210493087769
    }
  },
  "timestamp": 1747814741829774900
}