{
  "speed": 1.2175407409667969,
  "gear": 1,
  "rpm": 496.5167541503906,
  "maxrpm": 500.0,
  "handbrake": false,
  "kinematics_estimated": {
    "position": {
      "x_val": 5.72292423248291,
      "y_val": -1.3930271863937378,
      "z_val": 0.026123104616999626
    },
    "orientation": {
      "x_val": 7.343088782363338e-06,
      "y_val": -4.9177611799677834e-05,
      "z_val": 0.15500672161579132,
      "w_val": 0.9879134297370911
    },
    "linear_velocity": {
      "x_val": 1.157292127609253,
      "y_val": 0.3783024549484253,
      "z_val": -1.0876536180148832e-05
    },
    "angular_velocity": {
      "x_val": 5.707793025067076e-05,
      "y_val": -0.001384794362820685,
      "z_val": 0.5187913775444031
    },
    "linear_acceleration": {
      "x_val": -0.1805828958749771,
      "y_val": 0.5315353870391846,
      "z_val": -0.0009085772326216102
    },
    "angular_acceleration": {
      "x_val": 0.0010488301049917936,
      "y_val": -0.10210386663675308,
      "z_val": 7.2120842933654785
    }
  },
  "timestamp": 1747814742013900900
}