{
  "speed": 1.215958833694458,
  "gear": 1,
  "rpm": 498.4401550292969,
  "maxrpm": 500.0,
  "handbrake": false,
  "kinematics_estimated": {
    "position": {
      "x_val": 5.9422454833984375,
      "y_val": -1.3171037435531616,
      "z_val": 0.02617570012807846
    },
    "orientation": {
      "x_val": 6.7623054746945854e-06,
      "y_val": -3.5680375731317326e-05,
      "z_val": 0.19970811903476715,
      "w_val": 0.9798554182052612
    },
    "linear_velocity": {
      "x_val": 1.1165536642074585,
      "y_val": 0.48156195878982544,
      "z_val": 1.589394196344074e-05
    },
    "angular_velocity": {
      "x_val": 3.6694382288260385e-05,
      "y_val": 0.001612601219676435,
      "z_val": 0.4317548871040344
    },
    "linear_acceleration": {
      "x_val": -0.26824814081192017,
      "y_val": 0.6149690747261047,
      "z_val": 0.0011428933357819915
    },
    "angular_acceleration": {
      "x_val": -0.0014583488227799535,
      "y_val": 0.12403149902820587,
      "z_val": -7.560795783996582
    }
  },
  "timestamp": 1747814742202872500
}