{
  "speed": -1.7692831921767294e-10,
  "gear": 0,
  "rpm": 20.000001907348633,
  "maxrpm": 500.0,
  "handbrake": false,
  "kinematics_estimated": {
    "position": {
      "x_val": -2.7634016078081913e-05,
      "y_val": -6.720051737296728e-10,
      "z_val": 0.026130830869078636
    },
    "orientation": {
      "x_val": 1.5503729411392442e-09,
      "y_val": -5.51807061128784e-05,
      "z_val": 4.4142081101483654e-09,
      "w_val": 1.0
    },
    "linear_velocity": {
      "x_val": 0.0,
      "y_val": 0.0,
      "z_val": -1.6031719951570267e-06
    },
    "angular_velocity": {
      "x_val": 2.462234078848269e-07,
      "y_val": -0.0012811260530725121,
      "z_val": -4.740408066084001e-09
    },
    "linear_acceleration": {
      "x_val": 0.0,
      "y_val": 0.0,
      "z_val": -7.688963523833081e-05
    },
    "angular_acceleration": {
      "x_val": 1.1809105672000442e-05,
      "y_val": -0.061444006860256195,
      "z_val": -2.2735441973509296e-07
    }
  },
  "timestamp": 1747814735173211600
}