{
  "speed": 1.214477300643921,
  "gear": 1,
  "rpm": 499.28729248046875,
  "maxrpm": 500.0,
  "handbrake": false,
  "kinematics_estimated": {
    "position": {
      "x_val": 6.148627758026123,
      "y_val": -1.2240370512008667,
      "z_val": 0.02617086097598076
    },
    "orientation": {
      "x_val": 8.653304576000664e-06,
      "y_val": -3.688858123496175e-05,
      "z_val": 0.2422688752412796,
      "w_val": 0.9702091217041016
    },
    "linear_velocity": {
      "x_val": 1.0689479112625122,
      "y_val": 0.5764940977096558,
      "z_val": 1.507453362137312e-05
    },
    "angular_velocity": {
      "x_val": 2.70483797066845e-05,
      "y_val": 0.0016498507466167212,
      "z_val": 0.43861714005470276
    },
    "linear_acceleration": {
      "x_val": -0.3098970651626587,
      "y_val": 0.5676522254943848,
      "z_val": 0.0012976890429854393
    },
    "angular_acceleration": {
      "x_val": -0.0015507035423070192,
      "y_val": 0.15378209948539734,
      "z_val": -6.465059757232666
    }
  },
  "timestamp": 1747814742388536400
}