{
  "speed": 1.2129889726638794,
  "gear": 1,
  "rpm": 499.6862487792969,
  "maxrpm": 500.0,
  "handbrake": false,
  "kinematics_estimated": {
    "position": {
      "x_val": 6.355752468109131,
      "y_val": -1.1071823835372925,
      "z_val": 0.026166753843426704
    },
    "orientation": {
      "x_val": 1.0817205293278676e-05,
      "y_val": -3.818004915956408e-05,
      "z_val": 0.28405869007110596,
      "w_val": 0.9588068723678589
    },
    "linear_velocity": {
      "x_val": 1.0135953426361084,
      "y_val": 0.6663419008255005,
      "z_val": 7.09554615241359e-06
    },
    "angular_velocity": {
      "x_val": 3.0841456464258954e-05,
      "y_val": 0.0007891215500421822,
      "z_val": 0.389669269323349
    },
    "linear_acceleration": {
      "x_val": -0.29023492336273193,
      "y_val": 0.4341365694999695,
      "z_val": 0.0004771886160597205
    },
    "angular_acceleration": {
      "x_val": -0.0004195447836536914,
      "y_val": 0.05108486860990524,
      "z_val": -4.503084182739258
    }
  },
  "timestamp": 1747814742585586300
}