{
  "speed": 1.2111937999725342,
  "gear": 1,
  "rpm": 499.85528564453125,
  "maxrpm": 500.0,
  "handbrake": false,
  "kinematics_estimated": {
    "position": {
      "x_val": 6.540141582489014,
      "y_val": -0.9811962842941284,
      "z_val": 0.026126990094780922
    },
    "orientation": {
      "x_val": 1.756825076881796e-05,
      "y_val": -5.448500451166183e-05,
      "z_val": 0.3089747428894043,
      "w_val": 0.951070249080658
    },
    "linear_velocity": {
      "x_val": 0.9767374396324158,
      "y_val": 0.7162430286407471,
      "z_val": 3.7252232232276583e-06
    },
    "angular_velocity": {
      "x_val": 9.157023669104092e-06,
      "y_val": 0.0004007896641269326,
      "z_val": 0.07698939740657806
    },
    "linear_acceleration": {
      "x_val": -0.03364109620451927,
      "y_val": 0.02616957016289234,
      "z_val": 0.00046989211114123464
    },
    "angular_acceleration": {
      "x_val": -0.0005521301063708961,
      "y_val": 0.06283802539110184,
      "z_val": -1.8127102851867676
    }
  },
  "timestamp": 1747814742770998500
}