{
  "speed": 1.2086800336837769,
  "gear": 1,
  "rpm": 499.9382629394531,
  "maxrpm": 500.0,
  "handbrake": false,
  "kinematics_estimated": {
    "position": {
      "x_val": 6.738697052001953,
      "y_val": -0.8365989923477173,
      "z_val": 0.026169436052441597
    },
    "orientation": {
      "x_val": 1.2815771697205491e-05,
      "y_val": -3.8198377296794206e-05,
      "z_val": 0.32557356357574463,
      "w_val": 0.9455167055130005
    },
    "linear_velocity": {
      "x_val": 0.9513035416603088,
      "y_val": 0.7456088066101074,
      "z_val": -9.27984373788604e-08
    },
    "angular_velocity": {
      "x_val": 3.1438423320651054e-05,
      "y_val": 0.00010197360097663477,
      "z_val": 0.31346064805984497
    },
    "linear_acceleration": {
      "x_val": -0.2959282398223877,
      "y_val": 0.3662155568599701,
      "z_val": -0.0004125942650716752
    },
    "angular_acceleration": {
      "x_val": 4.68688303953968e-05,
      "y_val": -0.054643552750349045,
      "z_val": -1.2787697315216064
    }
  },
  "timestamp": 1747814742974476800
}