{
  "speed": 1.2069644927978516,
  "gear": 1,
  "rpm": 499.9731140136719,
  "maxrpm": 500.0,
  "handbrake": false,
  "kinematics_estimated": {
    "position": {
      "x_val": 6.924228191375732,
      "y_val": -0.6851629614830017,
      "z_val": 0.026157714426517487
    },
    "orientation": {
      "x_val": 1.4823882338532712e-05,
      "y_val": -3.9114984247135e-05,
      "z_val": 0.36476728320121765,
      "w_val": 0.9310986995697021
    },
    "linear_velocity": {
      "x_val": 0.8817440867424011,
      "y_val": 0.824212372303009,
      "z_val": 6.7951527853438165e-06
    },
    "angular_velocity": {
      "x_val": 2.5959207050618716e-05,
      "y_val": 0.0007148346630856395,
      "z_val": 0.3643050789833069
    },
    "linear_acceleration": {
      "x_val": -0.32989346981048584,
      "y_val": 0.34703415632247925,
      "z_val": 0.0006553713465109468
    },
    "angular_acceleration": {
      "x_val": -0.0011553257936611772,
      "y_val": 0.07306074351072311,
      "z_val": -4.8005452156066895
    }
  },
  "timestamp": 1747814743173514200
}