{
  "speed": 1.2053112983703613,
  "gear": 1,
  "rpm": 499.98699951171875,
  "maxrpm": 500.0,
  "handbrake": false,
  "kinematics_estimated": {
    "position": {
      "x_val": 7.074097156524658,
      "y_val": -0.5402249097824097,
      "z_val": 0.026172509416937828
    },
    "orientation": {
      "x_val": 1.7181177099701017e-05,
      "y_val": -4.1029281419469044e-05,
      "z_val": 0.3879892826080322,
      "w_val": 0.9216638803482056
    },
    "linear_velocity": {
      "x_val": 0.8378955721855164,
      "y_val": 0.8664562702178955,
      "z_val": 5.990264526190003e-06
    },
    "angular_velocity": {
      "x_val": 6.360276529449038e-06,
      "y_val": 0.0006197658367455006,
      "z_val": 0.06744346022605896
    },
    "linear_acceleration": {
      "x_val": -0.024019351229071617,
      "y_val": 0.009001567028462887,
      "z_val": 0.0004572234465740621
    },
    "angular_acceleration": {
      "x_val": -0.0005447692819871008,
      "y_val": 0.059065140783786774,
      "z_val": -2.3561198711395264
    }
  },
  "timestamp": 1747814743345041100
}