{
  "speed": 1.2028896808624268,
  "gear": 1,
  "rpm": 499.994140625,
  "maxrpm": 500.0,
  "handbrake": false,
  "kinematics_estimated": {
    "position": {
      "x_val": 7.233940601348877,
      "y_val": -0.37547963857650757,
      "z_val": 0.026169240474700928
    },
    "orientation": {
      "x_val": 1.7614282114664093e-05,
      "y_val": -4.1600389522500336e-05,
      "z_val": 0.39008116722106934,
      "w_val": 0.9207804799079895
    },
    "linear_velocity": {
      "x_val": 0.8364740014076233,
      "y_val": 0.8644391298294067,
      "z_val": -1.0784392543428112e-06
    },
    "angular_velocity": {
      "x_val": 1.2246861160747358e-06,
      "y_val": -0.00010532760643400252,
      "z_val": 0.004064037464559078
    },
    "linear_acceleration": {
      "x_val": -0.006048568058758974,
      "y_val": -0.00936778262257576,
      "z_val": -0.000240316687268205
    },
    "angular_acceleration": {
      "x_val": -1.9034648346405447e-07,
      "y_val": -0.029696134850382805,
      "z_val": -0.09681813418865204
    }
  },
  "timestamp": 1747814743535083900
}