{
  "speed": 1.2007393836975098,
  "gear": 1,
  "rpm": 499.99737548828125,
  "maxrpm": 500.0,
  "handbrake": false,
  "kinematics_estimated": {
    "position": {
      "x_val": 7.390629768371582,
      "y_val": -0.21129882335662842,
      "z_val": 0.026101838797330856
    },
    "orientation": {
      "x_val": 2.2353646272676997e-05,
      "y_val": -4.962904131389223e-05,
      "z_val": 0.41955938935279846,
      "w_val": 0.9077278971672058
    },
    "linear_velocity": {
      "x_val": 0.776506245136261,
      "y_val": 0.9158695936203003,
      "z_val": -7.111966624506749e-06
    },
    "angular_velocity": {
      "x_val": 3.8924503314774483e-05,
      "y_val": -0.0007035485468804836,
      "z_val": 0.4436812698841095
    },
    "linear_acceleration": {
      "x_val": -0.3982328474521637,
      "y_val": 0.3290666341781616,
      "z_val": -0.00018484597967471927
    },
    "angular_acceleration": {
      "x_val": -0.00011930138134630397,
      "y_val": -0.020964549854397774,
      "z_val": 2.5268301963806152
    }
  },
  "timestamp": 1747814743727578800
}