{
  "speed": 1.1992483139038086,
  "gear": 1,
  "rpm": 499.99884033203125,
  "maxrpm": 500.0,
  "handbrake": false,
  "kinematics_estimated": {
    "position": {
      "x_val": 7.531088352203369,
      "y_val": -0.039225831627845764,
      "z_val": 0.02616650052368641
    },
    "orientation": {
      "x_val": 1.726792470435612e-05,
      "y_val": -3.4868080547312275e-05,
      "z_val": 0.45764386653900146,
      "w_val": 0.8891355991363525
    },
    "linear_velocity": {
      "x_val": 0.6921411156654358,
      "y_val": 0.9793730974197388,
      "z_val": 1.9234366845921613e-05
    },
    "angular_velocity": {
      "x_val": 2.284948277520016e-05,
      "y_val": 0.0019167897989973426,
      "z_val": 0.39168572425842285
    },
    "linear_acceleration": {
      "x_val": -0.4753562808036804,
      "y_val": 0.33250561356544495,
      "z_val": 0.0014847698621451855
    },
    "angular_acceleration": {
      "x_val": -0.001957594882696867,
      "y_val": 0.17051269114017487,
      "z_val": -8.684663772583008
    }
  },
  "timestamp": 1747814743911167700
}