{
  "speed": 1.1970895528793335,
  "gear": 1,
  "rpm": 499.99951171875,
  "maxrpm": 500.0,
  "handbrake": false,
  "kinematics_estimated": {
    "position": {
      "x_val": 7.665671348571777,
      "y_val": 0.15753087401390076,
      "z_val": 0.026183195412158966
    },
    "orientation": {
      "x_val": 1.9740053176064976e-05,
      "y_val": -3.689294317155145e-05,
      "z_val": 0.47271963953971863,
      "w_val": 0.8812128901481628
    },
    "linear_velocity": {
      "x_val": 0.6597811579704285,
      "y_val": 0.998859167098999,
      "z_val": 1.400641122017987e-05
    },
    "angular_velocity": {
      "x_val": 1.5508067008340731e-06,
      "y_val": 0.001803216291591525,
      "z_val": 0.03034384548664093
    },
    "linear_acceleration": {
      "x_val": -0.006135127041488886,
      "y_val": -0.01068833377212286,
      "z_val": 0.0011118492111563683
    },
    "angular_acceleration": {
      "x_val": -0.000496101041790098,
      "y_val": 0.15562893450260162,
      "z_val": -1.1002674102783203
    }
  },
  "timestamp": 1747814744107259500
}