{
  "speed": 0.1778782159090042,
  "gear": 1,
  "rpm": 94.44983673095703,
  "maxrpm": 500.0,
  "handbrake": false,
  "kinematics_estimated": {
    "position": {
      "x_val": 0.007449992932379246,
      "y_val": 4.349750781784678e-08,
      "z_val": 0.02617707848548889
    },
    "orientation": {
      "x_val": 9.190958549787354e-10,
      "y_val": -4.272591104381718e-05,
      "z_val": -2.71312075028618e-07,
      "w_val": 1.0
    },
    "linear_velocity": {
      "x_val": 0.1778782159090042,
      "y_val": 1.571998087257498e-09,
      "z_val": 2.592311102489475e-05
    },
    "angular_velocity": {
      "x_val": -4.910787538392469e-06,
      "y_val": 0.0009618804906494915,
      "z_val": -1.1271966286585666e-05
    },
    "linear_acceleration": {
      "x_val": -0.001535680959932506,
      "y_val": -9.969258057962449e-12,
      "z_val": 0.001715081394650042
    },
    "angular_acceleration": {
      "x_val": -0.0004554297192953527,
      "y_val": 0.03318142518401146,
      "z_val": 0.00015614955918863416
    }
  },
  "timestamp": 1747814735348246600
}