{
  "speed": 1.194908857345581,
  "gear": 1,
  "rpm": 499.9998474121094,
  "maxrpm": 500.0,
  "handbrake": false,
  "kinematics_estimated": {
    "position": {
      "x_val": 7.786781311035156,
      "y_val": 0.34039247035980225,
      "z_val": 0.026082774624228477
    },
    "orientation": {
      "x_val": 2.9465623811120167e-05,
      "y_val": -5.296968447510153e-05,
      "z_val": 0.4920966923236847,
      "w_val": 0.8705405592918396
    },
    "linear_velocity": {
      "x_val": 0.6157274842262268,
      "y_val": 1.0240542888641357,
      "z_val": -1.6822088582557626e-05
    },
    "angular_velocity": {
      "x_val": 5.4168744100024924e-05,
      "y_val": -0.0020014550536870956,
      "z_val": 0.4484080672264099
    },
    "linear_acceleration": {
      "x_val": -0.40630462765693665,
      "y_val": 0.2338094413280487,
      "z_val": -0.0013480306370183825
    },
    "angular_acceleration": {
      "x_val": 0.0016295722452923656,
      "y_val": -0.14777569472789764,
      "z_val": 7.320399284362793
    }
  },
  "timestamp": 1747814744294342300
}