{
  "speed": 1.19307541847229,
  "gear": 1,
  "rpm": 499.9998779296875,
  "maxrpm": 500.0,
  "handbrake": false,
  "kinematics_estimated": {
    "position": {
      "x_val": 7.910984992980957,
      "y_val": 0.5600414872169495,
      "z_val": 0.026113178580999374
    },
    "orientation": {
      "x_val": 3.058759102714248e-05,
      "y_val": -4.956430348102003e-05,
      "z_val": 0.5293217897415161,
      "w_val": 0.8484211564064026
    },
    "linear_velocity": {
      "x_val": 0.5166327357292175,
      "y_val": 1.0754517316818237,
      "z_val": 2.3845865371185937e-07
    },
    "angular_velocity": {
      "x_val": 3.804049265454523e-05,
      "y_val": -0.00040688071749173105,
      "z_val": 0.22883860766887665
    },
    "linear_acceleration": {
      "x_val": -0.2733437418937683,
      "y_val": 0.12137070298194885,
      "z_val": -8.318691106978804e-05
    },
    "angular_acceleration": {
      "x_val": -0.00022563264064956456,
      "y_val": -0.0188044011592865,
      "z_val": -3.8841938972473145
    }
  },
  "timestamp": 1747814744506110000
}