{
  "speed": 1.1907809972763062,
  "gear": 1,
  "rpm": 499.9998779296875,
  "maxrpm": 500.0,
  "handbrake": false,
  "kinematics_estimated": {
    "position": {
      "x_val": 8.008000373840332,
      "y_val": 0.7625933885574341,
      "z_val": 0.026103204116225243
    },
    "orientation": {
      "x_val": 3.386254684301093e-05,
      "y_val": -5.3570227464661e-05,
      "z_val": 0.5346783995628357,
      "w_val": 0.8450556397438049
    },
    "linear_velocity": {
      "x_val": 0.5086991190910339,
      "y_val": 1.0766551494598389,
      "z_val": -1.0391778232587967e-05
    },
    "angular_velocity": {
      "x_val": 2.3241450435307343e-06,
      "y_val": -0.0014031468890607357,
      "z_val": 0.016395552083849907
    },
    "linear_acceleration": {
      "x_val": -0.004000495653599501,
      "y_val": -0.012305385433137417,
      "z_val": -0.0007815947756171227
    },
    "angular_acceleration": {
      "x_val": -5.912420601816848e-05,
      "y_val": -0.09932328760623932,
      "z_val": -0.10400969535112381
    }
  },
  "timestamp": 1747814744692203000
}