{
  "speed": 1.188183307647705,
  "gear": 1,
  "rpm": 499.9998779296875,
  "maxrpm": 500.0,
  "handbrake": false,
  "kinematics_estimated": {
    "position": {
      "x_val": 8.112658500671387,
      "y_val": 0.9838663339614868,
      "z_val": 0.02617807686328888
    },
    "orientation": {
      "x_val": 2.3092678020475432e-05,
      "y_val": -3.645362812676467e-05,
      "z_val": 0.5350892543792725,
      "w_val": 0.8447955250740051
    },
    "linear_velocity": {
      "x_val": 0.507716953754425,
      "y_val": 1.0742454528808594,
      "z_val": 1.0291554644936696e-05
    },
    "angular_velocity": {
      "x_val": 2.937247813861177e-07,
      "y_val": 0.001134224352426827,
      "z_val": 0.0014031726168468595
    },
    "linear_acceleration": {
      "x_val": -0.004365426953881979,
      "y_val": -0.00923268310725689,
      "z_val": 0.00048774961032904685
    },
    "angular_acceleration": {
      "x_val": -4.132082722207997e-06,
      "y_val": 0.056738853454589844,
      "z_val": -0.024272281676530838
    }
  },
  "timestamp": 1747814744900047900
}