{
  "speed": 1.185971736907959,
  "gear": 1,
  "rpm": 499.9998779296875,
  "maxrpm": 500.0,
  "handbrake": false,
  "kinematics_estimated": {
    "position": {
      "x_val": 8.201701164245605,
      "y_val": 1.1722697019577026,
      "z_val": 0.026127861812710762
    },
    "orientation": {
      "x_val": 3.0163269912009127e-05,
      "y_val": -4.759684452437796e-05,
      "z_val": 0.5351868271827698,
      "w_val": 0.844733715057373
    },
    "linear_velocity": {
      "x_val": 0.506585955619812,
      "y_val": 1.0723336935043335,
      "z_val": -1.1267885383858811e-05
    },
    "angular_velocity": {
      "x_val": -1.2818013601645362e-06,
      "y_val": -0.0015985467471182346,
      "z_val": 0.0010308208875358105
    },
    "linear_acceleration": {
      "x_val": -0.010008237324655056,
      "y_val": -0.009871885180473328,
      "z_val": -0.0006442235317081213
    },
    "angular_acceleration": {
      "x_val": -0.00020317744929343462,
      "y_val": -0.09091248363256454,
      "z_val": -0.004224882926791906
    }
  },
  "timestamp": 1747814745070445600
}