{
  "speed": 1.1834743022918701,
  "gear": 1,
  "rpm": 499.9998779296875,
  "maxrpm": 500.0,
  "handbrake": false,
  "kinematics_estimated": {
    "position": {
      "x_val": 8.302234649658203,
      "y_val": 1.3850547075271606,
      "z_val": 0.026160717010498047
    },
    "orientation": {
      "x_val": 2.53832131420495e-05,
      "y_val": -4.006664312328212e-05,
      "z_val": 0.5352627635002136,
      "w_val": 0.8446856141090393
    },
    "linear_velocity": {
      "x_val": 0.5054277777671814,
      "y_val": 1.07011878490448,
      "z_val": -4.566707048070384e-06
    },
    "angular_velocity": {
      "x_val": -2.806744532790617e-06,
      "y_val": -0.0005618076538667083,
      "z_val": 0.0006180144846439362
    },
    "linear_acceleration": {
      "x_val": -0.005396183114498854,
      "y_val": -0.01142754778265953,
      "z_val": -0.0008251643739640713
    },
    "angular_acceleration": {
      "x_val": -0.00030454102670773864,
      "y_val": -0.10452894866466522,
      "z_val": 0.0026387807447463274
    }
  },
  "timestamp": 1747814745268134600
}