{
  "speed": 1.1812233924865723,
  "gear": 1,
  "rpm": 499.9998779296875,
  "maxrpm": 500.0,
  "handbrake": false,
  "kinematics_estimated": {
    "position": {
      "x_val": 8.39284610748291,
      "y_val": 1.5768805742263794,
      "z_val": 0.026106953620910645
    },
    "orientation": {
      "x_val": 3.336196823511273e-05,
      "y_val": -5.25929281138815e-05,
      "z_val": 0.5353090763092041,
      "w_val": 0.844656229019165
    },
    "linear_velocity": {
      "x_val": 0.5044664144515991,
      "y_val": 1.0680835247039795,
      "z_val": -1.1247599104535766e-05
    },
    "angular_velocity": {
      "x_val": 7.253706826304551e-07,
      "y_val": -0.001319549628533423,
      "z_val": 0.0005473440978676081
    },
    "linear_acceleration": {
      "x_val": -0.004852070473134518,
      "y_val": -0.01026943139731884,
      "z_val": -0.001119823195040226
    },
    "angular_acceleration": {
      "x_val": 6.504242628579959e-05,
      "y_val": -0.126841738820076,
      "z_val": 0.0014170799404382706
    }
  },
  "timestamp": 1747814745456699200
}