{
  "has_collided": true,
  "penetration_depth": -0.003996063489466906,
  "time_stamp": 1747814745451216800,
  "normal": {
    "x_val": 0.2902847230434418,
    "y_val": -0.9569402933120728,
    "z_val": -3.274968187264027e-17
  },
  "impact_point": {
    "x_val": 8.3387451171875,
    "y_val": 2.13454532623291,
    "z_val": 0.07720832526683807
  },
  "position": {
    "x_val": 8.39284610748291,
    "y_val": 1.5768805742263794,
    "z_val": 0.026106953620910645
  },
  "object_name": "StaticMeshActor_2",
  "object_id": 0
}