{
  "speed": 0.19146832823753357,
  "gear": 1,
  "rpm": 384.1214294433594,
  "maxrpm": 500.0,
  "handbrake": false,
  "kinematics_estimated": {
    "position": {
      "x_val": 8.495615005493164,
      "y_val": 1.6212645769119263,
      "z_val": 0.0257231667637825
    },
    "orientation": {
      "x_val": -0.0005344338715076447,
      "y_val": 0.00038001680513843894,
      "z_val": 0.5673070549964905,
      "w_val": 0.8235060572624207
    },
    "linear_velocity": {
      "x_val": 0.3381616771221161,
      "y_val": 0.07595483958721161,
      "z_val": -0.0028958218172192574
    },
    "angular_velocity": {
      "x_val": 0.04189465194940567,
      "y_val": 0.037540335208177567,
      "z_val": 0.7695935368537903
    },
    "linear_acceleration": {
      "x_val": 2.7138543128967285,
      "y_val": 0.7089686989784241,
      "z_val": -0.023858802393078804
    },
    "angular_acceleration": {
      "x_val": 3.7492172718048096,
      "y_val": 3.16538143157959,
      "z_val": 10.857922554016113
    }
  },
  "timestamp": 1747814745667963500
}