{
  "has_collided": true,
  "penetration_depth": -0.0017703297780826688,
  "time_stamp": 1747814745663213400,
  "normal": {
    "x_val": 0.29028475284576416,
    "y_val": -0.9569403529167175,
    "z_val": -6.938893903907228e-18
  },
  "impact_point": {
    "x_val": 8.42661190032959,
    "y_val": 2.160036563873291,
    "z_val": 0.06970510631799698
  },
  "position": {
    "x_val": 8.495615005493164,
    "y_val": 1.6212645769119263,
    "z_val": 0.0257231667637825
  },
  "object_name": "StaticMeshActor_2",
  "object_id": 0
}