{
  "has_collided": true,
  "penetration_depth": -0.0011646111961454153,
  "time_stamp": 1747814745846803800,
  "normal": {
    "x_val": 0.2902847230434418,
    "y_val": -0.9569402933120728,
    "z_val": 3.122502256758253e-17
  },
  "impact_point": {
    "x_val": 8.429563522338867,
    "y_val": 2.1606152057647705,
    "z_val": 0.07207047194242477
  },
  "position": {
    "x_val": 8.540790557861328,
    "y_val": 1.629384994506836,
    "z_val": 0.026039158925414085
  },
  "object_name": "StaticMeshActor_2",
  "object_id": 0
}