{
  "speed": 0.1113433986902237,
  "gear": 1,
  "rpm": 320.6822814941406,
  "maxrpm": 500.0,
  "handbrake": false,
  "kinematics_estimated": {
    "position": {
      "x_val": 8.540790557861328,
      "y_val": 1.629384994506836,
      "z_val": 0.026039158925414085
    },
    "orientation": {
      "x_val": -0.00023730317479930818,
      "y_val": 9.131003025686368e-06,
      "z_val": 0.5997002720832825,
      "w_val": 0.8002246618270874
    },
    "linear_velocity": {
      "x_val": 0.19877661764621735,
      "y_val": 0.05786993354558945,
      "z_val": -4.9277481593890116e-05
    },
    "angular_velocity": {
      "x_val": -0.00779490964487195,
      "y_val": 0.005767592694610357,
      "z_val": 0.3698824942111969
    },
    "linear_acceleration": {
      "x_val": 1.889338493347168,
      "y_val": 0.5216112732887268,
      "z_val": -0.0010921598877757788
    },
    "angular_acceleration": {
      "x_val": -0.23965997993946075,
      "y_val": 0.027440058067440987,
      "z_val": 6.550325393676758
    }
  },
  "timestamp": 1747814745853322700
}