{
  "speed": 0.002143326448276639,
  "gear": 1,
  "rpm": 195.95657348632812,
  "maxrpm": 500.0,
  "handbrake": false,
  "kinematics_estimated": {
    "position": {
      "x_val": 8.553426742553711,
      "y_val": 1.6325089931488037,
      "z_val": 0.026111634448170662
    },
    "orientation": {
      "x_val": 3.6772064049728215e-05,
      "y_val": -4.820074900635518e-05,
      "z_val": 0.6060931086540222,
      "w_val": 0.795393705368042
    },
    "linear_velocity": {
      "x_val": 0.004492519423365593,
      "y_val": 0.0009868127526715398,
      "z_val": 1.6036789247664274e-06
    },
    "angular_velocity": {
      "x_val": 2.666334012246807e-06,
      "y_val": 0.00018819548131432384,
      "z_val": -0.004824943374842405
    },
    "linear_acceleration": {
      "x_val": -0.11065085977315903,
      "y_val": -0.032100047916173935,
      "z_val": 0.0004524359537754208
    },
    "angular_acceleration": {
      "x_val": 0.00025305611779913306,
      "y_val": 0.061091791838407516,
      "z_val": 0.10978452116250992
    }
  },
  "timestamp": 1747814746059399200
}