{
  "speed": 1.0703340768814087,
  "gear": 1,
  "rpm": 257.7279357910156,
  "maxrpm": 500.0,
  "handbrake": false,
  "kinematics_estimated": {
    "position": {
      "x_val": 0.14038220047950745,
      "y_val": 5.909366223022516e-07,
      "z_val": 0.025690335780382156
    },
    "orientation": {
      "x_val": 1.013569601582276e-07,
      "y_val": -6.078070146031678e-05,
      "z_val": -5.115265139465919e-06,
      "w_val": 1.0
    },
    "linear_velocity": {
      "x_val": 1.0703340768814087,
      "y_val": -3.5511984606273472e-06,
      "z_val": -9.741685062181205e-05
    },
    "angular_velocity": {
      "x_val": 7.428790922858752e-06,
      "y_val": -0.0017791796708479524,
      "z_val": -0.0001614586653886363
    },
    "linear_acceleration": {
      "x_val": 9.971658706665039,
      "y_val": -8.295899169752374e-05,
      "z_val": -0.007497669663280249
    },
    "angular_acceleration": {
      "x_val": 0.0003773372736759484,
      "y_val": -0.09037147462368011,
      "z_val": -0.00820111483335495
    }
  },
  "timestamp": 1747814735545820700
}