{
  "speed": -0.3471927046775818,
  "gear": -1,
  "rpm": 212.63755798339844,
  "maxrpm": 500.0,
  "handbrake": false,
  "kinematics_estimated": {
    "position": {
      "x_val": 8.547689437866211,
      "y_val": 1.6110488176345825,
      "z_val": 0.02408233843743801
    },
    "orientation": {
      "x_val": 0.0024597784504294395,
      "y_val": -0.0032233919482678175,
      "z_val": 0.6060030460357666,
      "w_val": 0.7954519987106323
    },
    "linear_velocity": {
      "x_val": -0.09181921929121017,
      "y_val": -0.334850013256073,
      "z_val": 0.0007875480223447084
    },
    "angular_velocity": {
      "x_val": 2.525308809708804e-05,
      "y_val": -0.0004223118012305349,
      "z_val": -0.00018473743693903089
    },
    "linear_acceleration": {
      "x_val": -0.003870309330523014,
      "y_val": 0.003983279224485159,
      "z_val": 1.191490650177002
    },
    "angular_acceleration": {
      "x_val": 0.011359886266291142,
      "y_val": 7.154040813446045,
      "z_val": 0.011674052104353905
    }
  },
  "timestamp": 1747814746239775300
}