{
  "speed": -1.1090614795684814,
  "gear": -1,
  "rpm": 338.8341979980469,
  "maxrpm": 500.0,
  "handbrake": false,
  "kinematics_estimated": {
    "position": {
      "x_val": 8.501679420471191,
      "y_val": 1.4436991214752197,
      "z_val": 0.02380412630736828
    },
    "orientation": {
      "x_val": 0.002588012721389532,
      "y_val": -0.003389367600902915,
      "z_val": 0.6059889793395996,
      "w_val": 0.7954615950584412
    },
    "linear_velocity": {
      "x_val": -0.2942086160182953,
      "y_val": -1.0697208642959595,
      "z_val": 0.039868541061878204
    },
    "angular_velocity": {
      "x_val": 4.8335867177229375e-05,
      "y_val": 0.17800180613994598,
      "z_val": -0.00010847388330148533
    },
    "linear_acceleration": {
      "x_val": 0.002522875089198351,
      "y_val": 0.009174090810120106,
      "z_val": 0.8730726838111877
    },
    "angular_acceleration": {
      "x_val": -0.0007988660945557058,
      "y_val": 3.4988152980804443,
      "z_val": 0.0012183430371806026
    }
  },
  "timestamp": 1747814746442340500
}