{
  "speed": -0.7679592967033386,
  "gear": -1,
  "rpm": 430.097412109375,
  "maxrpm": 500.0,
  "handbrake": false,
  "kinematics_estimated": {
    "position": {
      "x_val": 8.44360637664795,
      "y_val": 1.2419028282165527,
      "z_val": 0.026320308446884155
    },
    "orientation": {
      "x_val": -7.266939974215347e-06,
      "y_val": -6.645803659921512e-05,
      "z_val": 0.591039776802063,
      "w_val": 0.8066424131393433
    },
    "linear_velocity": {
      "x_val": -0.1934373676776886,
      "y_val": -0.7442649006843567,
      "z_val": -1.542459176562261e-05
    },
    "angular_velocity": {
      "x_val": 0.0003521790204104036,
      "y_val": 0.0006284245173446834,
      "z_val": -0.4247453808784485
    },
    "linear_acceleration": {
      "x_val": 2.3442633152008057,
      "y_val": 8.018575668334961,
      "z_val": -0.0028176927007734776
    },
    "angular_acceleration": {
      "x_val": 0.2580955922603607,
      "y_val": 0.0801415964961052,
      "z_val": -1.5321975946426392
    }
  },
  "timestamp": 1747814746637642400
}