{
  "speed": -0.021631427109241486,
  "gear": -1,
  "rpm": 271.5855712890625,
  "maxrpm": 500.0,
  "handbrake": false,
  "kinematics_estimated": {
    "position": {
      "x_val": 8.433039665222168,
      "y_val": 1.2054109573364258,
      "z_val": 0.02611664868891239
    },
    "orientation": {
      "x_val": 3.203893720638007e-05,
      "y_val": -5.098693145555444e-05,
      "z_val": 0.5686681270599365,
      "w_val": 0.8225670456886292
    },
    "linear_velocity": {
      "x_val": 0.013292297720909119,
      "y_val": -0.02814079448580742,
      "z_val": -2.2081682260477464e-08
    },
    "angular_velocity": {
      "x_val": 0.0001558811782160774,
      "y_val": 6.200715870363638e-05,
      "z_val": -0.24994900822639465
    },
    "linear_acceleration": {
      "x_val": 0.13772766292095184,
      "y_val": 0.6548329591751099,
      "z_val": -5.361323565011844e-05
    },
    "angular_acceleration": {
      "x_val": -0.007025756407529116,
      "y_val": -0.009579270146787167,
      "z_val": -0.5454146862030029
    }
  },
  "timestamp": 1747814746825530600
}