{
  "speed": 1.546026578580495e-05,
  "gear": -1,
  "rpm": 129.33578491210938,
  "maxrpm": 500.0,
  "handbrake": false,
  "kinematics_estimated": {
    "position": {
      "x_val": 8.432930946350098,
      "y_val": 1.2046821117401123,
      "z_val": 0.026124905794858932
    },
    "orientation": {
      "x_val": 3.1477626180276275e-05,
      "y_val": -4.741251177620143e-05,
      "z_val": 0.5485925674438477,
      "w_val": 0.8360898494720459
    },
    "linear_velocity": {
      "x_val": 0.016566110774874687,
      "y_val": -0.007172198034822941,
      "z_val": -2.076580045695664e-07
    },
    "angular_velocity": {
      "x_val": -2.739400224527344e-05,
      "y_val": -2.3598086045240052e-05,
      "z_val": -0.2501724660396576
    },
    "linear_acceleration": {
      "x_val": -0.003922007512301207,
      "y_val": 0.004359645769000053,
      "z_val": -5.792211595689878e-05
    },
    "angular_acceleration": {
      "x_val": -0.00045674710418097675,
      "y_val": -0.007512361742556095,
      "z_val": -1.322782278060913
    }
  },
  "timestamp": 1747814747030368800
}