{
  "speed": 0.38808193802833557,
  "gear": 1,
  "rpm": 190.8205108642578,
  "maxrpm": 500.0,
  "handbrake": false,
  "kinematics_estimated": {
    "position": {
      "x_val": 8.443201065063477,
      "y_val": 1.229724645614624,
      "z_val": 0.026135845109820366
    },
    "orientation": {
      "x_val": 2.347395093238447e-05,
      "y_val": -4.061536674271338e-05,
      "z_val": 0.5231715440750122,
      "w_val": 0.8522273898124695
    },
    "linear_velocity": {
      "x_val": 0.19457145035266876,
      "y_val": 0.33645251393318176,
      "z_val": 4.872091085417196e-05
    },
    "angular_velocity": {
      "x_val": 0.0069137816317379475,
      "y_val": 0.0010271528735756874,
      "z_val": -0.45433804392814636
    },
    "linear_acceleration": {
      "x_val": 0.4121837317943573,
      "y_val": -0.20735947787761688,
      "z_val": 0.00403100298717618
    },
    "angular_acceleration": {
      "x_val": 0.5976507663726807,
      "y_val": 0.07040704786777496,
      "z_val": 4.836906433105469
    }
  },
  "timestamp": 1747814747221967800
}