{
  "speed": 0.953840970993042,
  "gear": 1,
  "rpm": 348.9119567871094,
  "maxrpm": 500.0,
  "handbrake": false,
  "kinematics_estimated": {
    "position": {
      "x_val": 8.52285099029541,
      "y_val": 1.374376654624939,
      "z_val": 0.02616376429796219
    },
    "orientation": {
      "x_val": 1.8660943169379607e-05,
      "y_val": -3.403163645998575e-05,
      "z_val": 0.4685599207878113,
      "w_val": 0.8834317326545715
    },
    "linear_velocity": {
      "x_val": 0.5490245819091797,
      "y_val": 0.7801737189292908,
      "z_val": 1.0713566553022247e-05
    },
    "angular_velocity": {
      "x_val": -2.377744203840848e-05,
      "y_val": 0.0007666756864637136,
      "z_val": -0.45341619849205017
    },
    "linear_acceleration": {
      "x_val": 0.41813790798187256,
      "y_val": -0.2871853709220886,
      "z_val": 0.0009244449902325869
    },
    "angular_acceleration": {
      "x_val": -0.003137848572805524,
      "y_val": 0.10266747325658798,
      "z_val": 8.399199485778809
    }
  },
  "timestamp": 1747814747423871600
}