{
  "speed": 0.9536733627319336,
  "gear": 1,
  "rpm": 430.4148254394531,
  "maxrpm": 500.0,
  "handbrake": false,
  "kinematics_estimated": {
    "position": {
      "x_val": 8.625052452087402,
      "y_val": 1.5176721811294556,
      "z_val": 0.02617967315018177
    },
    "orientation": {
      "x_val": 1.6303474694723263e-05,
      "y_val": -3.273774200351909e-05,
      "z_val": 0.4283115267753601,
      "w_val": 0.9036311507225037
    },
    "linear_velocity": {
      "x_val": 0.613728404045105,
      "y_val": 0.730065643787384,
      "z_val": 3.255727278883569e-05
    },
    "angular_velocity": {
      "x_val": -3.752366319531575e-05,
      "y_val": 0.003540080040693283,
      "z_val": -0.43899133801460266
    },
    "linear_acceleration": {
      "x_val": 0.45133423805236816,
      "y_val": -0.37422117590904236,
      "z_val": 0.0022994154132902622
    },
    "angular_acceleration": {
      "x_val": 0.002203127136453986,
      "y_val": 0.2811616063117981,
      "z_val": 13.504608154296875
    }
  },
  "timestamp": 1747814747608050100
}