{
  "speed": 0.953321635723114,
  "gear": 1,
  "rpm": 466.79559326171875,
  "maxrpm": 500.0,
  "handbrake": false,
  "kinematics_estimated": {
    "position": {
      "x_val": 8.734335899353027,
      "y_val": 1.645787000656128,
      "z_val": 0.026144791394472122
    },
    "orientation": {
      "x_val": 1.8464337699697353e-05,
      "y_val": -4.217000969219953e-05,
      "z_val": 0.391467809677124,
      "w_val": 0.9201918244361877
    },
    "linear_velocity": {
      "x_val": 0.6702494025230408,
      "y_val": 0.6780471801757812,
      "z_val": 6.557831966347294e-07
    },
    "angular_velocity": {
      "x_val": -3.451111842878163e-05,
      "y_val": 0.0001343667827313766,
      "z_val": -0.405909925699234
    },
    "linear_acceleration": {
      "x_val": 0.2734462320804596,
      "y_val": -0.27050909399986267,
      "z_val": 0.00010417741577839479
    },
    "angular_acceleration": {
      "x_val": 0.00013573188334703445,
      "y_val": 0.012743229977786541,
      "z_val": 2.14570689201355
    }
  },
  "timestamp": 1747814747789667000
}