{
  "speed": 0.9528594017028809,
  "gear": 1,
  "rpm": 485.8162536621094,
  "maxrpm": 500.0,
  "handbrake": false,
  "kinematics_estimated": {
    "position": {
      "x_val": 8.870888710021973,
      "y_val": 1.7809131145477295,
      "z_val": 0.026115473359823227
    },
    "orientation": {
      "x_val": 1.818879900383763e-05,
      "y_val": -4.775530760525726e-05,
      "z_val": 0.34482070803642273,
      "w_val": 0.9386685490608215
    },
    "linear_velocity": {
      "x_val": 0.7337042093276978,
      "y_val": 0.6080717444419861,
      "z_val": 1.2239755733389757e-06
    },
    "angular_velocity": {
      "x_val": -4.99976595165208e-05,
      "y_val": 0.00018542326870374382,
      "z_val": -0.5470095872879028
    },
    "linear_acceleration": {
      "x_val": 0.3449953496456146,
      "y_val": -0.41386157274246216,
      "z_val": 0.0004199273244012147
    },
    "angular_acceleration": {
      "x_val": 0.0009314410272054374,
      "y_val": 0.04996548593044281,
      "z_val": -1.9132834672927856
    }
  },
  "timestamp": 1747814747985930200
}