{
  "speed": 1.0680698156356812,
  "gear": 1,
  "rpm": 395.62811279296875,
  "maxrpm": 500.0,
  "handbrake": false,
  "kinematics_estimated": {
    "position": {
      "x_val": 0.354961097240448,
      "y_val": 1.149956688095699e-06,
      "z_val": 0.026160867884755135
    },
    "orientation": {
      "x_val": 3.8523803591594685e-10,
      "y_val": -4.736593473353423e-05,
      "z_val": -1.307166076003341e-05,
      "w_val": 1.0
    },
    "linear_velocity": {
      "x_val": 1.0680698156356812,
      "y_val": -3.5420391668594675e-06,
      "z_val": -3.3845803955045994e-06
    },
    "angular_velocity": {
      "x_val": 1.048747151344287e-07,
      "y_val": -0.00037593761226162314,
      "z_val": -6.729499000357464e-05
    },
    "linear_acceleration": {
      "x_val": -0.00958198495209217,
      "y_val": 4.235199213553642e-08,
      "z_val": -0.0002928294998127967
    },
    "angular_acceleration": {
      "x_val": 6.148163720354205e-06,
      "y_val": -0.036341674625873566,
      "z_val": 0.0003081729810219258
    }
  },
  "timestamp": 1747814735747854700
}