{
  "speed": 0.9525269865989685,
  "gear": 1,
  "rpm": 493.4075012207031,
  "maxrpm": 500.0,
  "handbrake": false,
  "kinematics_estimated": {
    "position": {
      "x_val": 9.005860328674316,
      "y_val": 1.8905547857284546,
      "z_val": 0.02613941952586174
    },
    "orientation": {
      "x_val": 1.4682289474876598e-05,
      "y_val": -4.4717362470692024e-05,
      "z_val": 0.3037966787815094,
      "w_val": 0.9527369141578674
    },
    "linear_velocity": {
      "x_val": 0.7843044996261597,
      "y_val": 0.5406906604766846,
      "z_val": -6.4526379901508335e-06
    },
    "angular_velocity": {
      "x_val": -4.833947605220601e-05,
      "y_val": -0.0007012925925664604,
      "z_val": -0.43704158067703247
    },
    "linear_acceleration": {
      "x_val": 0.22431281208992004,
      "y_val": -0.32557469606399536,
      "z_val": -0.0006665929686278105
    },
    "angular_acceleration": {
      "x_val": -0.0005551220383495092,
      "y_val": -0.07058170437812805,
      "z_val": -0.921995997428894
    }
  },
  "timestamp": 1747814748171292600
}