{
  "speed": 0.9521503448486328,
  "gear": 1,
  "rpm": 496.8876037597656,
  "maxrpm": 500.0,
  "handbrake": false,
  "kinematics_estimated": {
    "position": {
      "x_val": 9.14692211151123,
      "y_val": 1.9863200187683105,
      "z_val": 0.026124367490410805
    },
    "orientation": {
      "x_val": 1.4013478903507348e-05,
      "y_val": -4.900195199297741e-05,
      "z_val": 0.264546275138855,
      "w_val": 0.964372992515564
    },
    "linear_velocity": {
      "x_val": 0.8249242901802063,
      "y_val": 0.47563695907592773,
      "z_val": 7.200927854000838e-08
    },
    "angular_velocity": {
      "x_val": -3.168424518662505e-05,
      "y_val": 0.00010616487998049706,
      "z_val": -0.41579875349998474
    },
    "linear_acceleration": {
      "x_val": 0.18517827987670898,
      "y_val": -0.3223077952861786,
      "z_val": 0.00038501922972500324
    },
    "angular_acceleration": {
      "x_val": 0.00043383188312873244,
      "y_val": 0.048643678426742554,
      "z_val": 1.5326197147369385
    }
  },
  "timestamp": 1747814748351279700
}