{
  "speed": 0.9516845345497131,
  "gear": 1,
  "rpm": 498.7458190917969,
  "maxrpm": 500.0,
  "handbrake": false,
  "kinematics_estimated": {
    "position": {
      "x_val": 9.32663631439209,
      "y_val": 2.086104393005371,
      "z_val": 0.026149164885282516
    },
    "orientation": {
      "x_val": 9.908441825245973e-06,
      "y_val": -4.263012306182645e-05,
      "z_val": 0.21385638415813446,
      "w_val": 0.9768651127815247
    },
    "linear_velocity": {
      "x_val": 0.8698543906211853,
      "y_val": 0.3862808048725128,
      "z_val": 7.966134035086725e-06
    },
    "angular_velocity": {
      "x_val": -4.23310739279259e-05,
      "y_val": 0.0008745725499466062,
      "z_val": -0.43953371047973633
    },
    "linear_acceleration": {
      "x_val": 0.19572071731090546,
      "y_val": -0.43621814250946045,
      "z_val": 0.00048681069165468216
    },
    "angular_acceleration": {
      "x_val": 0.0008267723605968058,
      "y_val": 0.051793862134218216,
      "z_val": 4.435286045074463
    }
  },
  "timestamp": 1747814748565951200
}