{
  "speed": 0.9513121843338013,
  "gear": 1,
  "rpm": 499.439453125,
  "maxrpm": 500.0,
  "handbrake": false,
  "kinematics_estimated": {
    "position": {
      "x_val": 9.493817329406738,
      "y_val": 2.1584038734436035,
      "z_val": 0.0261551421135664
    },
    "orientation": {
      "x_val": 7.702262337261345e-06,
      "y_val": -4.13087873312179e-05,
      "z_val": 0.16832177340984344,
      "w_val": 0.9857320785522461
    },
    "linear_velocity": {
      "x_val": 0.90147465467453,
      "y_val": 0.3041193187236786,
      "z_val": 1.680696732364595e-05
    },
    "angular_velocity": {
      "x_val": -3.795554584939964e-05,
      "y_val": 0.0016870961990207434,
      "z_val": -0.4143724739551544
    },
    "linear_acceleration": {
      "x_val": 0.15848283469676971,
      "y_val": -0.4617573022842407,
      "z_val": 0.0010826829820871353
    },
    "angular_acceleration": {
      "x_val": 0.0012789147440344095,
      "y_val": 0.11867426335811615,
      "z_val": 8.136211395263672
    }
  },
  "timestamp": 1747814748757042300
}