{
  "speed": 0.9509700536727905,
  "gear": 1,
  "rpm": 499.7398681640625,
  "maxrpm": 500.0,
  "handbrake": false,
  "kinematics_estimated": {
    "position": {
      "x_val": 9.659163475036621,
      "y_val": 2.212519407272339,
      "z_val": 0.026085203513503075
    },
    "orientation": {
      "x_val": 8.089099537755828e-06,
      "y_val": -5.968530604150146e-05,
      "z_val": 0.12591317296028137,
      "w_val": 0.992041289806366
    },
    "linear_velocity": {
      "x_val": 0.9236223101615906,
      "y_val": 0.226698100566864,
      "z_val": -1.2614454135473352e-05
    },
    "angular_velocity": {
      "x_val": -5.991396028548479e-05,
      "y_val": -0.0017266684444621205,
      "z_val": -0.577239453792572
    },
    "linear_acceleration": {
      "x_val": 0.10289912670850754,
      "y_val": -0.42709803581237793,
      "z_val": -0.0005565235042013228
    },
    "angular_acceleration": {
      "x_val": -0.0009481820743530989,
      "y_val": -0.07937191426753998,
      "z_val": -9.786367416381836
    }
  },
  "timestamp": 1747814748938326300
}