{
  "speed": 0.9505460858345032,
  "gear": 1,
  "rpm": 499.8894348144531,
  "maxrpm": 500.0,
  "handbrake": false,
  "kinematics_estimated": {
    "position": {
      "x_val": 9.848015785217285,
      "y_val": 2.255981206893921,
      "z_val": 0.02617870829999447
    },
    "orientation": {
      "x_val": 3.4303975553484634e-06,
      "y_val": -3.742209082702175e-05,
      "z_val": 0.07847307622432709,
      "w_val": 0.9969162344932556
    },
    "linear_velocity": {
      "x_val": 0.94097900390625,
      "y_val": 0.13521642982959747,
      "z_val": 1.3884215150028467e-05
    },
    "angular_velocity": {
      "x_val": -2.8268688765820116e-05,
      "y_val": 0.0013636129442602396,
      "z_val": -0.37355268001556396
    },
    "linear_acceleration": {
      "x_val": 0.06288398802280426,
      "y_val": -0.42585813999176025,
      "z_val": 0.0010126022389158607
    },
    "angular_acceleration": {
      "x_val": 0.0015613754512742162,
      "y_val": 0.1141207367181778,
      "z_val": 8.075655937194824
    }
  },
  "timestamp": 1747814749142060100
}