{
  "speed": 0.9501523971557617,
  "gear": 1,
  "rpm": 499.9486389160156,
  "maxrpm": 500.0,
  "handbrake": false,
  "kinematics_estimated": {
    "position": {
      "x_val": 10.019865989685059,
      "y_val": 2.279500722885132,
      "z_val": 0.02608758769929409
    },
    "orientation": {
      "x_val": 2.7063204015576048e-06,
      "y_val": -5.935407170909457e-05,
      "z_val": 0.036537617444992065,
      "w_val": 0.9993322491645813
    },
    "linear_velocity": {
      "x_val": 0.948415219783783,
      "y_val": 0.05846469849348068,
      "z_val": -1.2875310858362354e-05
    },
    "angular_velocity": {
      "x_val": -6.507350917672738e-05,
      "y_val": -0.0017043114639818668,
      "z_val": -0.5685867071151733
    },
    "linear_acceleration": {
      "x_val": 0.025947602465748787,
      "y_val": -0.4475644826889038,
      "z_val": -0.001118300948292017
    },
    "angular_acceleration": {
      "x_val": -0.0018140397733077407,
      "y_val": -0.13305801153182983,
      "z_val": -9.371912956237793
    }
  },
  "timestamp": 1747814749325203400
}