{
  "speed": 0.9497209191322327,
  "gear": 1,
  "rpm": 499.9780578613281,
  "maxrpm": 500.0,
  "handbrake": false,
  "kinematics_estimated": {
    "position": {
      "x_val": 10.212164878845215,
      "y_val": 2.2885427474975586,
      "z_val": 0.026089176535606384
    },
    "orientation": {
      "x_val": 3.7808856490073595e-08,
      "y_val": -5.939426046097651e-05,
      "z_val": -0.010145515203475952,
      "w_val": 0.9999485015869141
    },
    "linear_velocity": {
      "x_val": 0.9493052363395691,
      "y_val": -0.030119359493255615,
      "z_val": -6.402794952009572e-06
    },
    "angular_velocity": {
      "x_val": -4.0602757508168e-05,
      "y_val": -0.0006477371789515018,
      "z_val": -0.49045509099960327
    },
    "linear_acceleration": {
      "x_val": -0.013837706297636032,
      "y_val": -0.38977810740470886,
      "z_val": 0.0001026275785989128
    },
    "angular_acceleration": {
      "x_val": -0.00014317921886686236,
      "y_val": 0.012027517892420292,
      "z_val": -3.178940534591675
    }
  },
  "timestamp": 1747814749529120600
}