{
  "speed": 0.9493234157562256,
  "gear": 1,
  "rpm": 499.9900817871094,
  "maxrpm": 500.0,
  "handbrake": false,
  "kinematics_estimated": {
    "position": {
      "x_val": 10.3912935256958,
      "y_val": 2.280944585800171,
      "z_val": 0.026131518185138702
    },
    "orientation": {
      "x_val": -2.27280020226317e-06,
      "y_val": -4.837626329390332e-05,
      "z_val": -0.055409323424100876,
      "w_val": 0.9984637498855591
    },
    "linear_velocity": {
      "x_val": 0.942082405090332,
      "y_val": -0.11772193759679794,
      "z_val": -7.779537554597482e-06
    },
    "angular_velocity": {
      "x_val": -5.6382312322966754e-05,
      "y_val": -0.0008830102742649615,
      "z_val": -0.46226945519447327
    },
    "linear_acceleration": {
      "x_val": -0.052409496158361435,
      "y_val": -0.42226600646972656,
      "z_val": -0.0008853870094753802
    },
    "angular_acceleration": {
      "x_val": -0.00048209578380919993,
      "y_val": -0.09243419766426086,
      "z_val": -1.982119083404541
    }
  },
  "timestamp": 1747814749718021000
}