{
  "has_collided": false,
  "penetration_depth": -2.727335595409386e-05,
  "time_stamp": 1747814745940810300,
  "normal": {
    "x_val": 0.2902847230434418,
    "y_val": -0.9569402933120728,
    "z_val": 3.122502256758253e-17
  },
  "impact_point": {
    "x_val": 8.432088851928711,
    "y_val": 2.160787343978882,
    "z_val": 0.07531113177537918
  },
  "position": {
    "x_val": 8.551920890808105,
    "y_val": 1.632037878036499,
    "z_val": 0.026138797402381897
  },
  "object_name": "StaticMeshActor_2",
  "object_id": 0
}