{
  "speed": 0.9489643573760986,
  "gear": 1,
  "rpm": 499.9954833984375,
  "maxrpm": 500.0,
  "handbrake": false,
  "kinematics_estimated": {
    "position": {
      "x_val": 10.565911293029785,
      "y_val": 2.257556915283203,
      "z_val": 0.02610783465206623
    },
    "orientation": {
      "x_val": -4.959633770340588e-06,
      "y_val": -5.449463060358539e-05,
      "z_val": -0.09932667762041092,
      "w_val": 0.9950549006462097
    },
    "linear_velocity": {
      "x_val": 0.9278630614280701,
      "y_val": -0.19936911761760712,
      "z_val": -9.6788417067728e-06
    },
    "angular_velocity": {
      "x_val": -6.023874811944552e-05,
      "y_val": -0.0012270357692614198,
      "z_val": -0.5388394594192505
    },
    "linear_acceleration": {
      "x_val": -0.09354779124259949,
      "y_val": -0.4304092824459076,
      "z_val": -0.0008066221489571035
    },
    "angular_acceleration": {
      "x_val": -0.0016469968250021338,
      "y_val": -0.09426713734865189,
      "z_val": -6.920343399047852
    }
  },
  "timestamp": 1747814749899038800
}