{
  "speed": 1.0660732984542847,
  "gear": 1,
  "rpm": 450.35540771484375,
  "maxrpm": 500.0,
  "handbrake": false,
  "kinematics_estimated": {
    "position": {
      "x_val": 0.5441799759864807,
      "y_val": 1.6433842802143772e-06,
      "z_val": 0.026156025007367134
    },
    "orientation": {
      "x_val": -3.196725384402299e-10,
      "y_val": -4.8817724746186286e-05,
      "z_val": -2.007565308304038e-05,
      "w_val": 1.0
    },
    "linear_velocity": {
      "x_val": 1.0660732984542847,
      "y_val": -3.5324123928148765e-06,
      "z_val": -1.372960696244263e-06
    },
    "angular_velocity": {
      "x_val": 2.3720458486309326e-08,
      "y_val": -0.00015842991706449538,
      "z_val": -6.783675053156912e-05
    },
    "linear_acceleration": {
      "x_val": -0.009674964472651482,
      "y_val": 4.975911949145484e-08,
      "z_val": -8.382136729778722e-05
    },
    "angular_acceleration": {
      "x_val": 2.619766746647656e-06,
      "y_val": -0.010016689077019691,
      "z_val": 0.00037984634400345385
    }
  },
  "timestamp": 1747814735927069900
}