{
  "speed": 1.1100777387619019,
  "gear": 1,
  "rpm": 499.2142028808594,
  "maxrpm": 500.0,
  "handbrake": false,
  "kinematics_estimated": {
    "position": {
      "x_val": 10.75955581665039,
      "y_val": 2.214925527572632,
      "z_val": 0.026168834418058395
    },
    "orientation": {
      "x_val": -5.070906809123699e-06,
      "y_val": -4.544268813333474e-05,
      "z_val": -0.11179472506046295,
      "w_val": 0.9937313199043274
    },
    "linear_velocity": {
      "x_val": 1.0816510915756226,
      "y_val": -0.2496255785226822,
      "z_val": 1.0331777957617305e-05
    },
    "angular_velocity": {
      "x_val": -4.020983396912925e-06,
      "y_val": 0.0011228035436943173,
      "z_val": -0.02730102650821209
    },
    "linear_acceleration": {
      "x_val": -0.008480845019221306,
      "y_val": 0.00631731515750289,
      "z_val": 0.0007494306191802025
    },
    "angular_acceleration": {
      "x_val": -0.0006476243725046515,
      "y_val": 0.09851672500371933,
      "z_val": 1.0234456062316895
    }
  },
  "timestamp": 1747814750097052500
}