{
  "speed": 1.107936978340149,
  "gear": 1,
  "rpm": 499.63531494140625,
  "maxrpm": 500.0,
  "handbrake": false,
  "kinematics_estimated": {
    "position": {
      "x_val": 10.957186698913574,
      "y_val": 2.1695613861083984,
      "z_val": 0.02616473101079464
    },
    "orientation": {
      "x_val": -5.322420747688739e-06,
      "y_val": -4.695487950812094e-05,
      "z_val": -0.11273433268070221,
      "w_val": 0.9936251640319824
    },
    "linear_velocity": {
      "x_val": 1.0797146558761597,
      "y_val": -0.24847638607025146,
      "z_val": 1.854066431405954e-05
    },
    "angular_velocity": {
      "x_val": -2.7089381546829827e-06,
      "y_val": 0.002633425174281001,
      "z_val": -0.002838862594217062
    },
    "linear_acceleration": {
      "x_val": -0.011799143627285957,
      "y_val": 0.004111799877136946,
      "z_val": 0.0013536567566916347
    },
    "angular_acceleration": {
      "x_val": -7.374350389000028e-05,
      "y_val": 0.2066478729248047,
      "z_val": 0.09143108129501343
    }
  },
  "timestamp": 1747814750274510800
}