{
  "speed": 1.1055049896240234,
  "gear": 1,
  "rpm": 499.84771728515625,
  "maxrpm": 500.0,
  "handbrake": false,
  "kinematics_estimated": {
    "position": {
      "x_val": 11.181371688842773,
      "y_val": 2.1179983615875244,
      "z_val": 0.02609845995903015
    },
    "orientation": {
      "x_val": -7.371444098680513e-06,
      "y_val": -6.500157905975357e-05,
      "z_val": -0.11288127303123474,
      "w_val": 0.9936084747314453
    },
    "linear_velocity": {
      "x_val": 1.0773276090621948,
      "y_val": -0.24800528585910797,
      "z_val": 3.854793703794712e-06
    },
    "angular_velocity": {
      "x_val": -2.210764932897291e-06,
      "y_val": 0.000489822297822684,
      "z_val": -0.0010850898688659072
    },
    "linear_acceleration": {
      "x_val": -0.013269924558699131,
      "y_val": -0.0015389025211334229,
      "z_val": 0.0007018498727120459
    },
    "angular_acceleration": {
      "x_val": -0.00021436384122353047,
      "y_val": 0.09656160324811935,
      "z_val": 0.01568976230919361
    }
  },
  "timestamp": 1747814750489959500
}