{
  "speed": 1.1033401489257812,
  "gear": 1,
  "rpm": 499.93017578125,
  "maxrpm": 500.0,
  "handbrake": false,
  "kinematics_estimated": {
    "position": {
      "x_val": 11.380938529968262,
      "y_val": 2.072072744369507,
      "z_val": 0.026120390743017197
    },
    "orientation": {
      "x_val": -6.656489404122112e-06,
      "y_val": -5.841274469275959e-05,
      "z_val": -0.11297381669282913,
      "w_val": 0.9935979843139648
    },
    "linear_velocity": {
      "x_val": 1.0752179622650146,
      "y_val": -0.24751964211463928,
      "z_val": -4.0895524762163404e-06
    },
    "angular_velocity": {
      "x_val": -9.04839680515579e-07,
      "y_val": -0.0006004517781548202,
      "z_val": -0.0011121747083961964
    },
    "linear_acceleration": {
      "x_val": -0.012603704817593098,
      "y_val": 0.0029015722684562206,
      "z_val": -0.0003641757648438215
    },
    "angular_acceleration": {
      "x_val": -7.037189789116383e-05,
      "y_val": -0.049506328999996185,
      "z_val": -0.007986236363649368
    }
  },
  "timestamp": 1747814750673509600
}