{
  "speed": 1.1012064218521118,
  "gear": 1,
  "rpm": 499.9714660644531,
  "maxrpm": 500.0,
  "handbrake": false,
  "kinematics_estimated": {
    "position": {
      "x_val": 11.60901927947998,
      "y_val": 2.018022298812866,
      "z_val": 0.026110077276825905
    },
    "orientation": {
      "x_val": -7.210287549241912e-06,
      "y_val": -5.238931771600619e-05,
      "z_val": -0.14567942917346954,
      "w_val": 0.989331841468811
    },
    "linear_velocity": {
      "x_val": 1.0531376600265503,
      "y_val": -0.3218350410461426,
      "z_val": -6.211279014678439e-06
    },
    "angular_velocity": {
      "x_val": -5.311220229486935e-05,
      "y_val": -0.0006999158067628741,
      "z_val": -0.5064588785171509
    },
    "linear_acceleration": {
      "x_val": -0.17049512267112732,
      "y_val": -0.5405034422874451,
      "z_val": -0.0004696225223597139
    },
    "angular_acceleration": {
      "x_val": -0.0005858357180841267,
      "y_val": -0.05613834410905838,
      "z_val": -5.566649913787842
    }
  },
  "timestamp": 1747814750882063900
}