{
  "speed": 0.9009058475494385,
  "gear": 1,
  "rpm": 499.9874572753906,
  "maxrpm": 500.0,
  "handbrake": false,
  "kinematics_estimated": {
    "position": {
      "x_val": 11.801493644714355,
      "y_val": 1.9496246576309204,
      "z_val": 0.012927459552884102
    },
    "orientation": {
      "x_val": -0.02380782552063465,
      "y_val": 0.004168886225670576,
      "z_val": -0.17904619872570038,
      "w_val": 0.9835437536239624
    },
    "linear_velocity": {
      "x_val": 0.8134172558784485,
      "y_val": -0.39649882912635803,
      "z_val": -0.1731233298778534
    },
    "angular_velocity": {
      "x_val": -0.6661777496337891,
      "y_val": 0.006211977452039719,
      "z_val": -0.12459312379360199
    },
    "linear_acceleration": {
      "x_val": -1.5206384658813477,
      "y_val": 0.11696800589561462,
      "z_val": 0.3039599359035492
    },
    "angular_acceleration": {
      "x_val": 1.4958292245864868,
      "y_val": 0.28552064299583435,
      "z_val": 4.061583042144775
    }
  },
  "timestamp": 1747814751081371900
}