{
  "speed": 0.6639089584350586,
  "gear": 1,
  "rpm": 499.36126708984375,
  "maxrpm": 500.0,
  "handbrake": false,
  "kinematics_estimated": {
    "position": {
      "x_val": 11.932768821716309,
      "y_val": 1.8778190612792969,
      "z_val": -0.013443647883832455
    },
    "orientation": {
      "x_val": -0.06241669878363609,
      "y_val": 0.021591369062662125,
      "z_val": -0.16384562849998474,
      "w_val": 0.9842725992202759
    },
    "linear_velocity": {
      "x_val": 0.5873589515686035,
      "y_val": -0.32386308908462524,
      "z_val": -0.14977332949638367
    },
    "angular_velocity": {
      "x_val": 0.09000580757856369,
      "y_val": 0.703873336315155,
      "z_val": 0.11520826816558838
    },
    "linear_acceleration": {
      "x_val": -2.1298789978027344,
      "y_val": 1.4952582120895386,
      "z_val": 2.4122629165649414
    },
    "angular_acceleration": {
      "x_val": 8.77897834777832,
      "y_val": 19.484106063842773,
      "z_val": -3.0408425331115723
    }
  },
  "timestamp": 1747814751257907900
}