{
  "speed": 0.2702986001968384,
  "gear": 1,
  "rpm": 499.725830078125,
  "maxrpm": 500.0,
  "handbrake": false,
  "kinematics_estimated": {
    "position": {
      "x_val": 12.007966041564941,
      "y_val": 1.8341118097305298,
      "z_val": -0.032658569514751434
    },
    "orientation": {
      "x_val": -0.050419796258211136,
      "y_val": 0.06524444371461868,
      "z_val": -0.15209543704986572,
      "w_val": 0.98492032289505
    },
    "linear_velocity": {
      "x_val": 0.23557087779045105,
      "y_val": -0.13358314335346222,
      "z_val": -0.059472501277923584
    },
    "angular_velocity": {
      "x_val": 0.04240965098142624,
      "y_val": 0.2657060921192169,
      "z_val": 0.16973276436328888
    },
    "linear_acceleration": {
      "x_val": -1.6237401962280273,
      "y_val": 0.7778806686401367,
      "z_val": 0.4058152437210083
    },
    "angular_acceleration": {
      "x_val": -0.034298375248909,
      "y_val": -4.0488362312316895,
      "z_val": 1.0880874395370483
    }
  },
  "timestamp": 1747814751459265700
}