{
  "speed": -0.05121343955397606,
  "gear": 1,
  "rpm": 499.871337890625,
  "maxrpm": 500.0,
  "handbrake": false,
  "kinematics_estimated": {
    "position": {
      "x_val": 12.01867389678955,
      "y_val": 1.8191479444503784,
      "z_val": -0.034435663372278214
    },
    "orientation": {
      "x_val": -0.04271978884935379,
      "y_val": 0.07737652957439423,
      "z_val": -0.1336333304643631,
      "w_val": 0.9870815873146057
    },
    "linear_velocity": {
      "x_val": -0.056725893169641495,
      "y_val": -0.021501928567886353,
      "z_val": 0.021278776228427887
    },
    "angular_velocity": {
      "x_val": 0.056536223739385605,
      "y_val": 0.020651744678616524,
      "z_val": 0.23864300549030304
    },
    "linear_acceleration": {
      "x_val": -1.4969497919082642,
      "y_val": 0.5520963072776794,
      "z_val": 0.40944328904151917
    },
    "angular_acceleration": {
      "x_val": -0.0517922006547451,
      "y_val": -1.55014967918396,
      "z_val": -1.0141172409057617
    }
  },
  "timestamp": 1747814751643346500
}