{
  "speed": -0.37315833568573,
  "gear": 1,
  "rpm": 499.9448547363281,
  "maxrpm": 500.0,
  "handbrake": false,
  "kinematics_estimated": {
    "position": {
      "x_val": 11.97130012512207,
      "y_val": 1.8207447528839111,
      "z_val": -0.023148441687226295
    },
    "orientation": {
      "x_val": -0.03542085364460945,
      "y_val": 0.06355304270982742,
      "z_val": -0.10497887432575226,
      "w_val": 0.9918093681335449
    },
    "linear_velocity": {
      "x_val": -0.35699278116226196,
      "y_val": 0.06612986326217651,
      "z_val": 0.10831643640995026
    },
    "angular_velocity": {
      "x_val": 0.09379181265830994,
      "y_val": -0.30638062953948975,
      "z_val": 0.30178433656692505
    },
    "linear_acceleration": {
      "x_val": -1.1799031496047974,
      "y_val": 0.37932324409484863,
      "z_val": 0.5376037955284119
    },
    "angular_acceleration": {
      "x_val": 0.4163303077220917,
      "y_val": -2.451399564743042,
      "z_val": -3.901019334793091
    }
  },
  "timestamp": 1747814751844770400
}