{
  "speed": 1.0637465715408325,
  "gear": 1,
  "rpm": 479.1902770996094,
  "maxrpm": 500.0,
  "handbrake": false,
  "kinematics_estimated": {
    "position": {
      "x_val": 0.7647086381912231,
      "y_val": 2.216971097368514e-06,
      "z_val": 0.026172343641519547
    },
    "orientation": {
      "x_val": -2.2720569869960627e-09,
      "y_val": -4.468388215173036e-05,
      "z_val": -2.8223954359418713e-05,
      "w_val": 1.0
    },
    "linear_velocity": {
      "x_val": 1.0637465715408325,
      "y_val": -3.5193818348489003e-06,
      "z_val": 9.805634363146964e-06
    },
    "angular_velocity": {
      "x_val": -2.024707868031328e-07,
      "y_val": 0.0012575805885717273,
      "z_val": -7.367555372184142e-05
    },
    "linear_acceleration": {
      "x_val": -0.010526047088205814,
      "y_val": 6.298990484765454e-08,
      "z_val": 0.0004690221685450524
    },
    "angular_acceleration": {
      "x_val": -7.797297257639002e-06,
      "y_val": 0.061042096465826035,
      "z_val": 0.0007693413645029068
    }
  },
  "timestamp": 1747814736131884600
}