{
  "speed": -0.667263388633728,
  "gear": 1,
  "rpm": 499.97442626953125,
  "maxrpm": 500.0,
  "handbrake": false,
  "kinematics_estimated": {
    "position": {
      "x_val": 11.874975204467773,
      "y_val": 1.8321905136108398,
      "z_val": -0.0015169811667874455
    },
    "orientation": {
      "x_val": -0.028646383434534073,
      "y_val": 0.026937268674373627,
      "z_val": -0.07373642176389694,
      "w_val": 0.9965022206306458
    },
    "linear_velocity": {
      "x_val": -0.6503089070320129,
      "y_val": 0.1051090657711029,
      "z_val": 0.18925979733467102
    },
    "angular_velocity": {
      "x_val": 0.13528287410736084,
      "y_val": -0.6069321632385254,
      "z_val": 0.40306058526039124
    },
    "linear_acceleration": {
      "x_val": -1.7847273349761963,
      "y_val": 0.17278939485549927,
      "z_val": 0.5275253653526306
    },
    "angular_acceleration": {
      "x_val": 1.1252923011779785,
      "y_val": -5.837291717529297,
      "z_val": 1.9648165702819824
    }
  },
  "timestamp": 1747814752024187400
}