{
  "speed": -0.475269079208374,
  "gear": 1,
  "rpm": 485.9190979003906,
  "maxrpm": 500.0,
  "handbrake": false,
  "kinematics_estimated": {
    "position": {
      "x_val": 11.732941627502441,
      "y_val": 1.8501548767089844,
      "z_val": 0.026248134672641754
    },
    "orientation": {
      "x_val": 2.6583747967379168e-05,
      "y_val": -5.614865222014487e-05,
      "z_val": -0.04099738970398903,
      "w_val": 0.9991592764854431
    },
    "linear_velocity": {
      "x_val": -0.46939653158187866,
      "y_val": 0.09094145894050598,
      "z_val": 3.2556577934883535e-05
    },
    "angular_velocity": {
      "x_val": 0.002624840708449483,
      "y_val": 0.0005665036733262241,
      "z_val": 0.1981484442949295
    },
    "linear_acceleration": {
      "x_val": 7.332521915435791,
      "y_val": -0.6637389659881592,
      "z_val": 0.0022735721431672573
    },
    "angular_acceleration": {
      "x_val": -0.22047366201877594,
      "y_val": -0.04337884485721588,
      "z_val": -1.0092343091964722
    }
  },
  "timestamp": 1747814752229498200
}