{
  "speed": 0.2206050008535385,
  "gear": 1,
  "rpm": 389.5587463378906,
  "maxrpm": 500.0,
  "handbrake": false,
  "kinematics_estimated": {
    "position": {
      "x_val": 11.707341194152832,
      "y_val": 1.8554632663726807,
      "z_val": 0.026101894676685333
    },
    "orientation": {
      "x_val": 6.932280484761577e-06,
      "y_val": -4.639626058633439e-05,
      "z_val": -0.030183032155036926,
      "w_val": 0.9995443820953369
    },
    "linear_velocity": {
      "x_val": 0.22117064893245697,
      "y_val": 0.0026958491653203964,
      "z_val": -1.6661562767694704e-05
    },
    "angular_velocity": {
      "x_val": 0.0007096129702404141,
      "y_val": -0.00027028509066440165,
      "z_val": 0.06927625834941864
    },
    "linear_acceleration": {
      "x_val": 7.266746520996094,
      "y_val": -0.459400475025177,
      "z_val": -0.0018298408249393106
    },
    "angular_acceleration": {
      "x_val": 0.10251779109239578,
      "y_val": -0.09893620014190674,
      "z_val": -0.13435646891593933
    }
  },
  "timestamp": 1747814752410215500
}