{
  "speed": 0.8203825354576111,
  "gear": 1,
  "rpm": 389.1686096191406,
  "maxrpm": 500.0,
  "handbrake": false,
  "kinematics_estimated": {
    "position": {
      "x_val": 11.81927490234375,
      "y_val": 1.8494675159454346,
      "z_val": 0.023363150656223297
    },
    "orientation": {
      "x_val": -0.00506085017696023,
      "y_val": 9.211239375872537e-05,
      "z_val": -0.02431119978427887,
      "w_val": 0.9996916055679321
    },
    "linear_velocity": {
      "x_val": 0.8191503882408142,
      "y_val": -0.04546075314283371,
      "z_val": -0.15113292634487152
    },
    "angular_velocity": {
      "x_val": -0.43704283237457275,
      "y_val": -2.6179011911153793e-05,
      "z_val": 0.20388218760490417
    },
    "linear_acceleration": {
      "x_val": -3.554917573928833,
      "y_val": -0.020166588947176933,
      "z_val": -6.517033100128174
    },
    "angular_acceleration": {
      "x_val": -18.87113380432129,
      "y_val": 0.04476093128323555,
      "z_val": 7.557559013366699
    }
  },
  "timestamp": 1747814752607846700
}