{
  "speed": 0.9006979465484619,
  "gear": 1,
  "rpm": 448.4741516113281,
  "maxrpm": 500.0,
  "handbrake": false,
  "kinematics_estimated": {
    "position": {
      "x_val": 12.018537521362305,
      "y_val": 1.8405420780181885,
      "z_val": -0.021590087562799454
    },
    "orientation": {
      "x_val": 9.170055272988975e-05,
      "y_val": 0.0941988006234169,
      "z_val": 0.0020541728008538485,
      "w_val": 0.9955512881278992
    },
    "linear_velocity": {
      "x_val": 0.8725786209106445,
      "y_val": 0.013823047280311584,
      "z_val": -0.23222211003303528
    },
    "angular_velocity": {
      "x_val": 0.050055745989084244,
      "y_val": 1.034339189529419,
      "z_val": 0.1351247876882553
    },
    "linear_acceleration": {
      "x_val": -2.307873010635376,
      "y_val": 0.2486228346824646,
      "z_val": 0.20717982947826385
    },
    "angular_acceleration": {
      "x_val": -0.32509127259254456,
      "y_val": -0.3831446170806885,
      "z_val": -2.006721258163452
    }
  },
  "timestamp": 1747814752819379400
}