{
  "speed": 1.0082190036773682,
  "gear": 1,
  "rpm": 475.728271484375,
  "maxrpm": 500.0,
  "handbrake": false,
  "kinematics_estimated": {
    "position": {
      "x_val": 12.204675674438477,
      "y_val": 1.8415089845657349,
      "z_val": -0.05745311453938484
    },
    "orientation": {
      "x_val": 9.51073452597484e-05,
      "y_val": 0.186147078871727,
      "z_val": 0.00029871423612348735,
      "w_val": 0.9825218319892883
    },
    "linear_velocity": {
      "x_val": 0.9884235262870789,
      "y_val": -0.0018749632872641087,
      "z_val": -0.24138663709163666
    },
    "angular_velocity": {
      "x_val": 0.013140657916665077,
      "y_val": 0.8824213743209839,
      "z_val": 0.05495123937726021
    },
    "linear_acceleration": {
      "x_val": 5.868581771850586,
      "y_val": 0.0017476994544267654,
      "z_val": -1.5644612312316895
    },
    "angular_acceleration": {
      "x_val": 1.3673474788665771,
      "y_val": -6.258641719818115,
      "z_val": 1.2720141410827637
    }
  },
  "timestamp": 1747814753022395200
}