{
  "speed": 0.9787072539329529,
  "gear": 1,
  "rpm": 482.78179931640625,
  "maxrpm": 500.0,
  "handbrake": false,
  "kinematics_estimated": {
    "position": {
      "x_val": 12.366019248962402,
      "y_val": 1.841807246208191,
      "z_val": -0.12059883028268814
    },
    "orientation": {
      "x_val": 0.00038010175921954215,
      "y_val": 0.1907990723848343,
      "z_val": 0.001954274019226432,
      "w_val": 0.9816271066665649
    },
    "linear_velocity": {
      "x_val": 0.9074047803878784,
      "y_val": 0.004922807216644287,
      "z_val": -0.3666897118091583
    },
    "angular_velocity": {
      "x_val": 0.00012973835691809654,
      "y_val": 0.00017334883159492165,
      "z_val": 0.008093426935374737
    },
    "linear_acceleration": {
      "x_val": 4.367754936218262,
      "y_val": 0.030994758009910583,
      "z_val": -1.7680801153182983
    },
    "angular_acceleration": {
      "x_val": 0.004787146113812923,
      "y_val": 0.0018611043924465775,
      "z_val": 0.0117423664778471
    }
  },
  "timestamp": 1747814753203564900
}