{
  "speed": 0.9816012382507324,
  "gear": 1,
  "rpm": 488.76300048828125,
  "maxrpm": 500.0,
  "handbrake": false,
  "kinematics_estimated": {
    "position": {
      "x_val": 12.539695739746094,
      "y_val": 1.8428394794464111,
      "z_val": -0.1907406449317932
    },
    "orientation": {
      "x_val": 0.0004502456577029079,
      "y_val": 0.19079990684986115,
      "z_val": 0.0023175771348178387,
      "w_val": 0.9816260933876038
    },
    "linear_velocity": {
      "x_val": 0.9100813865661621,
      "y_val": 0.006179941818118095,
      "z_val": -0.3677731156349182
    },
    "angular_velocity": {
      "x_val": 2.41645029745996e-05,
      "y_val": -0.0001885200326796621,
      "z_val": 0.002189421793445945
    },
    "linear_acceleration": {
      "x_val": 4.731441497802734,
      "y_val": 0.040742792189121246,
      "z_val": -1.91581392288208
    },
    "angular_acceleration": {
      "x_val": -0.0005151192890480161,
      "y_val": -0.03392719849944115,
      "z_val": 0.022987084463238716
    }
  },
  "timestamp": 1747814753398391900
}