{
  "speed": 1.0154670476913452,
  "gear": 1,
  "rpm": 493.48150634765625,
  "maxrpm": 500.0,
  "handbrake": false,
  "kinematics_estimated": {
    "position": {
      "x_val": 12.720187187194824,
      "y_val": 1.8440701961517334,
      "z_val": -0.26372942328453064
    },
    "orientation": {
      "x_val": 0.0004867010284215212,
      "y_val": 0.19079871475696564,
      "z_val": 0.002505398588255048,
      "w_val": 0.9816258549690247
    },
    "linear_velocity": {
      "x_val": 0.9414752125740051,
      "y_val": 0.006737754214555025,
      "z_val": -0.38046661019325256
    },
    "angular_velocity": {
      "x_val": 2.440542448312044e-05,
      "y_val": -0.00023951492039486766,
      "z_val": 0.002134552225470543
    },
    "linear_acceleration": {
      "x_val": 4.9310302734375,
      "y_val": 0.04609985277056694,
      "z_val": -1.9963780641555786
    },
    "angular_acceleration": {
      "x_val": 0.001700234366580844,
      "y_val": -0.005084631964564323,
      "z_val": 0.026769718155264854
    }
  },
  "timestamp": 1747814753601739500
}