{
  "speed": 0.9994673132896423,
  "gear": 1,
  "rpm": 490.6736145019531,
  "maxrpm": 500.0,
  "handbrake": false,
  "kinematics_estimated": {
    "position": {
      "x_val": 12.882180213928223,
      "y_val": 1.84523606300354,
      "z_val": -0.32917821407318115
    },
    "orientation": {
      "x_val": 0.0005181855522096157,
      "y_val": 0.19079828262329102,
      "z_val": 0.002667252207174897,
      "w_val": 0.981625497341156
    },
    "linear_velocity": {
      "x_val": 0.9266396760940552,
      "y_val": 0.007183069363236427,
      "z_val": -0.3744666874408722
    },
    "angular_velocity": {
      "x_val": 5.327700637280941e-05,
      "y_val": 0.0002198911242885515,
      "z_val": 0.0022100331261754036
    },
    "linear_acceleration": {
      "x_val": 5.331563472747803,
      "y_val": 0.052488602697849274,
      "z_val": -2.1623082160949707
    },
    "angular_acceleration": {
      "x_val": 0.0049493336118757725,
      "y_val": 0.022027596831321716,
      "z_val": 0.02610025927424431
    }
  },
  "timestamp": 1747814753789936200
}