{
  "speed": 1.0616586208343506,
  "gear": 1,
  "rpm": 490.44171142578125,
  "maxrpm": 500.0,
  "handbrake": false,
  "kinematics_estimated": {
    "position": {
      "x_val": 0.9615980982780457,
      "y_val": 0.0005998222040943801,
      "z_val": 0.026085270568728447
    },
    "orientation": {
      "x_val": 4.59964120125278e-08,
      "y_val": -6.599360494874418e-05,
      "z_val": -0.004664051346480846,
      "w_val": 0.9999890923500061
    },
    "linear_velocity": {
      "x_val": 1.0616517066955566,
      "y_val": -0.005689500365406275,
      "z_val": -8.080342013272457e-06
    },
    "angular_velocity": {
      "x_val": -1.795289972505998e-05,
      "y_val": -0.000743793323636055,
      "z_val": -0.22595097124576569
    },
    "linear_acceleration": {
      "x_val": -0.010986005887389183,
      "y_val": -0.20785629749298096,
      "z_val": -0.0003921043244190514
    },
    "angular_acceleration": {
      "x_val": -0.0007106780540198088,
      "y_val": -0.03879854455590248,
      "z_val": -3.7982747554779053
    }
  },
  "timestamp": 1747814736319840400
}