{"timesteps": 9636, "reward": -1.0, "done": 1, "collision": 0, "truncated": 1, "_timestamp": 1723054462.820866, "_runtime": 12045.813049077988, "_step": 9635, "episode_reward": 0.6, "episode_length": 9, "_wandb": {"runtime": 12073}}