{"timesteps": 362, "reward": -0.20000000298023224, "Done": false, "_timestamp": 1722863075.2460968, "_runtime": 456.0441207885742, "_step": 361, "_wandb": {"runtime": 456}}