{
  "speed": -4.941935749513959e-10,
  "gear": 1,
  "rpm": 31.44950294494629,
  "maxrpm": 500.0,
  "handbrake": false,
  "kinematics_estimated": {
    "position": {
      "x_val": -4.771471503772773e-05,
      "y_val": 2.3245869670063257e-05,
      "z_val": 0.02609909512102604
    },
    "orientation": {
      "x_val": 2.003557098007036e-09,
      "y_val": -6.392263458110392e-05,
      "z_val": -4.1450821299804375e-06,
      "w_val": 1.0
    },
    "linear_velocity": {
      "x_val": 0.0,
      "y_val": 0.0,
      "z_val": -3.8655603020743e-06
    },
    "angular_velocity": {
      "x_val": -2.63799279309751e-07,
      "y_val": 0.001092328573577106,
      "z_val": 5.273551040296809e-10
    },
    "linear_acceleration": {
      "x_val": 0.0,
      "y_val": 0.0,
      "z_val": -0.00010283835581503808
    },
    "angular_acceleration": {
      "x_val": -7.018047199380817e-06,
      "y_val": 0.02906002476811409,
      "z_val": 1.4029617467770095e-08
    }
  },
  "timestamp": 1746281590089500200
}