{
  "speed": 0.695302426815033,
  "gear": 1,
  "rpm": 371.0846862792969,
  "maxrpm": 500.0,
  "handbrake": false,
  "kinematics_estimated": {
    "position": {
      "x_val": 13.816702842712402,
      "y_val": -0.7219253182411194,
      "z_val": -0.7063666582107544
    },
    "orientation": {
      "x_val": 0.01067656185477972,
      "y_val": 0.19050827622413635,
      "z_val": 0.05510764941573143,
      "w_val": 0.9800794720649719
    },
    "linear_velocity": {
      "x_val": 0.6372232437133789,
      "y_val": 0.11044162511825562,
      "z_val": -0.25741949677467346
    },
    "angular_velocity": {
      "x_val": -0.005826964974403381,
      "y_val": 0.0017279218882322311,
      "z_val": 0.5415070652961731
    },
    "linear_acceleration": {
      "x_val": -2.9074363708496094,
      "y_val": 0.5762757062911987,
      "z_val": 1.1777265071868896
    },
    "angular_acceleration": {
      "x_val": -0.5848044157028198,
      "y_val": 0.021424761041998863,
      "z_val": -6.234051704406738
    }
  },
  "timestamp": 1746281613586761300
}