{
  "speed": 0.8764411807060242,
  "gear": 1,
  "rpm": 395.7906799316406,
  "maxrpm": 500.0,
  "handbrake": false,
  "kinematics_estimated": {
    "position": {
      "x_val": 13.975179672241211,
      "y_val": -0.6904112100601196,
      "z_val": -0.7703810930252075
    },
    "orientation": {
      "x_val": 0.02404789999127388,
      "y_val": 0.1892796903848648,
      "z_val": 0.12390030175447464,
      "w_val": 0.9737780094146729
    },
    "linear_velocity": {
      "x_val": 0.7719662189483643,
      "y_val": 0.28110775351524353,
      "z_val": -0.31184855103492737
    },
    "angular_velocity": {
      "x_val": -0.006115049123764038,
      "y_val": 0.0011784732341766357,
      "z_val": 0.6066481471061707
    },
    "linear_acceleration": {
      "x_val": -2.909193515777588,
      "y_val": 0.02013845555484295,
      "z_val": 1.1793166399002075
    },
    "angular_acceleration": {
      "x_val": -0.6493660807609558,
      "y_val": -0.06528101861476898,
      "z_val": -7.503645420074463
    }
  },
  "timestamp": 1746281613796813300
}