{
  "speed": 1.0574965476989746,
  "gear": 1,
  "rpm": 424.9248962402344,
  "maxrpm": 500.0,
  "handbrake": false,
  "kinematics_estimated": {
    "position": {
      "x_val": 14.129900932312012,
      "y_val": -0.6295082569122314,
      "z_val": -0.8328941464424133
    },
    "orientation": {
      "x_val": 0.03448399156332016,
      "y_val": 0.18764837086200714,
      "z_val": 0.17748934030532837,
      "w_val": 0.9654514193534851
    },
    "linear_velocity": {
      "x_val": 0.8870059251785278,
      "y_val": 0.45942994952201843,
      "z_val": -0.3583183288574219
    },
    "angular_velocity": {
      "x_val": -0.003976002335548401,
      "y_val": -0.0011211410164833069,
      "z_val": 0.40062305331230164
    },
    "linear_acceleration": {
      "x_val": -2.987818717956543,
      "y_val": -1.0619962215423584,
      "z_val": 1.212622880935669
    },
    "angular_acceleration": {
      "x_val": -0.4459115266799927,
      "y_val": -0.14820975065231323,
      "z_val": -3.375114917755127
    }
  },
  "timestamp": 1746281613966700700
}