{
  "speed": 0.9601318836212158,
  "gear": 1,
  "rpm": 463.9590759277344,
  "maxrpm": 500.0,
  "handbrake": false,
  "kinematics_estimated": {
    "position": {
      "x_val": 14.291244506835938,
      "y_val": -0.5423161387443542,
      "z_val": -0.8980835676193237
    },
    "orientation": {
      "x_val": 0.03824238106608391,
      "y_val": 0.1869228035211563,
      "z_val": 0.19675728678703308,
      "w_val": 0.9617088437080383
    },
    "linear_velocity": {
      "x_val": 0.7868422269821167,
      "y_val": 0.4575102925300598,
      "z_val": -0.3179066479206085
    },
    "angular_velocity": {
      "x_val": 6.054341793060303e-05,
      "y_val": 4.373118281364441e-05,
      "z_val": 0.14127464592456818
    },
    "linear_acceleration": {
      "x_val": -2.4630537033081055,
      "y_val": -1.4604077339172363,
      "z_val": 0.9915509223937988
    },
    "angular_acceleration": {
      "x_val": 0.07950685173273087,
      "y_val": 0.03500379994511604,
      "z_val": -0.4660194218158722
    }
  },
  "timestamp": 1746281614155844500
}