{
  "speed": 1.0481126308441162,
  "gear": 1,
  "rpm": 480.5740661621094,
  "maxrpm": 500.0,
  "handbrake": false,
  "kinematics_estimated": {
    "position": {
      "x_val": 14.444948196411133,
      "y_val": -0.44952479004859924,
      "z_val": -0.9604269862174988
    },
    "orientation": {
      "x_val": 0.04061981290578842,
      "y_val": 0.18643394112586975,
      "z_val": 0.2089228481054306,
      "w_val": 0.9591369032859802
    },
    "linear_velocity": {
      "x_val": 0.8393312692642212,
      "y_val": 0.5406284332275391,
      "z_val": -0.33917418122291565
    },
    "angular_velocity": {
      "x_val": 0.0013480894267559052,
      "y_val": 0.0006791912019252777,
      "z_val": 0.13270719349384308
    },
    "linear_acceleration": {
      "x_val": 3.6285760402679443,
      "y_val": 3.268434762954712,
      "z_val": -1.4692444801330566
    },
    "angular_acceleration": {
      "x_val": 0.06638183444738388,
      "y_val": 0.01122783962637186,
      "z_val": 0.30964818596839905
    }
  },
  "timestamp": 1746281614341750200
}