{
  "speed": 0.06729307770729065,
  "gear": 1,
  "rpm": 437.7691345214844,
  "maxrpm": 500.0,
  "handbrake": false,
  "kinematics_estimated": {
    "position": {
      "x_val": 14.54721736907959,
      "y_val": -0.37987929582595825,
      "z_val": -1.0069350004196167
    },
    "orientation": {
      "x_val": 0.04471588134765625,
      "y_val": 0.17643824219703674,
      "z_val": 0.21840345859527588,
      "w_val": 0.9587334990501404
    },
    "linear_velocity": {
      "x_val": 0.015670843422412872,
      "y_val": 0.09629235416650772,
      "z_val": -0.03842136636376381
    },
    "angular_velocity": {
      "x_val": 0.002055732998996973,
      "y_val": -0.1646139770746231,
      "z_val": 0.04795002192258835
    },
    "linear_acceleration": {
      "x_val": -4.421058177947998,
      "y_val": -2.7123193740844727,
      "z_val": 2.7505459785461426
    },
    "angular_acceleration": {
      "x_val": 0.016616754233837128,
      "y_val": 6.0281877517700195,
      "z_val": -1.437807321548462
    }
  },
  "timestamp": 1746281614530901400
}