{
  "speed": -0.10962214320898056,
  "gear": 1,
  "rpm": 227.2957763671875,
  "maxrpm": 500.0,
  "handbrake": false,
  "kinematics_estimated": {
    "position": {
      "x_val": 14.531587600708008,
      "y_val": -0.3774062693119049,
      "z_val": -0.9952993392944336
    },
    "orientation": {
      "x_val": 0.04342056065797806,
      "y_val": 0.18578340113162994,
      "z_val": 0.2233111709356308,
      "w_val": 0.9558929204940796
    },
    "linear_velocity": {
      "x_val": -0.11520615220069885,
      "y_val": 0.003998687956482172,
      "z_val": 0.046549342572689056
    },
    "angular_velocity": {
      "x_val": -5.7367607951164246e-05,
      "y_val": 0.0002055717632174492,
      "z_val": 0.04751187190413475
    },
    "linear_acceleration": {
      "x_val": 0.016844674944877625,
      "y_val": -0.02046113647520542,
      "z_val": -0.006616474129259586
    },
    "angular_acceleration": {
      "x_val": -0.004901537671685219,
      "y_val": 0.014255078509449959,
      "z_val": -0.07686366885900497
    }
  },
  "timestamp": 1746281614717381200
}