{
  "speed": -1.2267650365829468,
  "gear": -1,
  "rpm": 314.6400451660156,
  "maxrpm": 500.0,
  "handbrake": false,
  "kinematics_estimated": {
    "position": {
      "x_val": 14.404335975646973,
      "y_val": -0.42891058325767517,
      "z_val": -0.9526406526565552
    },
    "orientation": {
      "x_val": 0.04834553599357605,
      "y_val": 0.17154404520988464,
      "z_val": 0.23085448145866394,
      "w_val": 0.9565258026123047
    },
    "linear_velocity": {
      "x_val": -1.0606579780578613,
      "y_val": -0.4741259515285492,
      "z_val": 0.40650245547294617
    },
    "angular_velocity": {
      "x_val": 0.0034997425973415375,
      "y_val": -0.130991593003273,
      "z_val": 0.11254015564918518
    },
    "linear_acceleration": {
      "x_val": -0.8221274614334106,
      "y_val": -1.8578062057495117,
      "z_val": 1.7850065231323242
    },
    "angular_acceleration": {
      "x_val": 0.11195576190948486,
      "y_val": 7.117487907409668,
      "z_val": -0.06677903980016708
    }
  },
  "timestamp": 1746281614907192300
}