{
  "speed": -1.5997753143310547,
  "gear": -1,
  "rpm": 415.7836608886719,
  "maxrpm": 500.0,
  "handbrake": false,
  "kinematics_estimated": {
    "position": {
      "x_val": 14.178976058959961,
      "y_val": -0.5440096855163574,
      "z_val": -0.8530223369598389
    },
    "orientation": {
      "x_val": 0.04554912447929382,
      "y_val": 0.18524695932865143,
      "z_val": 0.2341354340314865,
      "w_val": 0.9533044695854187
    },
    "linear_velocity": {
      "x_val": -1.334398627281189,
      "y_val": -0.7001166343688965,
      "z_val": 0.5391116142272949
    },
    "angular_velocity": {
      "x_val": 0.0009490549564361572,
      "y_val": -0.0005762204527854919,
      "z_val": -0.21421316266059875
    },
    "linear_acceleration": {
      "x_val": -1.7806117534637451,
      "y_val": -1.117682695388794,
      "z_val": 0.7603133916854858
    },
    "angular_acceleration": {
      "x_val": -0.4643917381763458,
      "y_val": -0.5173550844192505,
      "z_val": -4.273996829986572
    }
  },
  "timestamp": 1746281615097626500
}