{
  "speed": -0.5501344799995422,
  "gear": -1,
  "rpm": 436.8833923339844,
  "maxrpm": 500.0,
  "handbrake": false,
  "kinematics_estimated": {
    "position": {
      "x_val": 14.014670372009277,
      "y_val": -0.6208550333976746,
      "z_val": -0.7894672751426697
    },
    "orientation": {
      "x_val": 0.03882179036736488,
      "y_val": 0.19223365187644958,
      "z_val": 0.2065977156162262,
      "w_val": 0.9585700035095215
    },
    "linear_velocity": {
      "x_val": -0.47314199805259705,
      "y_val": -0.21108174324035645,
      "z_val": 0.1860891878604889
    },
    "angular_velocity": {
      "x_val": 0.003216102719306946,
      "y_val": 0.013273842632770538,
      "z_val": -0.3654945492744446
    },
    "linear_acceleration": {
      "x_val": 4.842973232269287,
      "y_val": 2.6432008743286133,
      "z_val": -1.4972630739212036
    },
    "angular_acceleration": {
      "x_val": -0.02983962930738926,
      "y_val": -1.0864962339401245,
      "z_val": -2.7460854053497314
    }
  },
  "timestamp": 1746281615286995100
}