{
  "speed": 0.9497408270835876,
  "gear": 1,
  "rpm": 364.6365051269531,
  "maxrpm": 500.0,
  "handbrake": false,
  "kinematics_estimated": {
    "position": {
      "x_val": 1.223970651626587,
      "y_val": -0.08925426006317139,
      "z_val": 0.02614355832338333
    },
    "orientation": {
      "x_val": -2.605932877486339e-06,
      "y_val": -5.2686751587316394e-05,
      "z_val": -0.049947574734687805,
      "w_val": 0.9987518191337585
    },
    "linear_velocity": {
      "x_val": 0.9450023174285889,
      "y_val": -0.09475323557853699,
      "z_val": 0.00011716478911694139
    },
    "angular_velocity": {
      "x_val": -2.8353279049042612e-05,
      "y_val": 0.0010736370459198952,
      "z_val": 0.0010472889989614487
    },
    "linear_acceleration": {
      "x_val": -0.00760384788736701,
      "y_val": 0.0007621982949785888,
      "z_val": 0.007265383377671242
    },
    "angular_acceleration": {
      "x_val": -0.0024487501941621304,
      "y_val": 0.012572960928082466,
      "z_val": -0.021199069917201996
    }
  },
  "timestamp": 1746281592674615600
}