{
  "speed": -0.07492752373218536,
  "gear": 1,
  "rpm": 349.5266418457031,
  "maxrpm": 500.0,
  "handbrake": false,
  "kinematics_estimated": {
    "position": {
      "x_val": 13.979541778564453,
      "y_val": -0.6258590817451477,
      "z_val": -0.772284209728241
    },
    "orientation": {
      "x_val": 0.03385335952043533,
      "y_val": 0.1877809464931488,
      "z_val": 0.17394016683101654,
      "w_val": 0.9660937190055847
    },
    "linear_velocity": {
      "x_val": -0.0744895413517952,
      "y_val": 0.0010826534125953913,
      "z_val": 0.03012738935649395
    },
    "angular_velocity": {
      "x_val": 0.004312649369239807,
      "y_val": -0.008705850690603256,
      "z_val": -0.5065980553627014
    },
    "linear_acceleration": {
      "x_val": -2.0262489318847656,
      "y_val": -1.6210885047912598,
      "z_val": 0.866977870464325
    },
    "angular_acceleration": {
      "x_val": 0.36573195457458496,
      "y_val": -0.9551576375961304,
      "z_val": -3.6061582565307617
    }
  },
  "timestamp": 1746281615477692200
}