{
  "speed": 0.17343756556510925,
  "gear": 1,
  "rpm": 332.62933349609375,
  "maxrpm": 500.0,
  "handbrake": false,
  "kinematics_estimated": {
    "position": {
      "x_val": 13.991334915161133,
      "y_val": -0.6085596084594727,
      "z_val": -0.7769769430160522
    },
    "orientation": {
      "x_val": 0.025598596781492233,
      "y_val": 0.18908962607383728,
      "z_val": 0.1314920037984848,
      "w_val": 0.9727793335914612
    },
    "linear_velocity": {
      "x_val": 0.1494738608598709,
      "y_val": 0.06786063313484192,
      "z_val": -0.060373276472091675
    },
    "angular_velocity": {
      "x_val": 0.005978062748908997,
      "y_val": 0.003211159259080887,
      "z_val": -0.5055226683616638
    },
    "linear_acceleration": {
      "x_val": -2.0514261722564697,
      "y_val": -1.7766268253326416,
      "z_val": 0.8309476375579834
    },
    "angular_acceleration": {
      "x_val": 0.570277750492096,
      "y_val": 0.2037995606660843,
      "z_val": 5.757788181304932
    }
  },
  "timestamp": 1746281615640735100
}