{
  "speed": 0.40566661953926086,
  "gear": 1,
  "rpm": 363.32257080078125,
  "maxrpm": 500.0,
  "handbrake": false,
  "kinematics_estimated": {
    "position": {
      "x_val": 14.054247856140137,
      "y_val": -0.5795854926109314,
      "z_val": -0.8023794293403625
    },
    "orientation": {
      "x_val": 0.014425409957766533,
      "y_val": 0.19027294218540192,
      "z_val": 0.07399139553308487,
      "w_val": 0.9788326621055603
    },
    "linear_velocity": {
      "x_val": 0.3699892461299896,
      "y_val": 0.07426919043064117,
      "z_val": -0.14945873618125916
    },
    "angular_velocity": {
      "x_val": 0.006666585803031921,
      "y_val": 0.003396805375814438,
      "z_val": -0.5721533894538879
    },
    "linear_acceleration": {
      "x_val": -2.6429803371429443,
      "y_val": -1.6144472360610962,
      "z_val": 1.070802927017212
    },
    "angular_acceleration": {
      "x_val": 0.6260481476783752,
      "y_val": 0.18789853155612946,
      "z_val": 1.417327880859375
    }
  },
  "timestamp": 1746281615847231600
}