{
  "speed": -0.10672114044427872,
  "gear": 1,
  "rpm": 255.68063354492188,
  "maxrpm": 500.0,
  "handbrake": false,
  "kinematics_estimated": {
    "position": {
      "x_val": 14.071245193481445,
      "y_val": -0.5725091695785522,
      "z_val": -0.8092964887619019
    },
    "orientation": {
      "x_val": 0.009052688255906105,
      "y_val": 0.1905743032693863,
      "z_val": 0.04651898890733719,
      "w_val": 0.9805281758308411
    },
    "linear_velocity": {
      "x_val": -0.09814395755529404,
      "y_val": -0.014182922430336475,
      "z_val": 0.039658524096012115
    },
    "angular_velocity": {
      "x_val": -0.0001935809850692749,
      "y_val": 0.0004937970079481602,
      "z_val": -0.1768740862607956
    },
    "linear_acceleration": {
      "x_val": -0.306643009185791,
      "y_val": -0.03336545079946518,
      "z_val": 0.12444652616977692
    },
    "angular_acceleration": {
      "x_val": -0.019573595374822617,
      "y_val": -0.005977420601993799,
      "z_val": 1.5823262929916382
    }
  },
  "timestamp": 1746281616031826000
}