{
  "speed": -0.11850831657648087,
  "gear": 1,
  "rpm": 135.2626190185547,
  "maxrpm": 500.0,
  "handbrake": false,
  "kinematics_estimated": {
    "position": {
      "x_val": 14.050074577331543,
      "y_val": -0.5724696516990662,
      "z_val": -0.8007383346557617
    },
    "orientation": {
      "x_val": 0.005669840611517429,
      "y_val": 0.19070498645305634,
      "z_val": 0.02912774682044983,
      "w_val": 0.981198787689209
    },
    "linear_velocity": {
      "x_val": -0.10924671590328217,
      "y_val": -0.014987107366323471,
      "z_val": 0.04413951188325882
    },
    "angular_velocity": {
      "x_val": -2.1316111087799072e-05,
      "y_val": 0.00021178554743528366,
      "z_val": -0.1774742603302002
    },
    "linear_acceleration": {
      "x_val": 0.11565277725458145,
      "y_val": 0.011317883618175983,
      "z_val": -0.04677966982126236
    },
    "angular_acceleration": {
      "x_val": 0.00019811320817098022,
      "y_val": -0.003998100757598877,
      "z_val": 0.5186634063720703
    }
  },
  "timestamp": 1746281616217738500
}