{
  "speed": -0.11777891963720322,
  "gear": 1,
  "rpm": 78.04611206054688,
  "maxrpm": 500.0,
  "handbrake": false,
  "kinematics_estimated": {
    "position": {
      "x_val": 14.027911186218262,
      "y_val": -0.5724592804908752,
      "z_val": -0.7917923927307129
    },
    "orientation": {
      "x_val": 0.0021258522756397724,
      "y_val": 0.19077613949775696,
      "z_val": 0.010899280197918415,
      "w_val": 0.9815707802772522
    },
    "linear_velocity": {
      "x_val": -0.10892771184444427,
      "y_val": -0.014702954329550266,
      "z_val": 0.044007111340761185
    },
    "angular_velocity": {
      "x_val": 8.948147296905518e-06,
      "y_val": 8.354894816875458e-06,
      "z_val": -0.18017719686031342
    },
    "linear_acceleration": {
      "x_val": -0.03831082209944725,
      "y_val": 0.005132142920047045,
      "z_val": 0.015298359096050262
    },
    "angular_acceleration": {
      "x_val": 0.001395014813169837,
      "y_val": -0.01027433667331934,
      "z_val": -0.203841894865036
    }
  },
  "timestamp": 1746281616419168300
}