{
  "speed": -0.007122967857867479,
  "gear": 1,
  "rpm": 124.80313873291016,
  "maxrpm": 500.0,
  "handbrake": false,
  "kinematics_estimated": {
    "position": {
      "x_val": 14.017365455627441,
      "y_val": -0.5717865824699402,
      "z_val": -0.7875303626060486
    },
    "orientation": {
      "x_val": -0.0015534344129264355,
      "y_val": 0.19078612327575684,
      "z_val": -0.008129357360303402,
      "w_val": 0.9815967679023743
    },
    "linear_velocity": {
      "x_val": -0.006928745191544294,
      "y_val": -0.02159002050757408,
      "z_val": 0.0028219902887940407
    },
    "angular_velocity": {
      "x_val": 0.00351734459400177,
      "y_val": -0.003148180665448308,
      "z_val": -0.39025747776031494
    },
    "linear_acceleration": {
      "x_val": -2.342991828918457,
      "y_val": -0.31163984537124634,
      "z_val": 0.9708027243614197
    },
    "angular_acceleration": {
      "x_val": 0.3061753213405609,
      "y_val": -0.37387344241142273,
      "z_val": -0.312325119972229
    }
  },
  "timestamp": 1746281616583313900
}