{
  "speed": 0.2710244059562683,
  "gear": 1,
  "rpm": 247.52288818359375,
  "maxrpm": 500.0,
  "handbrake": false,
  "kinematics_estimated": {
    "position": {
      "x_val": 14.0538911819458,
      "y_val": -0.5742998123168945,
      "z_val": -0.8022328019142151
    },
    "orientation": {
      "x_val": -0.012822885997593403,
      "y_val": 0.19036415219306946,
      "z_val": -0.06616879999637604,
      "w_val": 0.9793971180915833
    },
    "linear_velocity": {
      "x_val": 0.24181033670902252,
      "y_val": -0.09371380507946014,
      "z_val": -0.0976685956120491
    },
    "angular_velocity": {
      "x_val": 0.005789339542388916,
      "y_val": 0.0011876486241817474,
      "z_val": -0.5881581902503967
    },
    "linear_acceleration": {
      "x_val": -2.5876872539520264,
      "y_val": -0.01382491271942854,
      "z_val": 1.048548698425293
    },
    "angular_acceleration": {
      "x_val": 0.6110931634902954,
      "y_val": -0.046180590987205505,
      "z_val": 5.803372383117676
    }
  },
  "timestamp": 1746281616786493500
}