{
  "speed": 0.5614862442016602,
  "gear": 1,
  "rpm": 328.7047119140625,
  "maxrpm": 500.0,
  "handbrake": false,
  "kinematics_estimated": {
    "position": {
      "x_val": 14.12592887878418,
      "y_val": -0.5940207242965698,
      "z_val": -0.8314568996429443
    },
    "orientation": {
      "x_val": -0.025069886818528175,
      "y_val": 0.1891629546880722,
      "z_val": -0.12879247963428497,
      "w_val": 0.9731399416923523
    },
    "linear_velocity": {
      "x_val": 0.4817691743373871,
      "y_val": -0.22969001531600952,
      "z_val": -0.19469842314720154
    },
    "angular_velocity": {
      "x_val": -0.008222341537475586,
      "y_val": 0.003570556640625,
      "z_val": -0.8113381862640381
    },
    "linear_acceleration": {
      "x_val": 4.5042877197265625,
      "y_val": -2.0385549068450928,
      "z_val": -1.8247796297073364
    },
    "angular_acceleration": {
      "x_val": -0.7587947845458984,
      "y_val": 0.14163902401924133,
      "z_val": -8.254316329956055
    }
  },
  "timestamp": 1746281616970333700
}