{
  "speed": -0.0034549348056316376,
  "gear": 1,
  "rpm": 352.1934814453125,
  "maxrpm": 500.0,
  "handbrake": false,
  "kinematics_estimated": {
    "position": {
      "x_val": 14.186773300170898,
      "y_val": -0.6248380541801453,
      "z_val": -0.8575707674026489
    },
    "orientation": {
      "x_val": -0.035817280411720276,
      "y_val": 0.18468508124351501,
      "z_val": -0.1817135214805603,
      "w_val": 0.9651884436607361
    },
    "linear_velocity": {
      "x_val": -0.029235422611236572,
      "y_val": -0.07802853733301163,
      "z_val": 0.01906105875968933
    },
    "angular_velocity": {
      "x_val": -0.0039955973625183105,
      "y_val": 0.043040938675403595,
      "z_val": -0.28517523407936096
    },
    "linear_acceleration": {
      "x_val": -2.6549901962280273,
      "y_val": 1.6709781885147095,
      "z_val": 2.1943514347076416
    },
    "angular_acceleration": {
      "x_val": 0.06999310851097107,
      "y_val": 6.060815811157227,
      "z_val": 2.0694735050201416
    }
  },
  "timestamp": 1746281617159592400
}