{
  "speed": 0.9664520621299744,
  "gear": 1,
  "rpm": 429.6473693847656,
  "maxrpm": 500.0,
  "handbrake": false,
  "kinematics_estimated": {
    "position": {
      "x_val": 1.4538321495056152,
      "y_val": -0.11230092495679855,
      "z_val": 0.02503412775695324
    },
    "orientation": {
      "x_val": -0.00013400216994341463,
      "y_val": -0.0027727107517421246,
      "z_val": -0.04981270432472229,
      "w_val": 0.9987547397613525
    },
    "linear_velocity": {
      "x_val": 0.9618415832519531,
      "y_val": -0.0963331088423729,
      "z_val": -0.03362266346812248
    },
    "angular_velocity": {
      "x_val": 0.0003176726750098169,
      "y_val": -0.196445032954216,
      "z_val": 0.0009069564403034747
    },
    "linear_acceleration": {
      "x_val": -6.917901039123535,
      "y_val": 0.6919533610343933,
      "z_val": -1.2309606075286865
    },
    "angular_acceleration": {
      "x_val": 0.012304211035370827,
      "y_val": -7.071239948272705,
      "z_val": -0.01078773196786642
    }
  },
  "timestamp": 1746281592926414400
}