{
  "speed": -0.11076394468545914,
  "gear": 1,
  "rpm": 163.4253387451172,
  "maxrpm": 500.0,
  "handbrake": false,
  "kinematics_estimated": {
    "position": {
      "x_val": 14.166070938110352,
      "y_val": -0.6266316175460815,
      "z_val": -0.8476215600967407
    },
    "orientation": {
      "x_val": -0.040064528584480286,
      "y_val": 0.18653465807437897,
      "z_val": -0.20607613027095795,
      "w_val": 0.9597563743591309
    },
    "linear_velocity": {
      "x_val": -0.12002214044332504,
      "y_val": -0.01771627925336361,
      "z_val": 0.04848876968026161
    },
    "angular_velocity": {
      "x_val": -0.00020691007375717163,
      "y_val": -1.0699033737182617e-05,
      "z_val": -0.26103827357292175
    },
    "linear_acceleration": {
      "x_val": -0.08385495841503143,
      "y_val": 0.023686593398451805,
      "z_val": 0.033524803817272186
    },
    "angular_acceleration": {
      "x_val": -0.008681605570018291,
      "y_val": -0.022201722487807274,
      "z_val": -2.1004374027252197
    }
  },
  "timestamp": 1746281617364927900
}