{
  "speed": 0.05152343958616257,
  "gear": 1,
  "rpm": 123.54485321044922,
  "maxrpm": 500.0,
  "handbrake": false,
  "kinematics_estimated": {
    "position": {
      "x_val": 14.15220832824707,
      "y_val": -0.6308976411819458,
      "z_val": -0.842017412185669
    },
    "orientation": {
      "x_val": -0.04403641074895859,
      "y_val": 0.18564780056476593,
      "z_val": -0.2264470010995865,
      "w_val": 0.9551531076431274
    },
    "linear_velocity": {
      "x_val": 0.006401385646313429,
      "y_val": -0.10102465748786926,
      "z_val": -0.0025887154042720795
    },
    "angular_velocity": {
      "x_val": -0.001367855817079544,
      "y_val": 0.00048283860087394714,
      "z_val": -0.1653074026107788
    },
    "linear_acceleration": {
      "x_val": 4.671976089477539,
      "y_val": -2.8855414390563965,
      "z_val": -1.8873307704925537
    },
    "angular_acceleration": {
      "x_val": 0.011403345502912998,
      "y_val": 0.0427834689617157,
      "z_val": 0.41468387842178345
    }
  },
  "timestamp": 1746281617548635900
}