{
  "speed": 0.2688758075237274,
  "gear": 1,
  "rpm": 235.17469787597656,
  "maxrpm": 500.0,
  "handbrake": false,
  "kinematics_estimated": {
    "position": {
      "x_val": 14.171883583068848,
      "y_val": -0.6615750193595886,
      "z_val": -0.8499345183372498
    },
    "orientation": {
      "x_val": -0.04670502617955208,
      "y_val": 0.18498322367668152,
      "z_val": -0.24024513363838196,
      "w_val": 0.9517784118652344
    },
    "linear_velocity": {
      "x_val": 0.17199771106243134,
      "y_val": -0.22250331938266754,
      "z_val": -0.06947200000286102
    },
    "angular_velocity": {
      "x_val": 0.0012032389640808105,
      "y_val": -0.001161731779575348,
      "z_val": -0.17125515639781952
    },
    "linear_acceleration": {
      "x_val": -1.7079638242721558,
      "y_val": 1.96770179271698,
      "z_val": 0.6921199560165405
    },
    "angular_acceleration": {
      "x_val": 0.11956055462360382,
      "y_val": -0.10845053195953369,
      "z_val": -1.1148630380630493
    }
  },
  "timestamp": 1746281617741323700
}