{
  "speed": 0.621596097946167,
  "gear": 1,
  "rpm": 308.1711120605469,
  "maxrpm": 500.0,
  "handbrake": false,
  "kinematics_estimated": {
    "position": {
      "x_val": 14.234504699707031,
      "y_val": -0.7260623574256897,
      "z_val": -0.8753125667572021
    },
    "orientation": {
      "x_val": -0.049818433821201324,
      "y_val": 0.1841890960931778,
      "z_val": -0.25622469186782837,
      "w_val": 0.9475976824760437
    },
    "linear_velocity": {
      "x_val": 0.42733198404312134,
      "y_val": -0.44349145889282227,
      "z_val": -0.17268742620944977
    },
    "angular_velocity": {
      "x_val": -0.0013977102935314178,
      "y_val": 0.0019864141941070557,
      "z_val": -0.17639192938804626
    },
    "linear_acceleration": {
      "x_val": 3.4378719329833984,
      "y_val": -3.756890058517456,
      "z_val": -1.39231538772583
    },
    "angular_acceleration": {
      "x_val": -0.14027895033359528,
      "y_val": 0.1821974366903305,
      "z_val": 1.4978421926498413
    }
  },
  "timestamp": 1746281617928113100
}