{
  "speed": 0.7799587845802307,
  "gear": 1,
  "rpm": 383.6956481933594,
  "maxrpm": 500.0,
  "handbrake": false,
  "kinematics_estimated": {
    "position": {
      "x_val": 14.327116012573242,
      "y_val": -0.8145503401756287,
      "z_val": -0.9126014113426208
    },
    "orientation": {
      "x_val": -0.05302038416266441,
      "y_val": 0.1832718402147293,
      "z_val": -0.27274903655052185,
      "w_val": 0.9429783821105957
    },
    "linear_velocity": {
      "x_val": 0.5457425713539124,
      "y_val": -0.5287517309188843,
      "z_val": -0.22042608261108398
    },
    "angular_velocity": {
      "x_val": 0.0018681958317756653,
      "y_val": -0.0011310204863548279,
      "z_val": -0.1843898594379425
    },
    "linear_acceleration": {
      "x_val": -1.5301616191864014,
      "y_val": 2.2101051807403564,
      "z_val": 0.6243473887443542
    },
    "angular_acceleration": {
      "x_val": 0.18256618082523346,
      "y_val": -0.10856379568576813,
      "z_val": 0.46421942114830017
    }
  },
  "timestamp": 1746281618115380800
}