{
  "speed": -0.06611809879541397,
  "gear": 1,
  "rpm": 293.8753356933594,
  "maxrpm": 500.0,
  "handbrake": false,
  "kinematics_estimated": {
    "position": {
      "x_val": 14.351014137268066,
      "y_val": -0.8498991131782532,
      "z_val": -0.924517035484314
    },
    "orientation": {
      "x_val": -0.05265147238969803,
      "y_val": 0.1799338161945343,
      "z_val": -0.2649528980255127,
      "w_val": 0.9458602666854858
    },
    "linear_velocity": {
      "x_val": -0.061725981533527374,
      "y_val": -0.014633657410740852,
      "z_val": 0.07893923670053482
    },
    "angular_velocity": {
      "x_val": 0.0015283599495887756,
      "y_val": 0.28175467252731323,
      "z_val": 0.11672461032867432
    },
    "linear_acceleration": {
      "x_val": -0.44379353523254395,
      "y_val": 0.9374040961265564,
      "z_val": 1.49924898147583
    },
    "angular_acceleration": {
      "x_val": -0.06585715711116791,
      "y_val": 6.881097793579102,
      "z_val": -0.30537474155426025
    }
  },
  "timestamp": 1746281618278055800
}