{
  "speed": -0.10429821908473969,
  "gear": 1,
  "rpm": 162.1619873046875,
  "maxrpm": 500.0,
  "handbrake": false,
  "kinematics_estimated": {
    "position": {
      "x_val": 14.328898429870605,
      "y_val": -0.8503977656364441,
      "z_val": -0.9133983254432678
    },
    "orientation": {
      "x_val": -0.048936061561107635,
      "y_val": 0.18441660702228546,
      "z_val": -0.25162428617477417,
      "w_val": 0.9488313794136047
    },
    "linear_velocity": {
      "x_val": -0.10630416870117188,
      "y_val": 0.00951006542891264,
      "z_val": 0.042950741946697235
    },
    "angular_velocity": {
      "x_val": 2.7302652597427368e-05,
      "y_val": 0.00013475678861141205,
      "z_val": 0.13941384851932526
    },
    "linear_acceleration": {
      "x_val": 0.007480556145310402,
      "y_val": 0.008083795197308064,
      "z_val": -0.0028463646303862333
    },
    "angular_acceleration": {
      "x_val": 0.008369860239326954,
      "y_val": 0.009649526327848434,
      "z_val": -0.18438248336315155
    }
  },
  "timestamp": 1746281618483556100
}