{
  "speed": 0.11511927098035812,
  "gear": 1,
  "rpm": 196.37257385253906,
  "maxrpm": 500.0,
  "handbrake": false,
  "kinematics_estimated": {
    "position": {
      "x_val": 14.325112342834473,
      "y_val": -0.8643055558204651,
      "z_val": -0.9118608236312866
    },
    "orientation": {
      "x_val": -0.04519859701395035,
      "y_val": 0.18538716435432434,
      "z_val": -0.232321098446846,
      "w_val": 0.9537376761436462
    },
    "linear_velocity": {
      "x_val": 0.06758075207471848,
      "y_val": -0.10957638174295425,
      "z_val": -0.02731083519756794
    },
    "angular_velocity": {
      "x_val": -0.004243090748786926,
      "y_val": 0.0021829381585121155,
      "z_val": 0.3712139129638672
    },
    "linear_acceleration": {
      "x_val": -1.581872820854187,
      "y_val": 1.9938697814941406,
      "z_val": 0.6387073397636414
    },
    "angular_acceleration": {
      "x_val": -0.3548586964607239,
      "y_val": 0.14660455286502838,
      "z_val": 0.9280293583869934
    }
  },
  "timestamp": 1746281618665744800
}