{
  "speed": 0.40531623363494873,
  "gear": 1,
  "rpm": 257.1278076171875,
  "maxrpm": 500.0,
  "handbrake": false,
  "kinematics_estimated": {
    "position": {
      "x_val": 14.372305870056152,
      "y_val": -0.9128817319869995,
      "z_val": -0.9308803081512451
    },
    "orientation": {
      "x_val": -0.0363132543861866,
      "y_val": 0.18734347820281982,
      "z_val": -0.18661245703697205,
      "w_val": 0.9637216925621033
    },
    "linear_velocity": {
      "x_val": 0.3265014588832855,
      "y_val": -0.210641548037529,
      "z_val": -0.13190756738185883
    },
    "angular_velocity": {
      "x_val": -0.005898788571357727,
      "y_val": 0.003919072449207306,
      "z_val": 0.4804252088069916
    },
    "linear_acceleration": {
      "x_val": -1.8716543912887573,
      "y_val": 2.4968528747558594,
      "z_val": 0.7570887207984924
    },
    "angular_acceleration": {
      "x_val": -0.5262331366539001,
      "y_val": 0.27898767590522766,
      "z_val": -1.7185144424438477
    }
  },
  "timestamp": 1746281618870302700
}