{
  "speed": 0.628109335899353,
  "gear": 1,
  "rpm": 319.51702880859375,
  "maxrpm": 500.0,
  "handbrake": false,
  "kinematics_estimated": {
    "position": {
      "x_val": 14.468789100646973,
      "y_val": -0.9711505770683289,
      "z_val": -0.9698382019996643
    },
    "orientation": {
      "x_val": -0.02953372336924076,
      "y_val": 0.18850255012512207,
      "z_val": -0.1518867313861847,
      "w_val": 0.9698066711425781
    },
    "linear_velocity": {
      "x_val": 0.5358138680458069,
      "y_val": -0.2547950744628906,
      "z_val": -0.2164466232061386
    },
    "angular_velocity": {
      "x_val": -0.00102897547185421,
      "y_val": 0.00022387225180864334,
      "z_val": 0.06526146084070206
    },
    "linear_acceleration": {
      "x_val": -2.2286643981933594,
      "y_val": 1.6795378923416138,
      "z_val": 0.9036783576011658
    },
    "angular_acceleration": {
      "x_val": -0.12033571302890778,
      "y_val": 0.03125061094760895,
      "z_val": -3.696355104446411
    }
  },
  "timestamp": 1746281619076832300
}