{
  "speed": 0.8572036623954773,
  "gear": 1,
  "rpm": 459.7951965332031,
  "maxrpm": 500.0,
  "handbrake": false,
  "kinematics_estimated": {
    "position": {
      "x_val": 1.6681619882583618,
      "y_val": -0.13376040756702423,
      "z_val": 0.02525472454726696
    },
    "orientation": {
      "x_val": -0.000104694307083264,
      "y_val": -0.002169594168663025,
      "z_val": -0.04971608519554138,
      "w_val": 0.9987610578536987
    },
    "linear_velocity": {
      "x_val": 0.8530789613723755,
      "y_val": -0.08535736054182053,
      "z_val": -0.029206758365035057
    },
    "angular_velocity": {
      "x_val": 0.00022783417080063373,
      "y_val": -0.14141149818897247,
      "z_val": 0.0005840774392709136
    },
    "linear_acceleration": {
      "x_val": -5.572368621826172,
      "y_val": 0.5562353134155273,
      "z_val": -0.998975932598114
    },
    "angular_acceleration": {
      "x_val": 0.007883716374635696,
      "y_val": -4.805576801300049,
      "z_val": -0.020746635273098946
    }
  },
  "timestamp": 1746281593177303200
}