{
  "speed": 0.8988710641860962,
  "gear": 1,
  "rpm": 385.1705017089844,
  "maxrpm": 500.0,
  "handbrake": false,
  "kinematics_estimated": {
    "position": {
      "x_val": 14.594539642333984,
      "y_val": -1.0310022830963135,
      "z_val": -1.020797610282898
    },
    "orientation": {
      "x_val": -0.029971374198794365,
      "y_val": 0.18843629956245422,
      "z_val": -0.15416249632835388,
      "w_val": 0.9694469571113586
    },
    "linear_velocity": {
      "x_val": 0.7647681832313538,
      "y_val": -0.36980322003364563,
      "z_val": -0.3090333938598633
    },
    "angular_velocity": {
      "x_val": -0.000565672293305397,
      "y_val": 0.000766754150390625,
      "z_val": -0.07496082782745361
    },
    "linear_acceleration": {
      "x_val": 3.938971996307373,
      "y_val": -2.40924072265625,
      "z_val": -1.5965473651885986
    },
    "angular_acceleration": {
      "x_val": -0.059066347777843475,
      "y_val": 0.06779547035694122,
      "z_val": 0.2086646854877472
    }
  },
  "timestamp": 1746281619260790800
}