{
  "speed": 0.9632396697998047,
  "gear": 1,
  "rpm": 441.82635498046875,
  "maxrpm": 500.0,
  "handbrake": false,
  "kinematics_estimated": {
    "position": {
      "x_val": 14.738131523132324,
      "y_val": -1.098756194114685,
      "z_val": -1.0788415670394897
    },
    "orientation": {
      "x_val": -0.031679827719926834,
      "y_val": 0.18815770745277405,
      "z_val": -0.16294267773628235,
      "w_val": 0.9680097103118896
    },
    "linear_velocity": {
      "x_val": 0.8155966997146606,
      "y_val": -0.4033410847187042,
      "z_val": -0.32957714796066284
    },
    "angular_velocity": {
      "x_val": -0.0009386949241161346,
      "y_val": 0.0007928889244794846,
      "z_val": -0.10317628085613251
    },
    "linear_acceleration": {
      "x_val": 3.7669355869293213,
      "y_val": -2.492039442062378,
      "z_val": -1.5244592428207397
    },
    "angular_acceleration": {
      "x_val": -0.04421108961105347,
      "y_val": 0.04804722219705582,
      "z_val": 0.40819817781448364
    }
  },
  "timestamp": 1746281619446501000
}