{
  "speed": 0.8721657395362854,
  "gear": 1,
  "rpm": 471.7516784667969,
  "maxrpm": 500.0,
  "handbrake": false,
  "kinematics_estimated": {
    "position": {
      "x_val": 14.885892868041992,
      "y_val": -1.1715431213378906,
      "z_val": -1.138343095779419
    },
    "orientation": {
      "x_val": -0.033587198704481125,
      "y_val": 0.18781650066375732,
      "z_val": -0.17279678583145142,
      "w_val": 0.9663012623786926
    },
    "linear_velocity": {
      "x_val": 0.7338013052940369,
      "y_val": -0.374484658241272,
      "z_val": -0.29647624492645264
    },
    "angular_velocity": {
      "x_val": -2.751871943473816e-05,
      "y_val": 4.6411529183387756e-05,
      "z_val": -0.11769619584083557
    },
    "linear_acceleration": {
      "x_val": -2.806964635848999,
      "y_val": 1.489097237586975,
      "z_val": 1.1306413412094116
    },
    "angular_acceleration": {
      "x_val": -0.053683191537857056,
      "y_val": 0.03435923904180527,
      "z_val": -0.40037041902542114
    }
  },
  "timestamp": 1746281619633218900
}