{
  "speed": 0.8949587941169739,
  "gear": 1,
  "rpm": 485.1898193359375,
  "maxrpm": 500.0,
  "handbrake": false,
  "kinematics_estimated": {
    "position": {
      "x_val": 15.046142578125,
      "y_val": -1.2557237148284912,
      "z_val": -1.203077793121338
    },
    "orientation": {
      "x_val": -0.03573624789714813,
      "y_val": 0.18742085993289948,
      "z_val": -0.18385252356529236,
      "w_val": 0.9642585515975952
    },
    "linear_velocity": {
      "x_val": 0.742656409740448,
      "y_val": -0.4081798195838928,
      "z_val": -0.2999948561191559
    },
    "angular_velocity": {
      "x_val": 0.0009414367377758026,
      "y_val": -0.0005698055028915405,
      "z_val": -0.11085528880357742
    },
    "linear_acceleration": {
      "x_val": -2.4344522953033447,
      "y_val": 1.683262825012207,
      "z_val": 0.9892187714576721
    },
    "angular_acceleration": {
      "x_val": 0.09726034849882126,
      "y_val": -0.06593097001314163,
      "z_val": 0.009222812950611115
    }
  },
  "timestamp": 1746281619838497800
}