{
  "speed": 0.9578900933265686,
  "gear": 1,
  "rpm": 490.16021728515625,
  "maxrpm": 500.0,
  "handbrake": false,
  "kinematics_estimated": {
    "position": {
      "x_val": 15.186280250549316,
      "y_val": -1.3346221446990967,
      "z_val": -1.2598674297332764
    },
    "orientation": {
      "x_val": -0.03772527724504471,
      "y_val": 0.18704068660736084,
      "z_val": -0.19404734671115875,
      "w_val": 0.9622568488121033
    },
    "linear_velocity": {
      "x_val": 0.7805949449539185,
      "y_val": -0.46902164816856384,
      "z_val": -0.31542834639549255
    },
    "angular_velocity": {
      "x_val": -0.0008807927370071411,
      "y_val": 0.0010051820427179337,
      "z_val": -0.10973220318555832
    },
    "linear_acceleration": {
      "x_val": 3.4081294536590576,
      "y_val": -2.7897109985351562,
      "z_val": -1.3792959451675415
    },
    "angular_acceleration": {
      "x_val": -0.04169921576976776,
      "y_val": 0.04105614498257637,
      "z_val": 1.0768203735351562
    }
  },
  "timestamp": 1746281620019693200
}