{
  "speed": 0.839645266532898,
  "gear": 1,
  "rpm": 490.1439514160156,
  "maxrpm": 500.0,
  "handbrake": false,
  "kinematics_estimated": {
    "position": {
      "x_val": 15.319914817810059,
      "y_val": -1.4233955144882202,
      "z_val": -1.3119386434555054
    },
    "orientation": {
      "x_val": -0.0729682445526123,
      "y_val": 0.1638004183769226,
      "z_val": -0.20964708924293518,
      "w_val": 0.9611936211585999
    },
    "linear_velocity": {
      "x_val": 0.6456618309020996,
      "y_val": -0.5283863544464111,
      "z_val": -0.21036049723625183
    },
    "angular_velocity": {
      "x_val": -0.4732910096645355,
      "y_val": -0.4911577105522156,
      "z_val": -0.3547329008579254
    },
    "linear_acceleration": {
      "x_val": 0.16250841319561005,
      "y_val": -1.6331690549850464,
      "z_val": -0.12039883434772491
    },
    "angular_acceleration": {
      "x_val": 0.41320547461509705,
      "y_val": 0.7183276414871216,
      "z_val": -1.0061266422271729
    }
  },
  "timestamp": 1746281620209178400
}