{
  "has_collided": true,
  "penetration_depth": -0.0007201412809081376,
  "time_stamp": 1746281620394613300,
  "normal": {
    "x_val": -0.3558838665485382,
    "y_val": -0.3121880888938904,
    "z_val": -0.8808435201644897
  },
  "impact_point": {
    "x_val": 15.70255184173584,
    "y_val": -1.6998875141143799,
    "z_val": -1.1953524351119995
  },
  "position": {
    "x_val": 15.395893096923828,
    "y_val": -1.5100382566452026,
    "z_val": -1.3270833492279053
  },
  "object_name": "StaticMeshActor_0",
  "object_id": 0
}