{
  "speed": 0.33108341693878174,
  "gear": 1,
  "rpm": 495.5290832519531,
  "maxrpm": 500.0,
  "handbrake": false,
  "kinematics_estimated": {
    "position": {
      "x_val": 15.395893096923828,
      "y_val": -1.5100382566452026,
      "z_val": -1.3270833492279053
    },
    "orientation": {
      "x_val": -0.20562922954559326,
      "y_val": 0.07825084030628204,
      "z_val": -0.20932872593402863,
      "w_val": 0.9527722001075745
    },
    "linear_velocity": {
      "x_val": 0.13593870401382446,
      "y_val": -0.47202804684638977,
      "z_val": -0.08326002210378647
    },
    "angular_velocity": {
      "x_val": -0.5419314503669739,
      "y_val": -0.10387814044952393,
      "z_val": -0.33392229676246643
    },
    "linear_acceleration": {
      "x_val": 0.9846096038818359,
      "y_val": 1.8542269468307495,
      "z_val": 8.518841743469238
    },
    "angular_acceleration": {
      "x_val": 63.93404006958008,
      "y_val": 83.79727935791016,
      "z_val": -2.487109422683716
    }
  },
  "timestamp": 1746281620399230500
}