{
  "has_collided": true,
  "penetration_depth": -0.0037626344710588455,
  "time_stamp": 1746281620581504600,
  "normal": {
    "x_val": -0.35390836000442505,
    "y_val": -0.3278011381626129,
    "z_val": -0.8759539127349854
  },
  "impact_point": {
    "x_val": 15.702838897705078,
    "y_val": -1.714609980583191,
    "z_val": -1.1882221698760986
  },
  "position": {
    "x_val": 15.3987455368042,
    "y_val": -1.548671841621399,
    "z_val": -1.3208848237991333
  },
  "object_name": "StaticMeshActor_0",
  "object_id": 0
}