{
  "speed": -0.04445008561015129,
  "gear": 1,
  "rpm": 497.95721435546875,
  "maxrpm": 500.0,
  "handbrake": false,
  "kinematics_estimated": {
    "position": {
      "x_val": 15.3987455368042,
      "y_val": -1.548671841621399,
      "z_val": -1.3208848237991333
    },
    "orientation": {
      "x_val": -0.22627976536750793,
      "y_val": 0.06972808390855789,
      "z_val": -0.22969751060009003,
      "w_val": 0.9440203905105591
    },
    "linear_velocity": {
      "x_val": -0.0880567654967308,
      "y_val": -0.07461629807949066,
      "z_val": 0.04533128812909126
    },
    "angular_velocity": {
      "x_val": -0.09498700499534607,
      "y_val": -0.02789372205734253,
      "z_val": -0.09445983916521072
    },
    "linear_acceleration": {
      "x_val": -0.4599562883377075,
      "y_val": 0.7828727960586548,
      "z_val": 0.19895561039447784
    },
    "angular_acceleration": {
      "x_val": 4.295572280883789,
      "y_val": 2.709141731262207,
      "z_val": 1.5775532722473145
    }
  },
  "timestamp": 1746281620586167200
}