{
  "speed": -0.15379701554775238,
  "gear": 1,
  "rpm": 499.14599609375,
  "maxrpm": 500.0,
  "handbrake": false,
  "kinematics_estimated": {
    "position": {
      "x_val": 15.368006706237793,
      "y_val": -1.5561928749084473,
      "z_val": -1.3076001405715942
    },
    "orientation": {
      "x_val": -0.23445670306682587,
      "y_val": 0.06751583516597748,
      "z_val": -0.23775187134742737,
      "w_val": 0.9401838779449463
    },
    "linear_velocity": {
      "x_val": -0.18770036101341248,
      "y_val": -0.02555948868393898,
      "z_val": 0.08168268203735352
    },
    "angular_velocity": {
      "x_val": -0.08543381839990616,
      "y_val": -0.0001309327781200409,
      "z_val": -0.13911309838294983
    },
    "linear_acceleration": {
      "x_val": -0.3307933509349823,
      "y_val": 0.14637665450572968,
      "z_val": 0.11483877152204514
    },
    "angular_acceleration": {
      "x_val": -0.6911960244178772,
      "y_val": -0.00934606697410345,
      "z_val": -0.1817527860403061
    }
  },
  "timestamp": 1746281620795087500
}