{
  "has_collided": true,
  "penetration_depth": -0.0037696727085858583,
  "time_stamp": 1746281620790753300,
  "normal": {
    "x_val": -0.3513951599597931,
    "y_val": -0.3465329110622406,
    "z_val": -0.8697335124015808
  },
  "impact_point": {
    "x_val": 15.680004119873047,
    "y_val": -1.699346661567688,
    "z_val": -1.184704303741455
  },
  "position": {
    "x_val": 15.368006706237793,
    "y_val": -1.5561928749084473,
    "z_val": -1.3076001405715942
  },
  "object_name": "StaticMeshActor_0",
  "object_id": 0
}