{
  "has_collided": true,
  "penetration_depth": -0.0038818661123514175,
  "time_stamp": 1746281620997165100,
  "normal": {
    "x_val": -0.34860050678253174,
    "y_val": -0.36609458923339844,
    "z_val": -0.862816572189331
  },
  "impact_point": {
    "x_val": 15.636231422424316,
    "y_val": -1.6992894411087036,
    "z_val": -1.1669780015945435
  },
  "position": {
    "x_val": 15.325572967529297,
    "y_val": -1.5570178031921387,
    "z_val": -1.2892823219299316
  },
  "object_name": "StaticMeshActor_0",
  "object_id": 0
}