{
  "speed": -0.18997688591480255,
  "gear": 1,
  "rpm": 499.638916015625,
  "maxrpm": 500.0,
  "handbrake": false,
  "kinematics_estimated": {
    "position": {
      "x_val": 15.325572967529297,
      "y_val": -1.5570178031921387,
      "z_val": -1.2892823219299316
    },
    "orientation": {
      "x_val": -0.2453964501619339,
      "y_val": 0.06702075898647308,
      "z_val": -0.2566560208797455,
      "w_val": 0.9324250817298889
    },
    "linear_velocity": {
      "x_val": -0.22650249302387238,
      "y_val": -0.008902217261493206,
      "z_val": 0.0985216498374939
    },
    "angular_velocity": {
      "x_val": -0.1143789291381836,
      "y_val": 0.03211130201816559,
      "z_val": -0.2346033900976181
    },
    "linear_acceleration": {
      "x_val": -0.10144016146659851,
      "y_val": 0.04559210315346718,
      "z_val": 0.045367758721113205
    },
    "angular_acceleration": {
      "x_val": 0.11511039733886719,
      "y_val": 0.1756519377231598,
      "z_val": -0.5734639167785645
    }
  },
  "timestamp": 1746281621001550400
}