{
  "speed": 0.7941407561302185,
  "gear": 1,
  "rpm": 427.22344970703125,
  "maxrpm": 500.0,
  "handbrake": false,
  "kinematics_estimated": {
    "position": {
      "x_val": 1.8721923828125,
      "y_val": -0.15418308973312378,
      "z_val": 0.025731073692440987
    },
    "orientation": {
      "x_val": -7.975702465046197e-05,
      "y_val": -0.0008039967506192625,
      "z_val": -0.04964355006814003,
      "w_val": 0.9987666606903076
    },
    "linear_velocity": {
      "x_val": 0.7900001406669617,
      "y_val": -0.07902046293020248,
      "z_val": 0.12358973920345306
    },
    "angular_velocity": {
      "x_val": -0.0032280669547617435,
      "y_val": 0.5422292947769165,
      "z_val": 0.0004259789129719138
    },
    "linear_acceleration": {
      "x_val": 6.046673774719238,
      "y_val": -0.6026515960693359,
      "z_val": 2.5689685344696045
    },
    "angular_acceleration": {
      "x_val": -0.13510102033615112,
      "y_val": 5.081042289733887,
      "z_val": -0.012010876089334488
    }
  },
  "timestamp": 1746281593427904600
}