{
  "has_collided": true,
  "penetration_depth": -0.0036139125004410744,
  "time_stamp": 1746281621166260300,
  "normal": {
    "x_val": -0.3464583158493042,
    "y_val": -0.3803098797798157,
    "z_val": -0.8575144410133362
  },
  "impact_point": {
    "x_val": 15.595977783203125,
    "y_val": -1.7026762962341309,
    "z_val": -1.1493685245513916
  },
  "position": {
    "x_val": 15.287997245788574,
    "y_val": -1.5560669898986816,
    "z_val": -1.2726657390594482
  },
  "object_name": "StaticMeshActor_0",
  "object_id": 0
}