{
  "speed": -0.18362750113010406,
  "gear": 1,
  "rpm": 499.82257080078125,
  "maxrpm": 500.0,
  "handbrake": false,
  "kinematics_estimated": {
    "position": {
      "x_val": 15.287997245788574,
      "y_val": -1.5560669898986816,
      "z_val": -1.2726657390594482
    },
    "orientation": {
      "x_val": -0.2572948634624481,
      "y_val": 0.06725326925516129,
      "z_val": -0.2776314914226532,
      "w_val": 0.9231452345848083
    },
    "linear_velocity": {
      "x_val": -0.22821414470672607,
      "y_val": -0.009936786256730556,
      "z_val": 0.10181668400764465
    },
    "angular_velocity": {
      "x_val": -0.15696094930171967,
      "y_val": 0.03790973871946335,
      "z_val": -0.27821001410484314
    },
    "linear_acceleration": {
      "x_val": 0.1909179389476776,
      "y_val": 0.03279276192188263,
      "z_val": -0.07587511092424393
    },
    "angular_acceleration": {
      "x_val": 0.38879644870758057,
      "y_val": -0.03686310350894928,
      "z_val": 1.0945801734924316
    }
  },
  "timestamp": 1746281621171332300
}