{
  "speed": -0.08936074376106262,
  "gear": 1,
  "rpm": 499.91876220703125,
  "maxrpm": 500.0,
  "handbrake": false,
  "kinematics_estimated": {
    "position": {
      "x_val": 15.252603530883789,
      "y_val": -1.5588618516921997,
      "z_val": -1.2553586959838867
    },
    "orientation": {
      "x_val": -0.2728162407875061,
      "y_val": 0.0671442300081253,
      "z_val": -0.30059072375297546,
      "w_val": 0.9114319086074829
    },
    "linear_velocity": {
      "x_val": -0.16087594628334045,
      "y_val": -0.06421858072280884,
      "z_val": 0.08295655250549316
    },
    "angular_velocity": {
      "x_val": -0.1674671471118927,
      "y_val": -0.014454402029514313,
      "z_val": -0.2170061469078064
    },
    "linear_acceleration": {
      "x_val": 0.6737031936645508,
      "y_val": -0.4329930245876312,
      "z_val": -0.21030089259147644
    },
    "angular_acceleration": {
      "x_val": 0.8703367114067078,
      "y_val": 0.03018856607377529,
      "z_val": 0.6629490852355957
    }
  },
  "timestamp": 1746281621359188600
}