{
  "has_collided": true,
  "penetration_depth": -0.0035909442231059074,
  "time_stamp": 1746281621354167800,
  "normal": {
    "x_val": -0.34092292189598083,
    "y_val": -0.41442692279815674,
    "z_val": -0.8438138961791992
  },
  "impact_point": {
    "x_val": 15.565214157104492,
    "y_val": -1.7031636238098145,
    "z_val": -1.1365516185760498
  },
  "position": {
    "x_val": 15.252603530883789,
    "y_val": -1.5588618516921997,
    "z_val": -1.2553586959838867
  },
  "object_name": "StaticMeshActor_0",
  "object_id": 0
}