{
  "has_collided": true,
  "penetration_depth": -0.0031746739987283945,
  "time_stamp": 1746281621559932400,
  "normal": {
    "x_val": -0.3366031348705292,
    "y_val": -0.43886905908584595,
    "z_val": -0.8331220149993896
  },
  "impact_point": {
    "x_val": 15.550710678100586,
    "y_val": -1.70957612991333,
    "z_val": -1.127423644065857
  },
  "position": {
    "x_val": 15.230599403381348,
    "y_val": -1.5746824741363525,
    "z_val": -1.2420825958251953
  },
  "object_name": "StaticMeshActor_0",
  "object_id": 0
}