{
  "speed": -0.014362525194883347,
  "gear": 1,
  "rpm": 499.9658203125,
  "maxrpm": 500.0,
  "handbrake": false,
  "kinematics_estimated": {
    "position": {
      "x_val": 15.230599403381348,
      "y_val": -1.5746824741363525,
      "z_val": -1.2420825958251953
    },
    "orientation": {
      "x_val": -0.2906145453453064,
      "y_val": 0.06304005533456802,
      "z_val": -0.3114716112613678,
      "w_val": 0.9025267958641052
    },
    "linear_velocity": {
      "x_val": -0.08346892148256302,
      "y_val": -0.08075901120901108,
      "z_val": 0.05775744467973709
    },
    "angular_velocity": {
      "x_val": -0.13342495262622833,
      "y_val": -0.054848942905664444,
      "z_val": -0.10479950904846191
    },
    "linear_acceleration": {
      "x_val": 0.22955194115638733,
      "y_val": 0.06796904653310776,
      "z_val": 0.0057789357379078865
    },
    "angular_acceleration": {
      "x_val": 0.5203065872192383,
      "y_val": 0.38175997138023376,
      "z_val": -0.0964321419596672
    }
  },
  "timestamp": 1746281621564401700
}