{
  "speed": 0.0034669223241508007,
  "gear": 1,
  "rpm": 499.9841613769531,
  "maxrpm": 500.0,
  "handbrake": false,
  "kinematics_estimated": {
    "position": {
      "x_val": 15.216877937316895,
      "y_val": -1.5903279781341553,
      "z_val": -1.2323733568191528
    },
    "orientation": {
      "x_val": -0.30927908420562744,
      "y_val": 0.057477377355098724,
      "z_val": -0.31790250539779663,
      "w_val": 0.8944164514541626
    },
    "linear_velocity": {
      "x_val": -0.07353971898555756,
      "y_val": -0.09235604852437973,
      "z_val": 0.06237788125872612
    },
    "angular_velocity": {
      "x_val": -0.23689134418964386,
      "y_val": -0.1091887578368187,
      "z_val": -0.16876555979251862
    },
    "linear_acceleration": {
      "x_val": 0.15745314955711365,
      "y_val": -0.2409771978855133,
      "z_val": 0.11364291608333588
    },
    "angular_acceleration": {
      "x_val": -1.867955207824707,
      "y_val": 0.14360210299491882,
      "z_val": -2.312635898590088
    }
  },
  "timestamp": 1746281621748504300
}