{
  "has_collided": true,
  "penetration_depth": -0.003096867585554719,
  "time_stamp": 1746281621744217800,
  "normal": {
    "x_val": -0.3261106014251709,
    "y_val": -0.4920949339866638,
    "z_val": -0.8071520924568176
  },
  "impact_point": {
    "x_val": 15.554201126098633,
    "y_val": -1.703000783920288,
    "z_val": -1.1320358514785767
  },
  "position": {
    "x_val": 15.216877937316895,
    "y_val": -1.5903279781341553,
    "z_val": -1.2323733568191528
  },
  "object_name": "StaticMeshActor_0",
  "object_id": 0
}