{
  "speed": 0.07292011380195618,
  "gear": 1,
  "rpm": 499.9934387207031,
  "maxrpm": 500.0,
  "handbrake": false,
  "kinematics_estimated": {
    "position": {
      "x_val": 15.204453468322754,
      "y_val": -1.616579532623291,
      "z_val": -1.2170392274856567
    },
    "orientation": {
      "x_val": -0.3428112864494324,
      "y_val": 0.04869195818901062,
      "z_val": -0.3409270942211151,
      "w_val": 0.8740012645721436
    },
    "linear_velocity": {
      "x_val": -0.08226718008518219,
      "y_val": -0.19895488023757935,
      "z_val": 0.07041292637586594
    },
    "angular_velocity": {
      "x_val": -0.5052090287208557,
      "y_val": 0.09936709702014923,
      "z_val": -0.3545643091201782
    },
    "linear_acceleration": {
      "x_val": -1.7726600170135498,
      "y_val": -1.1190037727355957,
      "z_val": 0.8548426628112793
    },
    "angular_acceleration": {
      "x_val": -18.375429153442383,
      "y_val": 5.7232346534729,
      "z_val": 7.377027988433838
    }
  },
  "timestamp": 1746281621961942500
}