{
  "has_collided": true,
  "penetration_depth": -0.0036630865652114153,
  "time_stamp": 1746281621956858100,
  "normal": {
    "x_val": -0.3100973963737488,
    "y_val": -0.5610309839248657,
    "z_val": -0.7675179839134216
  },
  "impact_point": {
    "x_val": 15.18187141418457,
    "y_val": -1.701646327972412,
    "z_val": -0.981762707233429
  },
  "position": {
    "x_val": 15.204453468322754,
    "y_val": -1.616579532623291,
    "z_val": -1.2170392274856567
  },
  "object_name": "StaticMeshActor_0",
  "object_id": 0
}