{
  "speed": 0.18992480635643005,
  "gear": 1,
  "rpm": 499.9968566894531,
  "maxrpm": 500.0,
  "handbrake": false,
  "kinematics_estimated": {
    "position": {
      "x_val": 15.20198917388916,
      "y_val": -1.658274531364441,
      "z_val": -1.2094964981079102
    },
    "orientation": {
      "x_val": -0.38563787937164307,
      "y_val": 0.0411980040371418,
      "z_val": -0.38598498702049255,
      "w_val": 0.8370195627212524
    },
    "linear_velocity": {
      "x_val": -0.04263650253415108,
      "y_val": -0.30417925119400024,
      "z_val": 0.05902181193232536
    },
    "angular_velocity": {
      "x_val": -0.6800455451011658,
      "y_val": -0.11409258842468262,
      "z_val": -0.7976505756378174
    },
    "linear_acceleration": {
      "x_val": -0.10106073319911957,
      "y_val": -0.6966222524642944,
      "z_val": 0.17615389823913574
    },
    "angular_acceleration": {
      "x_val": 0.2509273588657379,
      "y_val": -2.3550662994384766,
      "z_val": -4.157620906829834
    }
  },
  "timestamp": 1746281622140827400
}