{
  "has_collided": true,
  "penetration_depth": -0.0033433190546929836,
  "time_stamp": 1746281622135743300,
  "normal": {
    "x_val": -0.3072251081466675,
    "y_val": -0.5721811056137085,
    "z_val": -0.7604088187217712
  },
  "impact_point": {
    "x_val": 15.155771255493164,
    "y_val": -1.700456142425537,
    "z_val": -0.9722656011581421
  },
  "position": {
    "x_val": 15.20198917388916,
    "y_val": -1.658274531364441,
    "z_val": -1.2094964981079102
  },
  "object_name": "StaticMeshActor_0",
  "object_id": 0
}