{
  "has_collided": true,
  "penetration_depth": -0.0030820616520941257,
  "time_stamp": 1746281622330721600,
  "normal": {
    "x_val": -0.2712815999984741,
    "y_val": -0.6896138191223145,
    "z_val": -0.6714454889297485
  },
  "impact_point": {
    "x_val": 15.131754875183105,
    "y_val": -1.698937177658081,
    "z_val": -0.963900625705719
  },
  "position": {
    "x_val": 15.196358680725098,
    "y_val": -1.727236270904541,
    "z_val": -1.1956474781036377
  },
  "object_name": "StaticMeshActor_0",
  "object_id": 0
}