{
  "speed": 0.2508382499217987,
  "gear": 1,
  "rpm": 499.9986572265625,
  "maxrpm": 500.0,
  "handbrake": false,
  "kinematics_estimated": {
    "position": {
      "x_val": 15.196358680725098,
      "y_val": -1.727236270904541,
      "z_val": -1.1956474781036377
    },
    "orientation": {
      "x_val": -0.4724474251270294,
      "y_val": 0.011336222290992737,
      "z_val": -0.416144460439682,
      "w_val": 0.7768453359603882
    },
    "linear_velocity": {
      "x_val": -0.058552950620651245,
      "y_val": -0.32973143458366394,
      "z_val": 0.19268693029880524
    },
    "angular_velocity": {
      "x_val": -0.89345383644104,
      "y_val": -1.0014485120773315,
      "z_val": -0.3824533522129059
    },
    "linear_acceleration": {
      "x_val": 0.6068912148475647,
      "y_val": 0.016469083726406097,
      "z_val": 3.1811094284057617
    },
    "angular_acceleration": {
      "x_val": -1.8519270420074463,
      "y_val": -10.735856056213379,
      "z_val": 1.2781541347503662
    }
  },
  "timestamp": 1746281622335310900
}