{
  "has_collided": true,
  "penetration_depth": -0.0014528195606544614,
  "time_stamp": 1746281622520491900,
  "normal": {
    "x_val": -0.15648412704467773,
    "y_val": -0.9085715413093567,
    "z_val": -0.38731181621551514
  },
  "impact_point": {
    "x_val": 15.055614471435547,
    "y_val": -1.6993396282196045,
    "z_val": -0.9340142607688904
  },
  "position": {
    "x_val": 15.183114051818848,
    "y_val": -1.8212498426437378,
    "z_val": -1.1140177249908447
  },
  "object_name": "StaticMeshActor_0",
  "object_id": 0
}