{
  "speed": 0.42100095748901367,
  "gear": 1,
  "rpm": 499.9994201660156,
  "maxrpm": 500.0,
  "handbrake": false,
  "kinematics_estimated": {
    "position": {
      "x_val": 15.183114051818848,
      "y_val": -1.8212498426437378,
      "z_val": -1.1140177249908447
    },
    "orientation": {
      "x_val": -0.6057190299034119,
      "y_val": -0.07139058411121368,
      "z_val": -0.33361899852752686,
      "w_val": 0.7188227772712708
    },
    "linear_velocity": {
      "x_val": -0.05228255316615105,
      "y_val": -0.38326501846313477,
      "z_val": 0.612548291683197
    },
    "angular_velocity": {
      "x_val": -1.2079966068267822,
      "y_val": -2.223844289779663,
      "z_val": 0.17387965321540833
    },
    "linear_acceleration": {
      "x_val": -3.3790180683135986,
      "y_val": -0.5443862080574036,
      "z_val": -5.215842247009277
    },
    "angular_acceleration": {
      "x_val": -9.914347648620605,
      "y_val": -11.838403701782227,
      "z_val": 6.060344219207764
    }
  },
  "timestamp": 1746281622524807000
}