{
  "speed": 0.6746499538421631,
  "gear": 1,
  "rpm": 499.9997863769531,
  "maxrpm": 500.0,
  "handbrake": false,
  "kinematics_estimated": {
    "position": {
      "x_val": 15.160990715026855,
      "y_val": -1.9408177137374878,
      "z_val": -0.7483137845993042
    },
    "orientation": {
      "x_val": -0.8240464329719543,
      "y_val": -0.0918046310544014,
      "z_val": -0.11255373805761337,
      "w_val": 0.5475865602493286
    },
    "linear_velocity": {
      "x_val": -0.04127700626850128,
      "y_val": -0.3985673785209656,
      "z_val": 2.535860061645508
    },
    "angular_velocity": {
      "x_val": -2.3823585510253906,
      "y_val": -2.2920565605163574,
      "z_val": 0.9523482322692871
    },
    "linear_acceleration": {
      "x_val": 0.00017678085714578629,
      "y_val": 0.0041112834587693214,
      "z_val": 9.892169952392578
    },
    "angular_acceleration": {
      "x_val": -2.247551679611206,
      "y_val": -2.0458531379699707,
      "z_val": 0.9758447408676147
    }
  },
  "timestamp": 1746281622737020900
}