{
  "has_collided": true,
  "penetration_depth": -0.0005325750098563731,
  "time_stamp": 1746281622565432900,
  "normal": {
    "x_val": -0.11899411678314209,
    "y_val": -0.948207676410675,
    "z_val": -0.294520765542984
  },
  "impact_point": {
    "x_val": 15.014883041381836,
    "y_val": -1.6997469663619995,
    "z_val": -0.9177939295768738
  },
  "position": {
    "x_val": 15.177189826965332,
    "y_val": -1.8459967374801636,
    "z_val": -1.0788636207580566
  },
  "object_name": "StaticMeshActor_0",
  "object_id": 0
}