{
  "speed": -0.6118375658988953,
  "gear": 1,
  "rpm": 499.9998474121094,
  "maxrpm": 500.0,
  "handbrake": false,
  "kinematics_estimated": {
    "position": {
      "x_val": 15.156463623046875,
      "y_val": -2.0296390056610107,
      "z_val": -0.044074855744838715
    },
    "orientation": {
      "x_val": -0.9321202635765076,
      "y_val": -0.09871620684862137,
      "z_val": 0.09369993209838867,
      "w_val": 0.3355998694896698
    },
    "linear_velocity": {
      "x_val": -0.04121249169111252,
      "y_val": -0.3978157639503479,
      "z_val": 4.3711347579956055
    },
    "angular_velocity": {
      "x_val": -2.184337854385376,
      "y_val": -2.0988996028900146,
      "z_val": 0.8974441289901733
    },
    "linear_acceleration": {
      "x_val": 0.0004607743467204273,
      "y_val": 0.0037311483174562454,
      "z_val": 9.14208984375
    },
    "angular_acceleration": {
      "x_val": 7.25015926361084,
      "y_val": 6.899575710296631,
      "z_val": -2.866971254348755
    }
  },
  "timestamp": 1746281622926920100
}