{
  "has_collided": true,
  "penetration_depth": -0.04358163848519325,
  "time_stamp": 1746281622920688000,
  "normal": {
    "x_val": 0.0,
    "y_val": 0.0,
    "z_val": -1.0000001192092896
  },
  "impact_point": {
    "x_val": 14.911317825317383,
    "y_val": -2.0130128860473633,
    "z_val": 0.30079084634780884
  },
  "position": {
    "x_val": 15.156463623046875,
    "y_val": -2.0296390056610107,
    "z_val": -0.044074855744838715
  },
  "object_name": "Ground",
  "object_id": 0
}