{
  "speed": 0.6927850842475891,
  "gear": 1,
  "rpm": 409.70904541015625,
  "maxrpm": 500.0,
  "handbrake": false,
  "kinematics_estimated": {
    "position": {
      "x_val": 2.0570249557495117,
      "y_val": -0.1726434826850891,
      "z_val": 0.024807153269648552
    },
    "orientation": {
      "x_val": -0.00013345744810067117,
      "y_val": -0.00283807166852057,
      "z_val": -0.04966709017753601,
      "w_val": 0.998761773109436
    },
    "linear_velocity": {
      "x_val": 0.6887519955635071,
      "y_val": -0.06882520765066147,
      "z_val": 0.10806748270988464
    },
    "angular_velocity": {
      "x_val": 8.193199028028175e-05,
      "y_val": 0.4365595281124115,
      "z_val": -0.000181119074113667
    },
    "linear_acceleration": {
      "x_val": 5.476182460784912,
      "y_val": -0.5459645986557007,
      "z_val": 2.3607165813446045
    },
    "angular_acceleration": {
      "x_val": -0.01460894662886858,
      "y_val": 4.9492106437683105,
      "z_val": 0.0039368122816085815
    }
  },
  "timestamp": 1746281593680092000
}