{
  "has_collided": true,
  "penetration_depth": -0.009372303262352943,
  "time_stamp": 1746281623068633700,
  "normal": {
    "x_val": 0.0,
    "y_val": -1.1102230246251565e-16,
    "z_val": -1.0
  },
  "impact_point": {
    "x_val": 15.030797004699707,
    "y_val": -2.3649134635925293,
    "z_val": 0.28368616104125977
  },
  "position": {
    "x_val": 15.209076881408691,
    "y_val": -2.1267991065979004,
    "z_val": 0.07470804452896118
  },
  "object_name": "Ground",
  "object_id": 0
}