{
  "speed": -0.051944684237241745,
  "gear": 1,
  "rpm": 499.9998474121094,
  "maxrpm": 500.0,
  "handbrake": false,
  "kinematics_estimated": {
    "position": {
      "x_val": 15.223591804504395,
      "y_val": -2.1654410362243652,
      "z_val": 0.059318386018276215
    },
    "orientation": {
      "x_val": 0.9414862394332886,
      "y_val": 0.20012511312961578,
      "z_val": 0.04980740696191788,
      "w_val": 0.266594797372818
    },
    "linear_velocity": {
      "x_val": 0.32946401834487915,
      "y_val": -0.892177402973175,
      "z_val": -0.5038222074508667
    },
    "angular_velocity": {
      "x_val": -3.0720937252044678,
      "y_val": 0.31030791997909546,
      "z_val": -0.15510031580924988
    },
    "linear_acceleration": {
      "x_val": -0.0034150765277445316,
      "y_val": 0.00925042200833559,
      "z_val": 10.162558555603027
    },
    "angular_acceleration": {
      "x_val": 67.93961334228516,
      "y_val": 84.37938690185547,
      "z_val": 40.3436279296875
    }
  },
  "timestamp": 1746281623114261000
}