{
  "has_collided": true,
  "penetration_depth": -0.007109766826033592,
  "time_stamp": 1746281623274854100,
  "normal": {
    "x_val": 2.7755575615628914e-17,
    "y_val": 0.0,
    "z_val": -1.0
  },
  "impact_point": {
    "x_val": 15.755532264709473,
    "y_val": -2.2527883052825928,
    "z_val": 0.28255489468574524
  },
  "position": {
    "x_val": 15.276408195495605,
    "y_val": -2.294128179550171,
    "z_val": 0.03992556780576706
  },
  "object_name": "Ground",
  "object_id": 0
}