{
  "speed": -0.017626624554395676,
  "gear": 1,
  "rpm": 499.9998474121094,
  "maxrpm": 500.0,
  "handbrake": false,
  "kinematics_estimated": {
    "position": {
      "x_val": 15.282358169555664,
      "y_val": -2.307218074798584,
      "z_val": 0.03931942954659462
    },
    "orientation": {
      "x_val": 0.8296509981155396,
      "y_val": 0.1913648098707199,
      "z_val": 0.11793363094329834,
      "w_val": 0.5110287666320801
    },
    "linear_velocity": {
      "x_val": 0.2890626788139343,
      "y_val": -0.6333163976669312,
      "z_val": -0.41634872555732727
    },
    "angular_velocity": {
      "x_val": -2.9140408039093018,
      "y_val": 0.09127788990736008,
      "z_val": -0.0709218978881836
    },
    "linear_acceleration": {
      "x_val": -2.1291186809539795,
      "y_val": 2.207517623901367,
      "z_val": -23.786888122558594
    },
    "angular_acceleration": {
      "x_val": 15.031604766845703,
      "y_val": -3.4000396728515625,
      "z_val": -4.533366680145264
    }
  },
  "timestamp": 1746281623300074100
}