{
  "speed": 0.0007929356070235372,
  "gear": 1,
  "rpm": 499.9998474121094,
  "maxrpm": 500.0,
  "handbrake": false,
  "kinematics_estimated": {
    "position": {
      "x_val": 15.310263633728027,
      "y_val": -2.368162155151367,
      "z_val": 0.013509158045053482
    },
    "orientation": {
      "x_val": 0.7784373760223389,
      "y_val": 0.18154706060886383,
      "z_val": 0.1364768147468567,
      "w_val": 0.5851922631263733
    },
    "linear_velocity": {
      "x_val": 0.0560879111289978,
      "y_val": -0.11191485822200775,
      "z_val": -0.052238285541534424
    },
    "angular_velocity": {
      "x_val": -0.47105851769447327,
      "y_val": -0.017601966857910156,
      "z_val": 0.002830706536769867
    },
    "linear_acceleration": {
      "x_val": -1.0251308679580688,
      "y_val": 1.9718759059906006,
      "z_val": 0.8615849614143372
    },
    "angular_acceleration": {
      "x_val": 13.35675048828125,
      "y_val": 2.016223669052124,
      "z_val": -0.370709627866745
    }
  },
  "timestamp": 1746281623484090500
}