{
  "has_collided": true,
  "penetration_depth": -0.0037742052227258682,
  "time_stamp": 1746281623479069000,
  "normal": {
    "x_val": 0.0,
    "y_val": 0.0,
    "z_val": -1.0
  },
  "impact_point": {
    "x_val": 14.958052635192871,
    "y_val": -2.6729307174682617,
    "z_val": 0.2808871269226074
  },
  "position": {
    "x_val": 15.310263633728027,
    "y_val": -2.368162155151367,
    "z_val": 0.013509158045053482
  },
  "object_name": "Ground",
  "object_id": 0
}