{
  "has_collided": true,
  "penetration_depth": -0.004895626101642847,
  "time_stamp": 1746281623685466700,
  "normal": {
    "x_val": 8.326672684688674e-17,
    "y_val": 2.220446049250313e-16,
    "z_val": -0.9999998807907104
  },
  "impact_point": {
    "x_val": 15.764716148376465,
    "y_val": -2.272353172302246,
    "z_val": 0.28144779801368713
  },
  "position": {
    "x_val": 15.29915714263916,
    "y_val": -2.3457045555114746,
    "z_val": 0.025947613641619682
  },
  "object_name": "Ground",
  "object_id": 0
}