{
  "speed": -0.0012717765057459474,
  "gear": 1,
  "rpm": 499.9998474121094,
  "maxrpm": 500.0,
  "handbrake": false,
  "kinematics_estimated": {
    "position": {
      "x_val": 15.29915714263916,
      "y_val": -2.3457045555114746,
      "z_val": 0.025947613641619682
    },
    "orientation": {
      "x_val": 0.8057926893234253,
      "y_val": 0.1882508397102356,
      "z_val": 0.127837672829628,
      "w_val": 0.5467332601547241
    },
    "linear_velocity": {
      "x_val": -0.15254780650138855,
      "y_val": 0.3056353032588959,
      "z_val": 0.17098188400268555
    },
    "angular_velocity": {
      "x_val": 1.2105475664138794,
      "y_val": 0.007670063991099596,
      "z_val": 0.0019249795004725456
    },
    "linear_acceleration": {
      "x_val": -1.0441310405731201,
      "y_val": 2.000218629837036,
      "z_val": 1.5602153539657593
    },
    "angular_acceleration": {
      "x_val": 2.8860535621643066,
      "y_val": 0.39581048488616943,
      "z_val": 0.057238731533288956
    }
  },
  "timestamp": 1746281623689969600
}