{
  "speed": 0.02701554447412491,
  "gear": 1,
  "rpm": 499.9998474121094,
  "maxrpm": 500.0,
  "handbrake": false,
  "kinematics_estimated": {
    "position": {
      "x_val": 15.266242027282715,
      "y_val": -2.277667999267578,
      "z_val": 0.0437343530356884
    },
    "orientation": {
      "x_val": 0.8805943131446838,
      "y_val": 0.20624272525310516,
      "z_val": 0.09926621615886688,
      "w_val": 0.4149262607097626
    },
    "linear_velocity": {
      "x_val": -0.16733874380588531,
      "y_val": 0.39588096737861633,
      "z_val": 0.11225966364145279
    },
    "angular_velocity": {
      "x_val": 1.8210737705230713,
      "y_val": 0.15373283624649048,
      "z_val": 0.11893289536237717
    },
    "linear_acceleration": {
      "x_val": 2.290085554122925,
      "y_val": 1.5619502067565918,
      "z_val": 5.240675449371338
    },
    "angular_acceleration": {
      "x_val": 8.73216724395752,
      "y_val": 12.267279624938965,
      "z_val": 12.755763053894043
    }
  },
  "timestamp": 1746281623875088500
}