{
  "has_collided": true,
  "penetration_depth": -0.007556759752333164,
  "time_stamp": 1746281623870020700,
  "normal": {
    "x_val": -2.7755575615628914e-17,
    "y_val": 0.0,
    "z_val": -0.9999998807907104
  },
  "impact_point": {
    "x_val": 15.52186393737793,
    "y_val": -2.1923532485961914,
    "z_val": 0.2827783524990082
  },
  "position": {
    "x_val": 15.266242027282715,
    "y_val": -2.277667999267578,
    "z_val": 0.0437343530356884
  },
  "object_name": "Ground",
  "object_id": 0
}