{
  "speed": 0.017102593556046486,
  "gear": 1,
  "rpm": 499.9998474121094,
  "maxrpm": 500.0,
  "handbrake": false,
  "kinematics_estimated": {
    "position": {
      "x_val": 15.220272064208984,
      "y_val": -2.1898300647735596,
      "z_val": 0.08238520473241806
    },
    "orientation": {
      "x_val": 0.9505702257156372,
      "y_val": 0.22487647831439972,
      "z_val": 0.049215588718652725,
      "w_val": 0.20838576555252075
    },
    "linear_velocity": {
      "x_val": -0.2927002012729645,
      "y_val": 0.6223772168159485,
      "z_val": 0.4113755226135254
    },
    "angular_velocity": {
      "x_val": 3.0850415229797363,
      "y_val": 0.006828004494309425,
      "z_val": -0.06037672981619835
    },
    "linear_acceleration": {
      "x_val": 0.8169697523117065,
      "y_val": 2.3893144130706787,
      "z_val": 3.3334438800811768
    },
    "angular_acceleration": {
      "x_val": -2.0296683311462402,
      "y_val": -0.34457650780677795,
      "z_val": -3.699683666229248
    }
  },
  "timestamp": 1746281624064134900
}