{
  "has_collided": true,
  "penetration_depth": -0.0036383746191859245,
  "time_stamp": 1746281624059650200,
  "normal": {
    "x_val": 4.163336342344337e-17,
    "y_val": 0.0,
    "z_val": -0.9999999403953552
  },
  "impact_point": {
    "x_val": 15.04255199432373,
    "y_val": -2.4303953647613525,
    "z_val": 0.2808191776275635
  },
  "position": {
    "x_val": 15.220272064208984,
    "y_val": -2.1898300647735596,
    "z_val": 0.08238520473241806
  },
  "object_name": "Ground",
  "object_id": 0
}