{
  "has_collided": true,
  "penetration_depth": -0.006215320434421301,
  "time_stamp": 1746281624245559600,
  "normal": {
    "x_val": -5.204170427930421e-18,
    "y_val": 1.3877787807814457e-17,
    "z_val": -1.0000001192092896
  },
  "impact_point": {
    "x_val": 15.017024993896484,
    "y_val": -2.381622076034546,
    "z_val": 0.2821076810359955
  },
  "position": {
    "x_val": 15.173316955566406,
    "y_val": -2.0923080444335938,
    "z_val": 0.1486232876777649
  },
  "object_name": "Ground",
  "object_id": 0
}