{
  "speed": 0.031699493527412415,
  "gear": 1,
  "rpm": 499.9998474121094,
  "maxrpm": 500.0,
  "handbrake": false,
  "kinematics_estimated": {
    "position": {
      "x_val": 15.173316955566406,
      "y_val": -2.0923080444335938,
      "z_val": 0.1486232876777649
    },
    "orientation": {
      "x_val": 0.9742662310600281,
      "y_val": 0.2244827002286911,
      "z_val": 0.005256141070276499,
      "w_val": 0.019627006724476814
    },
    "linear_velocity": {
      "x_val": -0.13381654024124146,
      "y_val": 0.34707170724868774,
      "z_val": 0.0958479642868042
    },
    "angular_velocity": {
      "x_val": 0.24138544499874115,
      "y_val": -0.26068392395973206,
      "z_val": 0.26283198595046997
    },
    "linear_acceleration": {
      "x_val": 1.1570771932601929,
      "y_val": -1.9943532943725586,
      "z_val": 6.40509557723999
    },
    "angular_acceleration": {
      "x_val": 23.88994026184082,
      "y_val": -8.420232772827148,
      "z_val": 4.277509689331055
    }
  },
  "timestamp": 1746281624251441000
}