{
  "has_collided": true,
  "penetration_depth": -0.003897013608366251,
  "time_stamp": 1746281624412234300,
  "normal": {
    "x_val": 0.0,
    "y_val": 1.0842021724855044e-19,
    "z_val": -1.0
  },
  "impact_point": {
    "x_val": 15.49410343170166,
    "y_val": -2.139490842819214,
    "z_val": 0.2809485197067261
  },
  "position": {
    "x_val": 15.166281700134277,
    "y_val": -2.074178695678711,
    "z_val": 0.15725547075271606
  },
  "object_name": "Ground",
  "object_id": 0
}