{
  "speed": 0.00020115930237807333,
  "gear": 1,
  "rpm": 499.9998474121094,
  "maxrpm": 500.0,
  "handbrake": false,
  "kinematics_estimated": {
    "position": {
      "x_val": 15.166281700134277,
      "y_val": -2.074178695678711,
      "z_val": 0.15725547075271606
    },
    "orientation": {
      "x_val": -0.9754869937896729,
      "y_val": -0.22005711495876312,
      "z_val": 5.6099593166436534e-06,
      "w_val": 2.472958658472635e-05
    },
    "linear_velocity": {
      "x_val": 1.3530891919799615e-05,
      "y_val": 0.00044008283293806016,
      "z_val": -7.54429493099451e-05
    },
    "angular_velocity": {
      "x_val": 0.0020921670366078615,
      "y_val": 0.0009596942109055817,
      "z_val": 0.00026595540111884475
    },
    "linear_acceleration": {
      "x_val": 0.004192062187939882,
      "y_val": 0.06540770828723907,
      "z_val": -0.003953095991164446
    },
    "angular_acceleration": {
      "x_val": 0.2893138825893402,
      "y_val": 0.14712336659431458,
      "z_val": 0.02609126828610897
    }
  },
  "timestamp": 1746281624416707100
}