{
  "speed": -2.5005496354424395e-05,
  "gear": 1,
  "rpm": 499.9998474121094,
  "maxrpm": 500.0,
  "handbrake": false,
  "kinematics_estimated": {
    "position": {
      "x_val": 15.166281700134277,
      "y_val": -2.074176073074341,
      "z_val": 0.15725314617156982
    },
    "orientation": {
      "x_val": -0.9754871129989624,
      "y_val": -0.22005663812160492,
      "z_val": 3.854101123579312e-06,
      "w_val": 3.054762055398896e-05
    },
    "linear_velocity": {
      "x_val": -2.3310582037083805e-05,
      "y_val": -9.206406502926257e-06,
      "z_val": -3.6781486301151745e-08
    },
    "angular_velocity": {
      "x_val": 0.0,
      "y_val": -0.0,
      "z_val": 0.0
    },
    "linear_acceleration": {
      "x_val": -0.0011552554788067937,
      "y_val": -0.0005135059473104775,
      "z_val": 1.3287890396895818e-05
    },
    "angular_acceleration": {
      "x_val": 0.0,
      "y_val": 0.0,
      "z_val": 0.0
    }
  },
  "timestamp": 1746281624609289100
}