{
  "speed": 0.8313480019569397,
  "gear": 1,
  "rpm": 375.1722717285156,
  "maxrpm": 500.0,
  "handbrake": false,
  "kinematics_estimated": {
    "position": {
      "x_val": 2.233211040496826,
      "y_val": -0.19024966657161713,
      "z_val": 0.02594880573451519
    },
    "orientation": {
      "x_val": -5.284817234496586e-06,
      "y_val": -0.00010666533489711583,
      "z_val": -0.04969701170921326,
      "w_val": 0.9987643361091614
    },
    "linear_velocity": {
      "x_val": 0.8272302150726318,
      "y_val": -0.08264186978340149,
      "z_val": 9.950273670256138e-05
    },
    "angular_velocity": {
      "x_val": -2.1772639229311608e-05,
      "y_val": -0.0015276094200089574,
      "z_val": -0.00035685161128640175
    },
    "linear_acceleration": {
      "x_val": -0.013325437903404236,
      "y_val": 0.0013311313232406974,
      "z_val": 0.010265292599797249
    },
    "angular_acceleration": {
      "x_val": -0.001826546504162252,
      "y_val": -0.06427524238824844,
      "z_val": -0.006658722180873156
    }
  },
  "timestamp": 1746281593951973500
}