{
  "has_collided": true,
  "penetration_depth": -0.003628936130553484,
  "time_stamp": 1746281624997690700,
  "normal": {
    "x_val": 0.0,
    "y_val": 1.0842021724855044e-19,
    "z_val": -1.0
  },
  "impact_point": {
    "x_val": 14.836609840393066,
    "y_val": -2.0030484199523926,
    "z_val": 0.2808144688606262
  },
  "position": {
    "x_val": 15.166281700134277,
    "y_val": -2.074176073074341,
    "z_val": 0.15725314617156982
  },
  "object_name": "Ground",
  "object_id": 0
}