{
  "speed": 2.623796353873331e-05,
  "gear": 1,
  "rpm": 499.9998779296875,
  "maxrpm": 500.0,
  "handbrake": false,
  "kinematics_estimated": {
    "position": {
      "x_val": 15.166281700134277,
      "y_val": -2.074176073074341,
      "z_val": 0.15725314617156982
    },
    "orientation": {
      "x_val": -0.9754871129989624,
      "y_val": -0.22005663812160492,
      "z_val": 3.854101123579312e-06,
      "w_val": 3.054762055398896e-05
    },
    "linear_velocity": {
      "x_val": 2.4251450668089092e-05,
      "y_val": 1.0097860467794817e-05,
      "z_val": 4.567490918816475e-08
    },
    "angular_velocity": {
      "x_val": 0.0,
      "y_val": -0.0,
      "z_val": 0.0
    },
    "linear_acceleration": {
      "x_val": 0.0013408918166533113,
      "y_val": 0.0005498154787346721,
      "z_val": -1.4025265045347624e-05
    },
    "angular_acceleration": {
      "x_val": 0.0,
      "y_val": 0.0,
      "z_val": 0.0
    }
  },
  "timestamp": 1746281625002008900
}