{
  "has_collided": true,
  "penetration_depth": -0.0037684228736907244,
  "time_stamp": 1746281625178893800,
  "normal": {
    "x_val": 0.0,
    "y_val": 1.0842021724855044e-19,
    "z_val": -1.0
  },
  "impact_point": {
    "x_val": 14.836609840393066,
    "y_val": -2.0030479431152344,
    "z_val": 0.2808842062950134
  },
  "position": {
    "x_val": 15.166281700134277,
    "y_val": -2.074176073074341,
    "z_val": 0.15725314617156982
  },
  "object_name": "Ground",
  "object_id": 0
}