{
  "speed": -2.3612645236426033e-05,
  "gear": 1,
  "rpm": 499.9998779296875,
  "maxrpm": 500.0,
  "handbrake": false,
  "kinematics_estimated": {
    "position": {
      "x_val": 15.166281700134277,
      "y_val": -2.074176073074341,
      "z_val": 0.15725314617156982
    },
    "orientation": {
      "x_val": -0.9754871129989624,
      "y_val": -0.22005663812160492,
      "z_val": 3.854101123579312e-06,
      "w_val": 3.054762055398896e-05
    },
    "linear_velocity": {
      "x_val": -2.2507330868393183e-05,
      "y_val": -7.651876330783125e-06,
      "z_val": -3.336770930673083e-07
    },
    "angular_velocity": {
      "x_val": 0.0,
      "y_val": -0.0,
      "z_val": 0.0
    },
    "linear_acceleration": {
      "x_val": -0.001072640880011022,
      "y_val": -0.00036466855090111494,
      "z_val": -1.5902183804428205e-05
    },
    "angular_acceleration": {
      "x_val": 0.0,
      "y_val": 0.0,
      "z_val": 0.0
    }
  },
  "timestamp": 1746281625364584800
}