{
  "speed": -1.7978054529521614e-06,
  "gear": 1,
  "rpm": 499.9998779296875,
  "maxrpm": 500.0,
  "handbrake": false,
  "kinematics_estimated": {
    "position": {
      "x_val": 15.166281700134277,
      "y_val": -2.074176073074341,
      "z_val": 0.15725314617156982
    },
    "orientation": {
      "x_val": -0.9754871129989624,
      "y_val": -0.22005663812160492,
      "z_val": 3.854101123579312e-06,
      "w_val": 3.054762055398896e-05
    },
    "linear_velocity": {
      "x_val": -1.9488738871586975e-06,
      "y_val": -8.776667215215639e-08,
      "z_val": 3.817892775259679e-07
    },
    "angular_velocity": {
      "x_val": 0.0,
      "y_val": -0.0,
      "z_val": 0.0
    },
    "linear_acceleration": {
      "x_val": 0.0009935155976563692,
      "y_val": 0.00048650300595909357,
      "z_val": 2.2824997358839028e-05
    },
    "angular_acceleration": {
      "x_val": 0.0,
      "y_val": 0.0,
      "z_val": 0.0
    }
  },
  "timestamp": 1746281625927533200
}