{
  "has_collided": true,
  "penetration_depth": -0.004103996325284243,
  "time_stamp": 1746281626131786100,
  "normal": {
    "x_val": 0.0,
    "y_val": 1.0842021724855044e-19,
    "z_val": -1.0
  },
  "impact_point": {
    "x_val": 15.320000648498535,
    "y_val": -1.7732468843460083,
    "z_val": 0.28105199337005615
  },
  "position": {
    "x_val": 15.166281700134277,
    "y_val": -2.074176073074341,
    "z_val": 0.15725314617156982
  },
  "object_name": "Ground",
  "object_id": 0
}