{
  "has_collided": true,
  "penetration_depth": -0.004475445952266455,
  "time_stamp": 1746281626325589900,
  "normal": {
    "x_val": 0.0,
    "y_val": 1.0842021724855044e-19,
    "z_val": -1.0
  },
  "impact_point": {
    "x_val": 14.836609840393066,
    "y_val": -2.0030477046966553,
    "z_val": 0.28123772144317627
  },
  "position": {
    "x_val": 15.166281700134277,
    "y_val": -2.074176073074341,
    "z_val": 0.15725314617156982
  },
  "object_name": "Ground",
  "object_id": 0
}