{
  "speed": -2.2832004106021486e-05,
  "gear": 1,
  "rpm": 499.9998779296875,
  "maxrpm": 500.0,
  "handbrake": false,
  "kinematics_estimated": {
    "position": {
      "x_val": 15.166281700134277,
      "y_val": -2.074176073074341,
      "z_val": 0.15725314617156982
    },
    "orientation": {
      "x_val": -0.9754871129989624,
      "y_val": -0.22005663812160492,
      "z_val": 3.854101123579312e-06,
      "w_val": 3.054762055398896e-05
    },
    "linear_velocity": {
      "x_val": -2.0905285055050626e-05,
      "y_val": -9.203728950524237e-06,
      "z_val": -6.649094075328321e-08
    },
    "angular_velocity": {
      "x_val": 0.0,
      "y_val": -0.0,
      "z_val": 0.0
    },
    "linear_acceleration": {
      "x_val": -0.0011301467893645167,
      "y_val": -0.000508073135279119,
      "z_val": 1.3010998372919858e-05
    },
    "angular_acceleration": {
      "x_val": 0.0,
      "y_val": 0.0,
      "z_val": 0.0
    }
  },
  "timestamp": 1746281626536429000
}