{
  "speed": 1.243649959564209,
  "gear": 1,
  "rpm": 451.4416198730469,
  "maxrpm": 500.0,
  "handbrake": false,
  "kinematics_estimated": {
    "position": {
      "x_val": 2.517202615737915,
      "y_val": -0.22033844888210297,
      "z_val": 0.02596314810216427
    },
    "orientation": {
      "x_val": -6.079935701563954e-06,
      "y_val": -8.000747038749978e-05,
      "z_val": -0.08702824264764786,
      "w_val": 0.9962058663368225
    },
    "linear_velocity": {
      "x_val": 1.2259668111801147,
      "y_val": -0.2090817242860794,
      "z_val": -1.936271473823581e-05
    },
    "angular_velocity": {
      "x_val": -8.027929288800806e-05,
      "y_val": -0.002093532122671604,
      "z_val": -0.6078401803970337
    },
    "linear_acceleration": {
      "x_val": -0.11345043778419495,
      "y_val": -0.6078425645828247,
      "z_val": -0.0007025936502031982
    },
    "angular_acceleration": {
      "x_val": -0.0010328333592042327,
      "y_val": -0.08228790014982224,
      "z_val": -9.379643440246582
    }
  },
  "timestamp": 1746281594200231900
}