{
  "speed": 1.0210729837417603,
  "gear": 1,
  "rpm": 472.6005859375,
  "maxrpm": 500.0,
  "handbrake": false,
  "kinematics_estimated": {
    "position": {
      "x_val": 2.766895055770874,
      "y_val": -0.2696549594402313,
      "z_val": 0.026106979697942734
    },
    "orientation": {
      "x_val": -1.912831976369489e-05,
      "y_val": -5.4376916523324326e-05,
      "z_val": -0.10846658796072006,
      "w_val": 0.9941000938415527
    },
    "linear_velocity": {
      "x_val": 0.9980660676956177,
      "y_val": -0.21558408439159393,
      "z_val": 3.47847853845451e-05
    },
    "angular_velocity": {
      "x_val": 0.04574492201209068,
      "y_val": 0.04594406113028526,
      "z_val": -0.03838997706770897
    },
    "linear_acceleration": {
      "x_val": 0.049760352820158005,
      "y_val": 0.26877743005752563,
      "z_val": -0.24092087149620056
    },
    "angular_acceleration": {
      "x_val": 4.32965612411499,
      "y_val": -31.69668960571289,
      "z_val": 1.4277665615081787
    }
  },
  "timestamp": 1746281594434855900
}