{
  "speed": 0.7828304171562195,
  "gear": 1,
  "rpm": 442.37042236328125,
  "maxrpm": 500.0,
  "handbrake": false,
  "kinematics_estimated": {
    "position": {
      "x_val": 2.949875831604004,
      "y_val": -0.3091551959514618,
      "z_val": 0.02581963501870632
    },
    "orientation": {
      "x_val": -0.000484131887787953,
      "y_val": -0.0004660654813051224,
      "z_val": -0.12030201405286789,
      "w_val": 0.9927371144294739
    },
    "linear_velocity": {
      "x_val": 0.7605801820755005,
      "y_val": -0.18532779812812805,
      "z_val": -0.0009622049401514232
    },
    "angular_velocity": {
      "x_val": -0.031659893691539764,
      "y_val": 0.5441415309906006,
      "z_val": -0.2867853343486786
    },
    "linear_acceleration": {
      "x_val": 6.274744987487793,
      "y_val": -1.588086724281311,
      "z_val": -0.6595911979675293
    },
    "angular_acceleration": {
      "x_val": -0.951296865940094,
      "y_val": 13.802546501159668,
      "z_val": -2.1181881427764893
    }
  },
  "timestamp": 1746281594667610600
}