{
  "speed": 0.8854076862335205,
  "gear": 1,
  "rpm": 465.9336853027344,
  "maxrpm": 500.0,
  "handbrake": false,
  "kinematics_estimated": {
    "position": {
      "x_val": 3.16200852394104,
      "y_val": -0.3670729696750641,
      "z_val": 0.026085950434207916
    },
    "orientation": {
      "x_val": -9.648088962421753e-06,
      "y_val": -5.4475887736771256e-05,
      "z_val": -0.1888093501329422,
      "w_val": 0.9820137619972229
    },
    "linear_velocity": {
      "x_val": 0.8177141547203064,
      "y_val": -0.33976760506629944,
      "z_val": 2.2130418528831797e-06
    },
    "angular_velocity": {
      "x_val": 6.743453559465706e-05,
      "y_val": 0.00023729301756247878,
      "z_val": -0.4737528860569
    },
    "linear_acceleration": {
      "x_val": -0.17454136908054352,
      "y_val": -0.43194934725761414,
      "z_val": -0.0002125157625414431
    },
    "angular_acceleration": {
      "x_val": -0.09883387386798859,
      "y_val": -0.21533207595348358,
      "z_val": 3.2247109413146973
    }
  },
  "timestamp": 1746281594927417200
}