{
  "speed": 5.873352498797502e-11,
  "gear": 1,
  "rpm": 24.941389083862305,
  "maxrpm": 500.0,
  "handbrake": false,
  "kinematics_estimated": {
    "position": {
      "x_val": -4.651183553505689e-05,
      "y_val": 2.3246118871611543e-05,
      "z_val": 0.025895459577441216
    },
    "orientation": {
      "x_val": 1.3307380086757803e-08,
      "y_val": -0.00012049564975313842,
      "z_val": -4.145085313211894e-06,
      "w_val": 1.0
    },
    "linear_velocity": {
      "x_val": 5.875669395472016e-11,
      "y_val": -4.871028134610569e-16,
      "z_val": -9.615044871402745e-11
    },
    "angular_velocity": {
      "x_val": 0.0,
      "y_val": 0.0,
      "z_val": 0.0
    },
    "linear_acceleration": {
      "x_val": 2.6677999809265884e-09,
      "y_val": -2.211650628532614e-14,
      "z_val": 7.205121477227294e-08
    },
    "angular_acceleration": {
      "x_val": 6.620687145186821e-06,
      "y_val": 0.0016188069712370634,
      "z_val": -1.692292883603841e-08
    }
  },
  "timestamp": 1746281590351386700
}