{
  "speed": 1.1488202810287476,
  "gear": 1,
  "rpm": 488.3614196777344,
  "maxrpm": 500.0,
  "handbrake": false,
  "kinematics_estimated": {
    "position": {
      "x_val": 3.4235920906066895,
      "y_val": -0.47839438915252686,
      "z_val": 0.02599184587597847
    },
    "orientation": {
      "x_val": -1.741272171784658e-05,
      "y_val": -8.193808753276244e-05,
      "z_val": -0.2199828177690506,
      "w_val": 0.9755037426948547
    },
    "linear_velocity": {
      "x_val": 1.040201187133789,
      "y_val": -0.48765280842781067,
      "z_val": -2.8724152798531577e-06
    },
    "angular_velocity": {
      "x_val": -3.286191349616274e-05,
      "y_val": 0.00020788538677152246,
      "z_val": -0.3960828185081482
    },
    "linear_acceleration": {
      "x_val": -0.17603814601898193,
      "y_val": -0.3527793884277344,
      "z_val": 0.0006020237342454493
    },
    "angular_acceleration": {
      "x_val": 0.0003865163598675281,
      "y_val": 0.08274722844362259,
      "z_val": -2.966402530670166
    }
  },
  "timestamp": 1746281595186086900
}