{
  "speed": 1.1223018169403076,
  "gear": 1,
  "rpm": 493.6396484375,
  "maxrpm": 500.0,
  "handbrake": false,
  "kinematics_estimated": {
    "position": {
      "x_val": 3.6570708751678467,
      "y_val": -0.5921375751495361,
      "z_val": 0.026047490537166595
    },
    "orientation": {
      "x_val": -1.4965935406507924e-05,
      "y_val": -6.178383046062663e-05,
      "z_val": -0.25252556800842285,
      "w_val": 0.9675902128219604
    },
    "linear_velocity": {
      "x_val": 0.9808273911476135,
      "y_val": -0.5454819202423096,
      "z_val": 9.585376574250404e-06
    },
    "angular_velocity": {
      "x_val": -5.2369847253430635e-05,
      "y_val": 0.0013253102079033852,
      "z_val": -0.42510905861854553
    },
    "linear_acceleration": {
      "x_val": -0.2706894278526306,
      "y_val": -0.4756273925304413,
      "z_val": 0.0007000651676207781
    },
    "angular_acceleration": {
      "x_val": 0.00015244381211232394,
      "y_val": 0.0679362341761589,
      "z_val": 2.498021364212036
    }
  },
  "timestamp": 1746281595429302400
}