{
  "speed": 0.44328272342681885,
  "gear": 1,
  "rpm": 492.1765441894531,
  "maxrpm": 500.0,
  "handbrake": false,
  "kinematics_estimated": {
    "position": {
      "x_val": 3.8615801334381104,
      "y_val": -0.7135767936706543,
      "z_val": 0.019561177119612694
    },
    "orientation": {
      "x_val": -0.004159088246524334,
      "y_val": -0.013264142908155918,
      "z_val": -0.3119249641895294,
      "w_val": 0.950005054473877
    },
    "linear_velocity": {
      "x_val": 0.3480480909347534,
      "y_val": -0.277855783700943,
      "z_val": -0.05605759471654892
    },
    "angular_velocity": {
      "x_val": -0.011586991138756275,
      "y_val": -0.2829842269420624,
      "z_val": -0.4070763885974884
    },
    "linear_acceleration": {
      "x_val": -4.859893321990967,
      "y_val": 3.0840466022491455,
      "z_val": 0.02893756702542305
    },
    "angular_acceleration": {
      "x_val": -0.2860385775566101,
      "y_val": 4.371711730957031,
      "z_val": 6.153482437133789
    }
  },
  "timestamp": 1746281595669938000
}