{
  "speed": -0.002295066835358739,
  "gear": 1,
  "rpm": 267.7831726074219,
  "maxrpm": 500.0,
  "handbrake": false,
  "kinematics_estimated": {
    "position": {
      "x_val": 3.8756942749023438,
      "y_val": -0.7244855761528015,
      "z_val": 0.026163410395383835
    },
    "orientation": {
      "x_val": -1.587989208928775e-05,
      "y_val": -4.3879022996407e-05,
      "z_val": -0.34079688787460327,
      "w_val": 0.9401369690895081
    },
    "linear_velocity": {
      "x_val": -0.014630941674113274,
      "y_val": -0.0139473220333457,
      "z_val": 7.233846645249287e-06
    },
    "angular_velocity": {
      "x_val": -4.799980524694547e-05,
      "y_val": 0.0009397634421475232,
      "z_val": -0.1582067608833313
    },
    "linear_acceleration": {
      "x_val": 0.06103583797812462,
      "y_val": -0.014833411201834679,
      "z_val": 0.00023284039343707263
    },
    "angular_acceleration": {
      "x_val": 0.009218302555382252,
      "y_val": -0.4120306074619293,
      "z_val": 3.707289934158325
    }
  },
  "timestamp": 1746281595896845200
}