{
  "speed": 0.00022524080122821033,
  "gear": 1,
  "rpm": 116.25484466552734,
  "maxrpm": 500.0,
  "handbrake": false,
  "kinematics_estimated": {
    "position": {
      "x_val": 3.875528335571289,
      "y_val": -0.7245965600013733,
      "z_val": 0.025964319705963135
    },
    "orientation": {
      "x_val": -3.763816494029015e-05,
      "y_val": -9.756815416039899e-05,
      "z_val": -0.3672054409980774,
      "w_val": 0.9301398396492004
    },
    "linear_velocity": {
      "x_val": -0.010041757486760616,
      "y_val": -0.011065561324357986,
      "z_val": 9.544825843477156e-06
    },
    "angular_velocity": {
      "x_val": -1.4136348909232765e-05,
      "y_val": 0.0010452814167365432,
      "z_val": -0.24956166744232178
    },
    "linear_acceleration": {
      "x_val": 0.11302027851343155,
      "y_val": 0.12695685029029846,
      "z_val": 0.0008794417954050004
    },
    "angular_acceleration": {
      "x_val": 0.0006888970965519547,
      "y_val": 0.11645793169736862,
      "z_val": -5.126004219055176
    }
  },
  "timestamp": 1746281596136972900
}