{
  "speed": 0.46621790528297424,
  "gear": 1,
  "rpm": 247.8651580810547,
  "maxrpm": 500.0,
  "handbrake": false,
  "kinematics_estimated": {
    "position": {
      "x_val": 3.9297149181365967,
      "y_val": -0.7781287431716919,
      "z_val": 0.025330426171422005
    },
    "orientation": {
      "x_val": -0.0007255853270180523,
      "y_val": -0.0017028878210112453,
      "z_val": -0.40201446413993835,
      "w_val": 0.9156314134597778
    },
    "linear_velocity": {
      "x_val": 0.3030867874622345,
      "y_val": -0.3548023998737335,
      "z_val": -0.02771308645606041
    },
    "angular_velocity": {
      "x_val": 0.0009429868077859282,
      "y_val": -0.11977428942918777,
      "z_val": -0.12549424171447754
    },
    "linear_acceleration": {
      "x_val": -3.5874826908111572,
      "y_val": 3.8008835315704346,
      "z_val": -0.9402011036872864
    },
    "angular_acceleration": {
      "x_val": -0.10684773325920105,
      "y_val": -3.9333367347717285,
      "z_val": 8.573599815368652
    }
  },
  "timestamp": 1746281596365633600
}