{
  "speed": 0.0005913132918067276,
  "gear": 1,
  "rpm": 140.9607696533203,
  "maxrpm": 500.0,
  "handbrake": false,
  "kinematics_estimated": {
    "position": {
      "x_val": 3.9421181678771973,
      "y_val": -0.7932141423225403,
      "z_val": 0.02612137608230114
    },
    "orientation": {
      "x_val": -2.3442969904863276e-05,
      "y_val": -5.3045459935674444e-05,
      "z_val": -0.4038226902484894,
      "w_val": 0.9148372411727905
    },
    "linear_velocity": {
      "x_val": 6.758428935427219e-05,
      "y_val": -0.0007386617944575846,
      "z_val": 5.1070633162453305e-06
    },
    "angular_velocity": {
      "x_val": -1.212285951623926e-06,
      "y_val": 0.0006020732689648867,
      "z_val": -0.00020527339074760675
    },
    "linear_acceleration": {
      "x_val": -0.006481889169663191,
      "y_val": 0.015776298940181732,
      "z_val": 0.0007968230056576431
    },
    "angular_acceleration": {
      "x_val": 6.573192513315007e-05,
      "y_val": 0.10220978409051895,
      "z_val": 0.023723464459180832
    }
  },
  "timestamp": 1746281596605250200
}