{
  "speed": 0.6118188500404358,
  "gear": 1,
  "rpm": 196.67588806152344,
  "maxrpm": 500.0,
  "handbrake": false,
  "kinematics_estimated": {
    "position": {
      "x_val": 3.971881151199341,
      "y_val": -0.8259980082511902,
      "z_val": 0.025685057044029236
    },
    "orientation": {
      "x_val": -3.122129419352859e-05,
      "y_val": -7.117568020476028e-05,
      "z_val": -0.40383055806159973,
      "w_val": 0.9148337841033936
    },
    "linear_velocity": {
      "x_val": 0.41194140911102295,
      "y_val": -0.4523569345474243,
      "z_val": -8.172029629349709e-05
    },
    "angular_velocity": {
      "x_val": 1.3669431609741878e-05,
      "y_val": -0.0025818669237196445,
      "z_val": -0.00010778893192764372
    },
    "linear_acceleration": {
      "x_val": 6.595813751220703,
      "y_val": -7.232344150543213,
      "z_val": -0.00691270874813199
    },
    "angular_acceleration": {
      "x_val": 0.0011285659857094288,
      "y_val": -0.20022515952587128,
      "z_val": -0.0024694660678505898
    }
  },
  "timestamp": 1746281596835248500
}