{
  "speed": 1.1610360145568848,
  "gear": 1,
  "rpm": 367.7617492675781,
  "maxrpm": 500.0,
  "handbrake": false,
  "kinematics_estimated": {
    "position": {
      "x_val": 4.120022773742676,
      "y_val": -0.9885820746421814,
      "z_val": 0.026144836097955704
    },
    "orientation": {
      "x_val": -2.134093301719986e-05,
      "y_val": -4.840920155402273e-05,
      "z_val": -0.4038422703742981,
      "w_val": 0.9148286581039429
    },
    "linear_velocity": {
      "x_val": 0.7820244431495667,
      "y_val": -0.8581622838973999,
      "z_val": 1.5868738046265207e-05
    },
    "angular_velocity": {
      "x_val": 2.3559125565952854e-06,
      "y_val": 0.001737432205118239,
      "z_val": -9.965999197447672e-05
    },
    "linear_acceleration": {
      "x_val": -0.006594886537641287,
      "y_val": 0.007236176170408726,
      "z_val": 0.0005435479106381536
    },
    "angular_acceleration": {
      "x_val": 0.00018209101108368486,
      "y_val": 0.06220759451389313,
      "z_val": 0.0020197774283587933
    }
  },
  "timestamp": 1746281597069459100
}