{
  "speed": 1.1582969427108765,
  "gear": 1,
  "rpm": 450.724365234375,
  "maxrpm": 500.0,
  "handbrake": false,
  "kinematics_estimated": {
    "position": {
      "x_val": 4.302441596984863,
      "y_val": -1.1884804964065552,
      "z_val": 0.026158159598708153
    },
    "orientation": {
      "x_val": -1.740987499943003e-05,
      "y_val": -3.840743738692254e-05,
      "z_val": -0.42397063970565796,
      "w_val": 0.9056759476661682
    },
    "linear_velocity": {
      "x_val": 0.7398590445518494,
      "y_val": -0.8912168145179749,
      "z_val": 1.1850045666506048e-05
    },
    "angular_velocity": {
      "x_val": -2.0510769900283776e-05,
      "y_val": 0.0011831726878881454,
      "z_val": -0.32209986448287964
    },
    "linear_acceleration": {
      "x_val": -0.374518483877182,
      "y_val": -0.30474942922592163,
      "z_val": 0.0010134415933862329
    },
    "angular_acceleration": {
      "x_val": 0.0015740126837044954,
      "y_val": 0.11332616955041885,
      "z_val": 5.262970924377441
    }
  },
  "timestamp": 1746281597297822200
}