{
  "speed": -2.4548918453604074e-10,
  "gear": 1,
  "rpm": 21.72876739501953,
  "maxrpm": 500.0,
  "handbrake": false,
  "kinematics_estimated": {
    "position": {
      "x_val": -4.739771975437179e-05,
      "y_val": 2.324597335245926e-05,
      "z_val": 0.026059191673994064
    },
    "orientation": {
      "x_val": 4.320983570949011e-09,
      "y_val": -7.503488450311124e-05,
      "z_val": -4.145412731304532e-06,
      "w_val": 1.0
    },
    "linear_velocity": {
      "x_val": 0.0,
      "y_val": 0.0,
      "z_val": -1.635833768887096e-06
    },
    "angular_velocity": {
      "x_val": 5.008074595025391e-07,
      "y_val": -0.0012352566700428724,
      "z_val": -5.959458260207384e-09
    },
    "linear_acceleration": {
      "x_val": 0.0,
      "y_val": 0.0,
      "z_val": -6.317278166534379e-05
    },
    "angular_acceleration": {
      "x_val": 1.934023021021858e-05,
      "y_val": -0.04770325869321823,
      "z_val": -2.3014293049072876e-07
    }
  },
  "timestamp": 1746281590599443200
}