{
  "speed": 0.17703990638256073,
  "gear": 1,
  "rpm": 453.1853332519531,
  "maxrpm": 500.0,
  "handbrake": false,
  "kinematics_estimated": {
    "position": {
      "x_val": 4.465675354003906,
      "y_val": -1.3262721300125122,
      "z_val": 0.025394583120942116
    },
    "orientation": {
      "x_val": -0.0007403446943499148,
      "y_val": -0.0013594498159363866,
      "z_val": -0.4981803297996521,
      "w_val": 0.8670720458030701
    },
    "linear_velocity": {
      "x_val": 0.4359084963798523,
      "y_val": 0.04943608120083809,
      "z_val": 0.06858237832784653
    },
    "angular_velocity": {
      "x_val": -0.01666124351322651,
      "y_val": 0.3237922787666321,
      "z_val": -0.8808706998825073
    },
    "linear_acceleration": {
      "x_val": 2.9514994621276855,
      "y_val": -5.432555198669434,
      "z_val": 2.954371213912964
    },
    "angular_acceleration": {
      "x_val": -13.634538650512695,
      "y_val": 9.911849021911621,
      "z_val": 19.11749267578125
    }
  },
  "timestamp": 1746281597543455300
}