{
  "has_collided": true,
  "penetration_depth": -0.03139602020382881,
  "time_stamp": 1746281597471046700,
  "normal": {
    "x_val": -5.551115123125783e-17,
    "y_val": 1.0,
    "z_val": -6.006480035569695e-17
  },
  "impact_point": {
    "x_val": 4.501799583435059,
    "y_val": -1.890697956085205,
    "z_val": 0.08008981496095657
  },
  "position": {
    "x_val": 4.422848701477051,
    "y_val": -1.3361718654632568,
    "z_val": 0.025979235768318176
  },
  "object_name": "StaticMeshActor_4",
  "object_id": 0
}