{
  "speed": 0.11109321564435959,
  "gear": 1,
  "rpm": 413.0934753417969,
  "maxrpm": 500.0,
  "handbrake": false,
  "kinematics_estimated": {
    "position": {
      "x_val": 4.556181907653809,
      "y_val": -1.335353136062622,
      "z_val": 0.025731166824698448
    },
    "orientation": {
      "x_val": 0.0004866856033913791,
      "y_val": 0.0004266307223588228,
      "z_val": -0.5725716352462769,
      "w_val": 0.8198544383049011
    },
    "linear_velocity": {
      "x_val": 0.21655212342739105,
      "y_val": -0.03890763223171234,
      "z_val": -0.0006964076892472804
    },
    "angular_velocity": {
      "x_val": 0.009154148399829865,
      "y_val": 0.014306487515568733,
      "z_val": -0.6724690198898315
    },
    "linear_acceleration": {
      "x_val": -6.197427749633789,
      "y_val": 0.7998136878013611,
      "z_val": -0.02395564876496792
    },
    "angular_acceleration": {
      "x_val": 1.3145874738693237,
      "y_val": 0.929571807384491,
      "z_val": -2.11015248298645
    }
  },
  "timestamp": 1746281597789193600
}