{
  "has_collided": true,
  "penetration_depth": -0.0004451890999916941,
  "time_stamp": 1746281597784711600,
  "normal": {
    "x_val": 0.0,
    "y_val": 1.0,
    "z_val": -1.491862189340054e-16
  },
  "impact_point": {
    "x_val": 4.500129222869873,
    "y_val": -1.8752225637435913,
    "z_val": 0.07212318480014801
  },
  "position": {
    "x_val": 4.556181907653809,
    "y_val": -1.335353136062622,
    "z_val": 0.025731166824698448
  },
  "object_name": "StaticMeshActor_4",
  "object_id": 0
}