{
  "has_collided": true,
  "penetration_depth": -1.5325621234296705e-06,
  "time_stamp": 1746281597941599800,
  "normal": {
    "x_val": 0.0,
    "y_val": 1.0,
    "z_val": -1.491862189340054e-16
  },
  "impact_point": {
    "x_val": 4.512662887573242,
    "y_val": -1.8750007152557373,
    "z_val": 0.07420999556779861
  },
  "position": {
    "x_val": 4.562179088592529,
    "y_val": -1.3356350660324097,
    "z_val": 0.026022160425782204
  },
  "object_name": "StaticMeshActor_4",
  "object_id": 0
}