{
  "speed": -0.2343236804008484,
  "gear": -1,
  "rpm": 178.82431030273438,
  "maxrpm": 500.0,
  "handbrake": false,
  "kinematics_estimated": {
    "position": {
      "x_val": 4.560070514678955,
      "y_val": -1.3291476964950562,
      "z_val": 0.024090798571705818
    },
    "orientation": {
      "x_val": -0.0019655153155326843,
      "y_val": -0.0028140107169747353,
      "z_val": -0.573896586894989,
      "w_val": 0.8189206123352051
    },
    "linear_velocity": {
      "x_val": -0.0774684026837349,
      "y_val": 0.22087480127811432,
      "z_val": -0.04033787176012993
    },
    "angular_velocity": {
      "x_val": 0.0003774658835027367,
      "y_val": -0.22081992030143738,
      "z_val": 0.00339022115804255
    },
    "linear_acceleration": {
      "x_val": -2.661919116973877,
      "y_val": 7.297365188598633,
      "z_val": -1.3337637186050415
    },
    "angular_acceleration": {
      "x_val": 0.012427615001797676,
      "y_val": -7.196133613586426,
      "z_val": -0.003844292601570487
    }
  },
  "timestamp": 1746281598027001500
}