{
  "speed": -1.2014389038085938,
  "gear": -1,
  "rpm": 338.43707275390625,
  "maxrpm": 500.0,
  "handbrake": false,
  "kinematics_estimated": {
    "position": {
      "x_val": 4.501973628997803,
      "y_val": -1.1687736511230469,
      "z_val": 0.021621789783239365
    },
    "orientation": {
      "x_val": -0.003976226318627596,
      "y_val": -0.005683785304427147,
      "z_val": -0.5736289024353027,
      "w_val": 0.819085955619812
    },
    "linear_velocity": {
      "x_val": -0.4101015627384186,
      "y_val": 1.128987431526184,
      "z_val": -0.028135379776358604
    },
    "angular_velocity": {
      "x_val": 2.494698674126994e-05,
      "y_val": -0.11229756474494934,
      "z_val": 0.0014626452466472983
    },
    "linear_acceleration": {
      "x_val": -2.5214741230010986,
      "y_val": 6.931328296661377,
      "z_val": -1.0570167303085327
    },
    "angular_acceleration": {
      "x_val": 0.0017063056584447622,
      "y_val": -3.370027542114258,
      "z_val": 0.009565293788909912
    }
  },
  "timestamp": 1746281598301898900
}