{
  "speed": -1.1975007057189941,
  "gear": -1,
  "rpm": 441.7021789550781,
  "maxrpm": 500.0,
  "handbrake": false,
  "kinematics_estimated": {
    "position": {
      "x_val": 4.405115604400635,
      "y_val": -0.8968005776405334,
      "z_val": 0.026091519743204117
    },
    "orientation": {
      "x_val": -3.7396890547825024e-05,
      "y_val": -5.318098919815384e-05,
      "z_val": -0.5851826667785645,
      "w_val": 0.8109015226364136
    },
    "linear_velocity": {
      "x_val": -0.41451528668403625,
      "y_val": 1.1241519451141357,
      "z_val": 1.3947439583716914e-05
    },
    "angular_velocity": {
      "x_val": -3.927633952116594e-05,
      "y_val": 0.0014142269501462579,
      "z_val": -0.34268197417259216
    },
    "linear_acceleration": {
      "x_val": 0.002595370402559638,
      "y_val": -0.010736982338130474,
      "z_val": 0.0007353618275374174
    },
    "angular_acceleration": {
      "x_val": -0.00017991304048337042,
      "y_val": 0.08468500524759293,
      "z_val": 2.1620852947235107
    }
  },
  "timestamp": 1746281598534842600
}