{
  "speed": -0.044236768037080765,
  "gear": -1,
  "rpm": 305.4381408691406,
  "maxrpm": 500.0,
  "handbrake": false,
  "kinematics_estimated": {
    "position": {
      "x_val": 4.3589396476745605,
      "y_val": -0.7545331120491028,
      "z_val": 0.02614203467965126
    },
    "orientation": {
      "x_val": -3.9699309127172455e-05,
      "y_val": -3.967393422499299e-05,
      "z_val": -0.634071409702301,
      "w_val": 0.7732744812965393
    },
    "linear_velocity": {
      "x_val": -0.04256683588027954,
      "y_val": 0.03660698980093002,
      "z_val": 2.9259221264510415e-05
    },
    "angular_velocity": {
      "x_val": 0.0011518504470586777,
      "y_val": 0.00361072039231658,
      "z_val": -0.20448985695838928
    },
    "linear_acceleration": {
      "x_val": 0.4215691089630127,
      "y_val": -1.0030230283737183,
      "z_val": 0.0010763176251202822
    },
    "angular_acceleration": {
      "x_val": -0.01878361590206623,
      "y_val": 0.1077265590429306,
      "z_val": 8.493096351623535
    }
  },
  "timestamp": 1746281598814299900
}