{
  "speed": -0.000386188505217433,
  "gear": -1,
  "rpm": 116.20048522949219,
  "maxrpm": 500.0,
  "handbrake": false,
  "kinematics_estimated": {
    "position": {
      "x_val": 4.356711387634277,
      "y_val": -0.7530573606491089,
      "z_val": 0.026022234931588173
    },
    "orientation": {
      "x_val": -5.553477967623621e-05,
      "y_val": -6.512212712550536e-05,
      "z_val": -0.649133026599884,
      "w_val": 0.7606748938560486
    },
    "linear_velocity": {
      "x_val": -0.005289691034704447,
      "y_val": -0.00045124260941520333,
      "z_val": 4.8219808377325535e-06
    },
    "angular_velocity": {
      "x_val": 3.5197308534407057e-07,
      "y_val": 0.0006310077151283622,
      "z_val": -0.007128521334379911
    },
    "linear_acceleration": {
      "x_val": 0.09724735468626022,
      "y_val": 0.006589142605662346,
      "z_val": 0.00018201311468146741
    },
    "angular_acceleration": {
      "x_val": 7.613060006406158e-05,
      "y_val": 0.02353423275053501,
      "z_val": 0.2185964435338974
    }
  },
  "timestamp": 1746281599085028700
}