{
  "speed": 0.014192352071404457,
  "gear": 1,
  "rpm": 69.55508422851562,
  "maxrpm": 500.0,
  "handbrake": false,
  "kinematics_estimated": {
    "position": {
      "x_val": 4.353821754455566,
      "y_val": -0.7549655437469482,
      "z_val": 0.026106562465429306
    },
    "orientation": {
      "x_val": -3.632249354268424e-05,
      "y_val": -4.639721009880304e-05,
      "z_val": -0.609388530254364,
      "w_val": 0.7928717732429504
    },
    "linear_velocity": {
      "x_val": 0.04119838774204254,
      "y_val": -0.003717518877238035,
      "z_val": 3.2338710298063233e-05
    },
    "angular_velocity": {
      "x_val": -2.277503881487064e-05,
      "y_val": 0.003315872047096491,
      "z_val": 0.45987921953201294
    },
    "linear_acceleration": {
      "x_val": 0.1619689017534256,
      "y_val": -0.01914598047733307,
      "z_val": 0.0014940969413146377
    },
    "angular_acceleration": {
      "x_val": -0.008251327089965343,
      "y_val": 0.17608003318309784,
      "z_val": -11.33625316619873
    }
  },
  "timestamp": 1746281599341250800
}