{
  "speed": 0.009831507690250874,
  "gear": 1,
  "rpm": 60.190513610839844,
  "maxrpm": 500.0,
  "handbrake": false,
  "kinematics_estimated": {
    "position": {
      "x_val": 4.35532283782959,
      "y_val": -0.7579076886177063,
      "z_val": 0.0261615589261055
    },
    "orientation": {
      "x_val": -2.714628863031976e-05,
      "y_val": -3.854074020637199e-05,
      "z_val": -0.5678435564041138,
      "w_val": 0.8231365084648132
    },
    "linear_velocity": {
      "x_val": 0.031082414090633392,
      "y_val": 0.0012901778100058436,
      "z_val": 3.538766031851992e-05
    },
    "angular_velocity": {
      "x_val": -1.5381570847239345e-05,
      "y_val": 0.003645168384537101,
      "z_val": 0.2788854241371155
    },
    "linear_acceleration": {
      "x_val": 0.054815296083688736,
      "y_val": -0.03039882890880108,
      "z_val": 0.0014380287611857057
    },
    "angular_acceleration": {
      "x_val": -0.01121879555284977,
      "y_val": 0.1779615879058838,
      "z_val": -9.965959548950195
    }
  },
  "timestamp": 1746281599581966300
}