{
  "speed": 0.015673968940973282,
  "gear": 1,
  "rpm": 55.773414611816406,
  "maxrpm": 500.0,
  "handbrake": false,
  "kinematics_estimated": {
    "position": {
      "x_val": 4.356438636779785,
      "y_val": -0.7618817687034607,
      "z_val": 0.026160219684243202
    },
    "orientation": {
      "x_val": -2.426560240564868e-05,
      "y_val": -3.9668935642112046e-05,
      "z_val": -0.512938916683197,
      "w_val": 0.8584251403808594
    },
    "linear_velocity": {
      "x_val": 0.03775849938392639,
      "y_val": 0.0025158231146633625,
      "z_val": 3.5538650990929455e-05
    },
    "angular_velocity": {
      "x_val": 1.929661084432155e-05,
      "y_val": 0.0037529633846133947,
      "z_val": 0.3559715449810028
    },
    "linear_acceleration": {
      "x_val": 0.10956469178199768,
      "y_val": -0.0016568213468417525,
      "z_val": 0.0010087437694892287
    },
    "angular_acceleration": {
      "x_val": -0.0014014572370797396,
      "y_val": 0.04639773815870285,
      "z_val": -12.69503116607666
    }
  },
  "timestamp": 1746281599855086900
}