{
  "speed": 0.3637465834617615,
  "gear": 1,
  "rpm": 177.3391876220703,
  "maxrpm": 500.0,
  "handbrake": false,
  "kinematics_estimated": {
    "position": {
      "x_val": 0.07215841114521027,
      "y_val": 2.31495523621561e-05,
      "z_val": 0.02547171525657177
    },
    "orientation": {
      "x_val": 5.980300102237379e-06,
      "y_val": -0.001389695331454277,
      "z_val": -6.470210337283788e-06,
      "w_val": 0.9999990463256836
    },
    "linear_velocity": {
      "x_val": 0.36369064450263977,
      "y_val": -2.8035226478095865e-06,
      "z_val": 0.020634770393371582
    },
    "angular_velocity": {
      "x_val": -1.1623164027696475e-05,
      "y_val": 0.10175209492444992,
      "z_val": -1.1296207958366722e-05
    },
    "linear_acceleration": {
      "x_val": 2.655742883682251,
      "y_val": -3.354494401719421e-05,
      "z_val": 1.9972213506698608
    },
    "angular_acceleration": {
      "x_val": -0.02130892127752304,
      "y_val": 12.864973068237305,
      "z_val": -6.034749821992591e-05
    }
  },
  "timestamp": 1746281590840300800
}