{
  "speed": 0.01123302336782217,
  "gear": 1,
  "rpm": 51.42899703979492,
  "maxrpm": 500.0,
  "handbrake": false,
  "kinematics_estimated": {
    "position": {
      "x_val": 4.358309268951416,
      "y_val": -0.7650996446609497,
      "z_val": 0.02589663304388523
    },
    "orientation": {
      "x_val": -5.4575673857470974e-05,
      "y_val": -0.00010424406355014071,
      "z_val": -0.46556705236434937,
      "w_val": 0.8850126266479492
    },
    "linear_velocity": {
      "x_val": 0.02988795004785061,
      "y_val": 0.006914909463375807,
      "z_val": -7.441039088007528e-06
    },
    "angular_velocity": {
      "x_val": 0.00013403863704297692,
      "y_val": -0.0006719499942846596,
      "z_val": 0.5927926301956177
    },
    "linear_acceleration": {
      "x_val": 0.09336847066879272,
      "y_val": -0.04099032282829285,
      "z_val": 0.00021741991804447025
    },
    "angular_acceleration": {
      "x_val": -0.0013320946600288153,
      "y_val": 0.03831028938293457,
      "z_val": 9.602496147155762
    }
  },
  "timestamp": 1746281600106313000
}