{
  "speed": 0.013698101975023746,
  "gear": 1,
  "rpm": 53.02912139892578,
  "maxrpm": 500.0,
  "handbrake": false,
  "kinematics_estimated": {
    "position": {
      "x_val": 4.360304355621338,
      "y_val": -0.7681262493133545,
      "z_val": 0.025975067168474197
    },
    "orientation": {
      "x_val": -4.068993075634353e-05,
      "y_val": -8.909969619708136e-05,
      "z_val": -0.4157012701034546,
      "w_val": 0.9095011949539185
    },
    "linear_velocity": {
      "x_val": 0.03265084698796272,
      "y_val": 0.010140846483409405,
      "z_val": -2.2595352220378118e-06
    },
    "angular_velocity": {
      "x_val": 0.00010141572420252487,
      "y_val": 0.0001484122476540506,
      "z_val": 0.5567535161972046
    },
    "linear_acceleration": {
      "x_val": 0.06461474299430847,
      "y_val": -0.05263051018118858,
      "z_val": 0.00015953640104271472
    },
    "angular_acceleration": {
      "x_val": -0.005700959824025631,
      "y_val": 0.04749941825866699,
      "z_val": 6.32013463973999
    }
  },
  "timestamp": 1746281600347454900
}