{
  "speed": 0.011408763006329536,
  "gear": 1,
  "rpm": 50.7166862487793,
  "maxrpm": 500.0,
  "handbrake": false,
  "kinematics_estimated": {
    "position": {
      "x_val": 4.3626532554626465,
      "y_val": -0.7706297636032104,
      "z_val": 0.02608318440616131
    },
    "orientation": {
      "x_val": -2.4346545615117066e-05,
      "y_val": -6.23863234068267e-05,
      "z_val": -0.36662909388542175,
      "w_val": 0.9303671717643738
    },
    "linear_velocity": {
      "x_val": 0.027738604694604874,
      "y_val": 0.013006119057536125,
      "z_val": -1.0498487426957581e-05
    },
    "angular_velocity": {
      "x_val": 8.501984120812267e-05,
      "y_val": -0.0011427720310166478,
      "z_val": 0.3829874098300934
    },
    "linear_acceleration": {
      "x_val": 0.08007343113422394,
      "y_val": -0.005902979057282209,
      "z_val": -0.0010566535638645291
    },
    "angular_acceleration": {
      "x_val": 0.0030715581960976124,
      "y_val": -0.1309218406677246,
      "z_val": 1.9701533317565918
    }
  },
  "timestamp": 1746281600610471100
}