{
  "speed": 0.010291870683431625,
  "gear": 1,
  "rpm": 50.908599853515625,
  "maxrpm": 500.0,
  "handbrake": false,
  "kinematics_estimated": {
    "position": {
      "x_val": 4.365362644195557,
      "y_val": -0.7731440663337708,
      "z_val": 0.026125382632017136
    },
    "orientation": {
      "x_val": -1.8019205526798032e-05,
      "y_val": -5.378025889513083e-05,
      "z_val": -0.3118602931499481,
      "w_val": 0.9501279592514038
    },
    "linear_velocity": {
      "x_val": 0.02508319541811943,
      "y_val": 0.01672639511525631,
      "z_val": 2.2517386241815984e-05
    },
    "angular_velocity": {
      "x_val": 2.0463121472857893e-06,
      "y_val": 0.0031074483413249254,
      "z_val": 0.3641763925552368
    },
    "linear_acceleration": {
      "x_val": 0.07883322983980179,
      "y_val": 0.002430655062198639,
      "z_val": 0.0011522409040480852
    },
    "angular_acceleration": {
      "x_val": -0.008708937093615532,
      "y_val": 0.17341797053813934,
      "z_val": -4.930037021636963
    }
  },
  "timestamp": 1746281600878391800
}