{
  "speed": 0.01417541690170765,
  "gear": 1,
  "rpm": 52.911598205566406,
  "maxrpm": 500.0,
  "handbrake": false,
  "kinematics_estimated": {
    "position": {
      "x_val": 4.368265628814697,
      "y_val": -0.7757819294929504,
      "z_val": 0.025964822620153427
    },
    "orientation": {
      "x_val": -2.578029307187535e-05,
      "y_val": -9.722889808472246e-05,
      "z_val": -0.25329992175102234,
      "w_val": 0.9673877954483032
    },
    "linear_velocity": {
      "x_val": 0.02817317098379135,
      "y_val": 0.021185435354709625,
      "z_val": 7.571538390038768e-06
    },
    "angular_velocity": {
      "x_val": 4.5671498810406774e-05,
      "y_val": 0.0017961127450689673,
      "z_val": 0.5293307304382324
    },
    "linear_acceleration": {
      "x_val": 0.08048879355192184,
      "y_val": -0.011068910360336304,
      "z_val": 0.0008989973575808108
    },
    "angular_acceleration": {
      "x_val": -0.00916453916579485,
      "y_val": 0.17217431962490082,
      "z_val": 2.405165433883667
    }
  },
  "timestamp": 1746281601144111000
}