{
  "speed": 0.01070323120802641,
  "gear": 1,
  "rpm": 54.1049690246582,
  "maxrpm": 500.0,
  "handbrake": false,
  "kinematics_estimated": {
    "position": {
      "x_val": 4.371706962585449,
      "y_val": -0.7774373888969421,
      "z_val": 0.025990035384893417
    },
    "orientation": {
      "x_val": -1.8211838323622942e-05,
      "y_val": -9.221462823916227e-05,
      "z_val": -0.1953921616077423,
      "w_val": 0.9807251691818237
    },
    "linear_velocity": {
      "x_val": 0.02110007032752037,
      "y_val": 0.022924121469259262,
      "z_val": -6.052176559023792e-06
    },
    "angular_velocity": {
      "x_val": 7.899430056568235e-05,
      "y_val": -0.0004934893804602325,
      "z_val": 0.44587242603302
    },
    "linear_acceleration": {
      "x_val": 0.0654083639383316,
      "y_val": -0.023800138384103775,
      "z_val": 0.00018813865608535707
    },
    "angular_acceleration": {
      "x_val": -0.0034308480098843575,
      "y_val": 0.03920520097017288,
      "z_val": 3.334230422973633
    }
  },
  "timestamp": 1746281601403596700
}