{
  "speed": 0.009689867496490479,
  "gear": 1,
  "rpm": 55.84968948364258,
  "maxrpm": 500.0,
  "handbrake": false,
  "kinematics_estimated": {
    "position": {
      "x_val": 4.375192165374756,
      "y_val": -0.7787798643112183,
      "z_val": 0.026016566902399063
    },
    "orientation": {
      "x_val": -1.3757742635789327e-05,
      "y_val": -8.994130621431395e-05,
      "z_val": -0.14197814464569092,
      "w_val": 0.9898697733879089
    },
    "linear_velocity": {
      "x_val": 0.017895156517624855,
      "y_val": 0.026625309139490128,
      "z_val": -5.0669582378759515e-06
    },
    "angular_velocity": {
      "x_val": 0.0001642161951167509,
      "y_val": -0.0008061829721555114,
      "z_val": 0.3568413555622101
    },
    "linear_acceleration": {
      "x_val": -0.04693090543150902,
      "y_val": -0.1538238823413849,
      "z_val": 0.00030398325179703534
    },
    "angular_acceleration": {
      "x_val": 0.003033960936591029,
      "y_val": 0.04520658403635025,
      "z_val": 2.738049268722534
    }
  },
  "timestamp": 1746281601638732500
}