{
  "speed": 0.0032968008890748024,
  "gear": 1,
  "rpm": 51.83305740356445,
  "maxrpm": 500.0,
  "handbrake": false,
  "kinematics_estimated": {
    "position": {
      "x_val": 4.3791303634643555,
      "y_val": -0.7785881161689758,
      "z_val": 0.02608790434896946
    },
    "orientation": {
      "x_val": -6.29090072834515e-06,
      "y_val": -6.688802386634052e-05,
      "z_val": -0.09321737289428711,
      "w_val": 0.9956457614898682
    },
    "linear_velocity": {
      "x_val": 0.006018564570695162,
      "y_val": 0.01409936510026455,
      "z_val": -1.1582374099816661e-05
    },
    "angular_velocity": {
      "x_val": 1.316817997576436e-05,
      "y_val": -0.0013600911479443312,
      "z_val": 0.02182714454829693
    },
    "linear_acceleration": {
      "x_val": -0.1291993409395218,
      "y_val": -0.25507852435112,
      "z_val": -0.0009019120479933918
    },
    "angular_acceleration": {
      "x_val": -0.0013513362500816584,
      "y_val": -0.10896454006433487,
      "z_val": -0.5751761794090271
    }
  },
  "timestamp": 1746281601903661400
}