{
  "speed": 0.7352240681648254,
  "gear": 1,
  "rpm": 254.5133514404297,
  "maxrpm": 500.0,
  "handbrake": false,
  "kinematics_estimated": {
    "position": {
      "x_val": 4.517539978027344,
      "y_val": -0.8033633232116699,
      "z_val": 0.025221334770321846
    },
    "orientation": {
      "x_val": -0.0001976772036869079,
      "y_val": -0.0021833761129528284,
      "z_val": -0.09134076535701752,
      "w_val": 0.9958173036575317
    },
    "linear_velocity": {
      "x_val": 0.7233107089996338,
      "y_val": -0.13260389864444733,
      "z_val": -0.030380798503756523
    },
    "angular_velocity": {
      "x_val": 0.00022126352996565402,
      "y_val": -0.16307036578655243,
      "z_val": 0.005908557679504156
    },
    "linear_acceleration": {
      "x_val": -6.419863224029541,
      "y_val": 1.1742075681686401,
      "z_val": -1.1818128824234009
    },
    "angular_acceleration": {
      "x_val": 0.02027173899114132,
      "y_val": -6.274227142333984,
      "z_val": -0.26758772134780884
    }
  },
  "timestamp": 1746281602137530200
}