{
  "speed": 0.6602453589439392,
  "gear": 1,
  "rpm": 397.2672424316406,
  "maxrpm": 500.0,
  "handbrake": false,
  "kinematics_estimated": {
    "position": {
      "x_val": 4.737186431884766,
      "y_val": -0.8438836336135864,
      "z_val": 0.022781621664762497
    },
    "orientation": {
      "x_val": -0.0006569330580532551,
      "y_val": -0.007230844348669052,
      "z_val": -0.09102505445480347,
      "w_val": 0.9958221316337585
    },
    "linear_velocity": {
      "x_val": 0.6492241621017456,
      "y_val": -0.11962338536977768,
      "z_val": 0.01116368267685175
    },
    "angular_velocity": {
      "x_val": 0.00015917033306322992,
      "y_val": 0.0628986805677414,
      "z_val": 0.0011988031910732388
    },
    "linear_acceleration": {
      "x_val": 2.907076597213745,
      "y_val": -0.5360262393951416,
      "z_val": 2.5916919708251953
    },
    "angular_acceleration": {
      "x_val": 0.017976904287934303,
      "y_val": 17.270835876464844,
      "z_val": -0.01420191302895546
    }
  },
  "timestamp": 1746281602394643600
}