{
  "speed": 1.0293223857879639,
  "gear": 1,
  "rpm": 346.677001953125,
  "maxrpm": 500.0,
  "handbrake": false,
  "kinematics_estimated": {
    "position": {
      "x_val": 0.28148508071899414,
      "y_val": 0.0008615144761279225,
      "z_val": 0.026147376745939255
    },
    "orientation": {
      "x_val": -2.325398043012683e-07,
      "y_val": -4.3863259634235874e-05,
      "z_val": -0.020545611158013344,
      "w_val": 0.9997889399528503
    },
    "linear_velocity": {
      "x_val": 1.0283697843551636,
      "y_val": -0.044320061802864075,
      "z_val": 1.877598333521746e-05
    },
    "angular_velocity": {
      "x_val": -3.0208915632101707e-05,
      "y_val": 0.0011198651045560837,
      "z_val": -0.19990798830986023
    },
    "linear_acceleration": {
      "x_val": -0.015425975434482098,
      "y_val": -0.31669750809669495,
      "z_val": 0.00032758485758677125
    },
    "angular_acceleration": {
      "x_val": 0.00046422480954788625,
      "y_val": -0.0007633543573319912,
      "z_val": 6.940084934234619
    }
  },
  "timestamp": 1746281591101666100
}