{
  "speed": 1.14140784740448,
  "gear": 1,
  "rpm": 428.9810791015625,
  "maxrpm": 500.0,
  "handbrake": false,
  "kinematics_estimated": {
    "position": {
      "x_val": 4.969074249267578,
      "y_val": -0.8866278529167175,
      "z_val": 0.025231843814253807
    },
    "orientation": {
      "x_val": -1.3467013559420593e-05,
      "y_val": -0.00015561906911898404,
      "z_val": -0.09089282155036926,
      "w_val": 0.9958606958389282
    },
    "linear_velocity": {
      "x_val": 1.1225309371948242,
      "y_val": -0.20672854781150818,
      "z_val": -0.00037633933243341744
    },
    "angular_velocity": {
      "x_val": -0.0005141349975019693,
      "y_val": 0.21077659726142883,
      "z_val": 0.000815007311757654
    },
    "linear_acceleration": {
      "x_val": 7.743149280548096,
      "y_val": -1.4255138635635376,
      "z_val": -1.070567011833191
    },
    "angular_acceleration": {
      "x_val": -0.03264814242720604,
      "y_val": 0.7483095526695251,
      "z_val": -0.0024412989150732756
    }
  },
  "timestamp": 1746281602643557500
}