{
  "speed": 0.9463294148445129,
  "gear": 1,
  "rpm": 418.2675476074219,
  "maxrpm": 500.0,
  "handbrake": false,
  "kinematics_estimated": {
    "position": {
      "x_val": 5.168483734130859,
      "y_val": -0.9233646988868713,
      "z_val": 0.02545855939388275
    },
    "orientation": {
      "x_val": -6.835864041931927e-06,
      "y_val": -7.91038473835215e-05,
      "z_val": -0.09080485999584198,
      "w_val": 0.9958686828613281
    },
    "linear_velocity": {
      "x_val": 0.9306973814964294,
      "y_val": -0.17129448056221008,
      "z_val": -0.00013400265015661716
    },
    "angular_velocity": {
      "x_val": 9.43564828048693e-06,
      "y_val": 0.007750140503048897,
      "z_val": 0.0006638190825469792
    },
    "linear_acceleration": {
      "x_val": 9.328922271728516,
      "y_val": -1.7156745195388794,
      "z_val": 0.019368916749954224
    },
    "angular_acceleration": {
      "x_val": 0.031042201444506645,
      "y_val": -16.83878517150879,
      "z_val": 0.01144289132207632
    }
  },
  "timestamp": 1746281602885522000
}