{
  "speed": 0.9172552227973938,
  "gear": 1,
  "rpm": 406.5792541503906,
  "maxrpm": 500.0,
  "handbrake": false,
  "kinematics_estimated": {
    "position": {
      "x_val": 5.348993301391602,
      "y_val": -0.9566064476966858,
      "z_val": 0.02614261955022812
    },
    "orientation": {
      "x_val": -4.807832283404423e-06,
      "y_val": -5.311768109095283e-05,
      "z_val": -0.09073939174413681,
      "w_val": 0.9958746433258057
    },
    "linear_velocity": {
      "x_val": 0.9021081328392029,
      "y_val": -0.1660061776638031,
      "z_val": 0.00015471020014956594
    },
    "angular_velocity": {
      "x_val": -1.313063421548577e-05,
      "y_val": 0.0019556963816285133,
      "z_val": 8.612551027908921e-05
    },
    "linear_acceleration": {
      "x_val": -0.007414484862238169,
      "y_val": 0.0013642959529533982,
      "z_val": 0.008474073372781277
    },
    "angular_acceleration": {
      "x_val": -0.004168306943029165,
      "y_val": 0.085793636739254,
      "z_val": -0.0021817716769874096
    }
  },
  "timestamp": 1746281603139728200
}