{
  "speed": 1.1411360502243042,
  "gear": 1,
  "rpm": 445.9664611816406,
  "maxrpm": 500.0,
  "handbrake": false,
  "kinematics_estimated": {
    "position": {
      "x_val": 5.573902606964111,
      "y_val": -0.9974786043167114,
      "z_val": 0.026021938771009445
    },
    "orientation": {
      "x_val": -7.81246490078047e-06,
      "y_val": -8.548505866201594e-05,
      "z_val": -0.09093937277793884,
      "w_val": 0.9958564043045044
    },
    "linear_velocity": {
      "x_val": 1.1230217218399048,
      "y_val": -0.20256178081035614,
      "z_val": 4.670662747230381e-05
    },
    "angular_velocity": {
      "x_val": 7.338506111409515e-05,
      "y_val": -0.0023455878254026175,
      "z_val": -0.002882021479308605
    },
    "linear_acceleration": {
      "x_val": -0.03273674473166466,
      "y_val": -0.10999059677124023,
      "z_val": 0.002998169744387269
    },
    "angular_acceleration": {
      "x_val": -0.005859258584678173,
      "y_val": -0.15807873010635376,
      "z_val": 0.11889130622148514
    }
  },
  "timestamp": 1746281603371082000
}