{
  "speed": 1.179594874382019,
  "gear": 1,
  "rpm": 449.91595458984375,
  "maxrpm": 500.0,
  "handbrake": false,
  "kinematics_estimated": {
    "position": {
      "x_val": 5.792540550231934,
      "y_val": -1.0375505685806274,
      "z_val": 0.025748491287231445
    },
    "orientation": {
      "x_val": -4.8690912990423385e-06,
      "y_val": -5.5500251619378105e-05,
      "z_val": -0.09086582809686661,
      "w_val": 0.995863139629364
    },
    "linear_velocity": {
      "x_val": 1.1601696014404297,
      "y_val": -0.2131919115781784,
      "z_val": -7.158744119806215e-05
    },
    "angular_velocity": {
      "x_val": 1.4249377272790298e-05,
      "y_val": 0.0014677972067147493,
      "z_val": 0.0006127466331236064
    },
    "linear_acceleration": {
      "x_val": 6.342431545257568,
      "y_val": -1.1672440767288208,
      "z_val": -0.003326636739075184
    },
    "angular_acceleration": {
      "x_val": 0.0009691712912172079,
      "y_val": 0.1471269726753235,
      "z_val": -0.009549588896334171
    }
  },
  "timestamp": 1746281603631288000
}