{
  "speed": 1.2248742580413818,
  "gear": 1,
  "rpm": 469.0498352050781,
  "maxrpm": 500.0,
  "handbrake": false,
  "kinematics_estimated": {
    "position": {
      "x_val": 6.034454345703125,
      "y_val": -1.0814874172210693,
      "z_val": 0.026024986058473587
    },
    "orientation": {
      "x_val": -7.819305210432503e-06,
      "y_val": -8.561256981920451e-05,
      "z_val": -0.09091486781835556,
      "w_val": 0.9958586692810059
    },
    "linear_velocity": {
      "x_val": 1.2051209211349487,
      "y_val": -0.2191067487001419,
      "z_val": 0.00014335989544633776
    },
    "angular_velocity": {
      "x_val": 1.0177999683946837e-05,
      "y_val": -0.0006265022675506771,
      "z_val": 0.000992504763416946
    },
    "linear_acceleration": {
      "x_val": -0.03285825252532959,
      "y_val": -0.08501403778791428,
      "z_val": 0.01379062607884407
    },
    "angular_acceleration": {
      "x_val": 0.0008625437621958554,
      "y_val": 0.06691660732030869,
      "z_val": 0.10668677091598511
    }
  },
  "timestamp": 1746281603866403300
}