{
  "speed": 1.1816684007644653,
  "gear": 1,
  "rpm": 488.90142822265625,
  "maxrpm": 500.0,
  "handbrake": false,
  "kinematics_estimated": {
    "position": {
      "x_val": 6.336448669433594,
      "y_val": -1.1369242668151855,
      "z_val": 0.026027079671621323
    },
    "orientation": {
      "x_val": -7.876607924117707e-06,
      "y_val": -8.633196557639167e-05,
      "z_val": -0.09080908447504044,
      "w_val": 0.9958683252334595
    },
    "linear_velocity": {
      "x_val": 1.1622174978256226,
      "y_val": -0.21351994574069977,
      "z_val": 1.5923569662845694e-05
    },
    "angular_velocity": {
      "x_val": -1.555260951136006e-07,
      "y_val": 0.0020603558514267206,
      "z_val": 0.0004994585760869086
    },
    "linear_acceleration": {
      "x_val": -0.012840066105127335,
      "y_val": 0.0023591688368469477,
      "z_val": 0.0016484179068356752
    },
    "angular_acceleration": {
      "x_val": -7.181219552876428e-05,
      "y_val": 0.240614116191864,
      "z_val": -0.0022604246623814106
    }
  },
  "timestamp": 1746281604136235200
}