{
  "speed": 1.0708688497543335,
  "gear": 1,
  "rpm": 473.9072570800781,
  "maxrpm": 500.0,
  "handbrake": false,
  "kinematics_estimated": {
    "position": {
      "x_val": 6.541294097900391,
      "y_val": -1.1745543479919434,
      "z_val": 0.02604953572154045
    },
    "orientation": {
      "x_val": -7.168798674683785e-06,
      "y_val": -7.901446224423125e-05,
      "z_val": -0.09074923396110535,
      "w_val": 0.995873749256134
    },
    "linear_velocity": {
      "x_val": 1.0532490015029907,
      "y_val": -0.19345971941947937,
      "z_val": 4.439049007487483e-06
    },
    "angular_velocity": {
      "x_val": -8.495917427353561e-06,
      "y_val": 0.0005575114046223462,
      "z_val": 0.0006741147371940315
    },
    "linear_acceleration": {
      "x_val": -0.013808724470436573,
      "y_val": 0.002536674262955785,
      "z_val": -0.0013910989509895444
    },
    "angular_acceleration": {
      "x_val": 0.015450728125870228,
      "y_val": 0.3034187853336334,
      "z_val": 0.004931063856929541
    }
  },
  "timestamp": 1746281604365640200
}