{
  "speed": 1.024895191192627,
  "gear": 1,
  "rpm": 484.7824401855469,
  "maxrpm": 500.0,
  "handbrake": false,
  "kinematics_estimated": {
    "position": {
      "x_val": 6.784614086151123,
      "y_val": -1.219256043434143,
      "z_val": 0.026048600673675537
    },
    "orientation": {
      "x_val": -7.191496933955932e-06,
      "y_val": -7.920068310340866e-05,
      "z_val": -0.09067996591329575,
      "w_val": 0.9958800673484802
    },
    "linear_velocity": {
      "x_val": 1.0080333948135376,
      "y_val": -0.1851453185081482,
      "z_val": 4.3430368350527715e-06
    },
    "angular_velocity": {
      "x_val": 2.6248442281939788e-06,
      "y_val": 0.0006072676624171436,
      "z_val": 0.0007304490427486598
    },
    "linear_acceleration": {
      "x_val": -0.013824665918946266,
      "y_val": 0.002538975328207016,
      "z_val": 0.0012343579437583685
    },
    "angular_acceleration": {
      "x_val": 6.126094376668334e-05,
      "y_val": 0.1717696189880371,
      "z_val": 0.006795695051550865
    }
  },
  "timestamp": 1746281604612895600
}