{
  "speed": 1.2801589965820312,
  "gear": 1,
  "rpm": 493.4522399902344,
  "maxrpm": 500.0,
  "handbrake": false,
  "kinematics_estimated": {
    "position": {
      "x_val": 7.0475077629089355,
      "y_val": -1.264984369277954,
      "z_val": 0.02616918459534645
    },
    "orientation": {
      "x_val": -2.4868184027582174e-06,
      "y_val": -3.940107490052469e-05,
      "z_val": -0.05151160806417465,
      "w_val": 0.998672366142273
    },
    "linear_velocity": {
      "x_val": 1.2738478183746338,
      "y_val": -0.1270456612110138,
      "z_val": 2.6832663934328593e-05
    },
    "angular_velocity": {
      "x_val": 2.626296554808505e-05,
      "y_val": 0.001987963914871216,
      "z_val": 0.25518012046813965
    },
    "linear_acceleration": {
      "x_val": 0.0579942986369133,
      "y_val": 0.6235043406486511,
      "z_val": 0.0018266795668751001
    },
    "angular_acceleration": {
      "x_val": -0.0020591479260474443,
      "y_val": 0.18592871725559235,
      "z_val": -14.657700538635254
    }
  },
  "timestamp": 1746281604839716700
}