{
  "speed": 0.4144250452518463,
  "gear": 1,
  "rpm": 391.5718688964844,
  "maxrpm": 500.0,
  "handbrake": false,
  "kinematics_estimated": {
    "position": {
      "x_val": 0.46304941177368164,
      "y_val": -0.012593689374625683,
      "z_val": 0.0207305196672678
    },
    "orientation": {
      "x_val": -0.000538754160515964,
      "y_val": -0.01142027135938406,
      "z_val": -0.04876450449228287,
      "w_val": 0.9987448453903198
    },
    "linear_velocity": {
      "x_val": 0.41352343559265137,
      "y_val": -0.044535551220178604,
      "z_val": -0.05954023823142052
    },
    "angular_velocity": {
      "x_val": -0.00023709569359198213,
      "y_val": -0.371109277009964,
      "z_val": -0.03394116088747978
    },
    "linear_acceleration": {
      "x_val": -7.6315789222717285,
      "y_val": 0.7613359093666077,
      "z_val": -0.37728428840637207
    },
    "angular_acceleration": {
      "x_val": 0.021659689024090767,
      "y_val": -5.6740546226501465,
      "z_val": -0.04605967178940773
    }
  },
  "timestamp": 1746281591376804900
}