{
  "speed": 1.277090311050415,
  "gear": 1,
  "rpm": 497.68914794921875,
  "maxrpm": 500.0,
  "handbrake": false,
  "kinematics_estimated": {
    "position": {
      "x_val": 7.362168312072754,
      "y_val": -1.2905733585357666,
      "z_val": 0.026057736948132515
    },
    "orientation": {
      "x_val": -1.996028231587843e-06,
      "y_val": -7.57270390749909e-05,
      "z_val": -0.024958433583378792,
      "w_val": 0.9996885061264038
    },
    "linear_velocity": {
      "x_val": 1.2756518125534058,
      "y_val": -0.060675423592329025,
      "z_val": -1.631683699088171e-05
    },
    "angular_velocity": {
      "x_val": 1.3870840120944194e-05,
      "y_val": -0.002044007182121277,
      "z_val": 0.06391221284866333
    },
    "linear_acceleration": {
      "x_val": -0.010350724682211876,
      "y_val": 0.05267331376671791,
      "z_val": -0.0015401637647300959
    },
    "angular_acceleration": {
      "x_val": -0.00011469408491393551,
      "y_val": -0.17211249470710754,
      "z_val": -0.3148398995399475
    }
  },
  "timestamp": 1746281605089550700
}