{
  "speed": 1.2740875482559204,
  "gear": 1,
  "rpm": 499.1275329589844,
  "maxrpm": 500.0,
  "handbrake": false,
  "kinematics_estimated": {
    "position": {
      "x_val": 7.655905723571777,
      "y_val": -1.302324652671814,
      "z_val": 0.026022767648100853
    },
    "orientation": {
      "x_val": -1.9695164610311622e-07,
      "y_val": -8.298608736367896e-05,
      "z_val": 0.0028615316841751337,
      "w_val": 0.9999958872795105
    },
    "linear_velocity": {
      "x_val": 1.2740471363067627,
      "y_val": 0.010709134861826897,
      "z_val": -2.040911340372986e-06
    },
    "angular_velocity": {
      "x_val": 3.562281926861033e-05,
      "y_val": -0.0010696571553125978,
      "z_val": 0.2726391851902008
    },
    "linear_acceleration": {
      "x_val": -0.019290106371045113,
      "y_val": 0.3894495368003845,
      "z_val": 0.0008315048762597144
    },
    "angular_acceleration": {
      "x_val": -0.0008863819530233741,
      "y_val": 0.05965109542012215,
      "z_val": 0.26247790455818176
    }
  },
  "timestamp": 1746281605316480900
}