{
  "speed": 1.1168973445892334,
  "gear": 1,
  "rpm": 499.6994934082031,
  "maxrpm": 500.0,
  "handbrake": false,
  "kinematics_estimated": {
    "position": {
      "x_val": 7.973815441131592,
      "y_val": -1.2972708940505981,
      "z_val": 0.0253909882158041
    },
    "orientation": {
      "x_val": 4.4218602852197364e-05,
      "y_val": -0.001974753336980939,
      "z_val": 0.037210773676633835,
      "w_val": 0.9993054866790771
    },
    "linear_velocity": {
      "x_val": 1.1138020753860474,
      "y_val": 0.08464536815881729,
      "z_val": -0.027006706222891808
    },
    "angular_velocity": {
      "x_val": -0.0010618146043270826,
      "y_val": -0.13535559177398682,
      "z_val": 0.2416771799325943
    },
    "linear_acceleration": {
      "x_val": -5.522719383239746,
      "y_val": 0.19711922109127045,
      "z_val": -0.9629202485084534
    },
    "angular_acceleration": {
      "x_val": -0.03991331905126572,
      "y_val": -4.802853107452393,
      "z_val": -16.135786056518555
    }
  },
  "timestamp": 1746281605581817700
}