{
  "speed": 0.7406328916549683,
  "gear": 1,
  "rpm": 489.3177795410156,
  "maxrpm": 500.0,
  "handbrake": false,
  "kinematics_estimated": {
    "position": {
      "x_val": 8.205951690673828,
      "y_val": -1.2756123542785645,
      "z_val": 0.022399358451366425
    },
    "orientation": {
      "x_val": 0.0005589129286818206,
      "y_val": -0.008565221913158894,
      "z_val": 0.07477345317602158,
      "w_val": 0.9971635937690735
    },
    "linear_velocity": {
      "x_val": 0.7322131991386414,
      "y_val": 0.11876356601715088,
      "z_val": -0.05792748183012009
    },
    "angular_velocity": {
      "x_val": 0.0009965752251446247,
      "y_val": -0.3500654101371765,
      "z_val": 0.17162983119487762
    },
    "linear_acceleration": {
      "x_val": -7.342357158660889,
      "y_val": -0.8979186415672302,
      "z_val": -0.6796324849128723
    },
    "angular_acceleration": {
      "x_val": 0.1020304337143898,
      "y_val": -4.369907855987549,
      "z_val": -1.738398551940918
    }
  },
  "timestamp": 1746281605823161400
}