{
  "speed": 0.4112139344215393,
  "gear": 1,
  "rpm": 441.8133544921875,
  "maxrpm": 500.0,
  "handbrake": false,
  "kinematics_estimated": {
    "position": {
      "x_val": 8.373351097106934,
      "y_val": -1.2477277517318726,
      "z_val": 0.020488610491156578
    },
    "orientation": {
      "x_val": 0.001170785166323185,
      "y_val": -0.011882244609296322,
      "z_val": 0.10200194269418716,
      "w_val": 0.9947125315666199
    },
    "linear_velocity": {
      "x_val": 0.4025936424732208,
      "y_val": 0.09156196564435959,
      "z_val": -0.061405811458826065
    },
    "angular_velocity": {
      "x_val": 0.0024400223046541214,
      "y_val": -0.5001442432403564,
      "z_val": 0.1191331222653389
    },
    "linear_acceleration": {
      "x_val": -9.64597225189209,
      "y_val": -1.949119210243225,
      "z_val": -0.3239581286907196
    },
    "angular_acceleration": {
      "x_val": 0.13055379688739777,
      "y_val": -8.149800300598145,
      "z_val": -0.1158798336982727
    }
  },
  "timestamp": 1746281606055333300
}