{
  "speed": 1.1286567449569702,
  "gear": 1,
  "rpm": 448.27838134765625,
  "maxrpm": 500.0,
  "handbrake": false,
  "kinematics_estimated": {
    "position": {
      "x_val": 8.615579605102539,
      "y_val": -1.1958863735198975,
      "z_val": 0.025983117520809174
    },
    "orientation": {
      "x_val": 1.0414541975478642e-05,
      "y_val": -9.771408804226667e-05,
      "z_val": 0.10592281818389893,
      "w_val": 0.9943743348121643
    },
    "linear_velocity": {
      "x_val": 1.1032198667526245,
      "y_val": 0.23826932907104492,
      "z_val": 1.958170059879194e-06
    },
    "angular_velocity": {
      "x_val": 1.0064201205750578e-06,
      "y_val": 0.0002941060811281204,
      "z_val": 0.010990893468260765
    },
    "linear_acceleration": {
      "x_val": -0.01754804514348507,
      "y_val": -0.0021007710602134466,
      "z_val": 0.0005754474550485611
    },
    "angular_acceleration": {
      "x_val": -0.000176008659764193,
      "y_val": 0.08615867048501968,
      "z_val": 0.021635539829730988
    }
  },
  "timestamp": 1746281606317399900
}