{
  "speed": 1.1260288953781128,
  "gear": 1,
  "rpm": 480.8024597167969,
  "maxrpm": 500.0,
  "handbrake": false,
  "kinematics_estimated": {
    "position": {
      "x_val": 8.8740816116333,
      "y_val": -1.1416101455688477,
      "z_val": 0.026004284620285034
    },
    "orientation": {
      "x_val": 7.329383151954971e-06,
      "y_val": -8.47203700686805e-05,
      "z_val": 0.0761353150010109,
      "w_val": 0.9970974922180176
    },
    "linear_velocity": {
      "x_val": 1.1128754615783691,
      "y_val": 0.1716090887784958,
      "z_val": -8.203873562706576e-07
    },
    "angular_velocity": {
      "x_val": -4.2587453208398074e-05,
      "y_val": -0.00048501050332561135,
      "z_val": -0.5079458951950073
    },
    "linear_acceleration": {
      "x_val": 0.03965329751372337,
      "y_val": -0.34065598249435425,
      "z_val": 0.0009357899543829262
    },
    "angular_acceleration": {
      "x_val": 0.0006976681179367006,
      "y_val": 0.0981765016913414,
      "z_val": -10.715987205505371
    }
  },
  "timestamp": 1746281606552300300
}