{
  "speed": 0.9421765804290771,
  "gear": 1,
  "rpm": 493.4433898925781,
  "maxrpm": 500.0,
  "handbrake": false,
  "kinematics_estimated": {
    "position": {
      "x_val": 9.153199195861816,
      "y_val": -1.10267174243927,
      "z_val": 0.02512495033442974
    },
    "orientation": {
      "x_val": 0.00017199275316670537,
      "y_val": -0.0025312723591923714,
      "z_val": 0.06542234122753143,
      "w_val": 0.9978544116020203
    },
    "linear_velocity": {
      "x_val": 0.9344242811203003,
      "y_val": 0.12197639048099518,
      "z_val": -0.03202078491449356
    },
    "angular_velocity": {
      "x_val": 0.0003660779329948127,
      "y_val": -0.1720341593027115,
      "z_val": -0.010355197824537754
    },
    "linear_acceleration": {
      "x_val": -6.303337574005127,
      "y_val": -0.8333746194839478,
      "z_val": -1.1241165399551392
    },
    "angular_acceleration": {
      "x_val": 0.012979050166904926,
      "y_val": -5.999960422515869,
      "z_val": 0.394506573677063
    }
  },
  "timestamp": 1746281606815612200
}