{
  "speed": 0.935866117477417,
  "gear": 1,
  "rpm": 495.8650207519531,
  "maxrpm": 500.0,
  "handbrake": false,
  "kinematics_estimated": {
    "position": {
      "x_val": 9.408650398254395,
      "y_val": -1.0692198276519775,
      "z_val": 0.024643022567033768
    },
    "orientation": {
      "x_val": 0.0002311521820956841,
      "y_val": -0.0034497848246246576,
      "z_val": 0.06490068137645721,
      "w_val": 0.9978857636451721
    },
    "linear_velocity": {
      "x_val": 0.928020179271698,
      "y_val": 0.12117242813110352,
      "z_val": -0.0012959826271981
    },
    "angular_velocity": {
      "x_val": 1.5496107153012417e-05,
      "y_val": 0.0009387250174768269,
      "z_val": -0.0019183472031727433
    },
    "linear_acceleration": {
      "x_val": -0.011802210472524166,
      "y_val": -0.0015413075452670455,
      "z_val": 1.723050594329834
    },
    "angular_acceleration": {
      "x_val": -0.021891582757234573,
      "y_val": 12.311347007751465,
      "z_val": -0.009810734540224075
    }
  },
  "timestamp": 1746281607055758600
}