{
  "speed": 1.0538060665130615,
  "gear": 1,
  "rpm": 477.20281982421875,
  "maxrpm": 500.0,
  "handbrake": false,
  "kinematics_estimated": {
    "position": {
      "x_val": 9.653364181518555,
      "y_val": -1.0372669696807861,
      "z_val": 0.026068732142448425
    },
    "orientation": {
      "x_val": 4.7176699808915146e-06,
      "y_val": -7.251872739288956e-05,
      "z_val": 0.06474556773900986,
      "w_val": 0.9979017972946167
    },
    "linear_velocity": {
      "x_val": 1.0449542999267578,
      "y_val": 0.13629968464374542,
      "z_val": 2.914730430347845e-05
    },
    "angular_velocity": {
      "x_val": 7.538467343692901e-06,
      "y_val": -0.002721818396821618,
      "z_val": -0.001363856834359467
    },
    "linear_acceleration": {
      "x_val": -0.013959821313619614,
      "y_val": -0.0018209097906947136,
      "z_val": 0.0007185438880696893
    },
    "angular_acceleration": {
      "x_val": 0.0011141509748995304,
      "y_val": -0.41149792075157166,
      "z_val": -0.026078801602125168
    }
  },
  "timestamp": 1746281607319265300
}