{
  "speed": 0.7426741719245911,
  "gear": 1,
  "rpm": 362.6513671875,
  "maxrpm": 500.0,
  "handbrake": false,
  "kinematics_estimated": {
    "position": {
      "x_val": 0.6369214653968811,
      "y_val": -0.030097002163529396,
      "z_val": 0.025774134323000908
    },
    "orientation": {
      "x_val": -1.5077952411957085e-05,
      "y_val": -0.00029994864598847926,
      "z_val": -0.05023710057139397,
      "w_val": 0.9987372756004333
    },
    "linear_velocity": {
      "x_val": 0.738888680934906,
      "y_val": -0.07491150498390198,
      "z_val": -0.003316603833809495
    },
    "angular_velocity": {
      "x_val": -0.0004534197796601802,
      "y_val": 0.5301664471626282,
      "z_val": -0.00251677050255239
    },
    "linear_acceleration": {
      "x_val": 6.216625690460205,
      "y_val": -0.6256353855133057,
      "z_val": -1.3001999855041504
    },
    "angular_acceleration": {
      "x_val": -0.02045644447207451,
      "y_val": 7.13655948638916,
      "z_val": 0.03191153332591057
    }
  },
  "timestamp": 1746281591646174300
}