{
  "speed": 1.0510185956954956,
  "gear": 1,
  "rpm": 492.15826416015625,
  "maxrpm": 500.0,
  "handbrake": false,
  "kinematics_estimated": {
    "position": {
      "x_val": 9.915486335754395,
      "y_val": -1.003085732460022,
      "z_val": 0.02596907876431942
    },
    "orientation": {
      "x_val": 6.613254299736582e-06,
      "y_val": -0.0001015722518786788,
      "z_val": 0.0646534115076065,
      "w_val": 0.9979077577590942
    },
    "linear_velocity": {
      "x_val": 1.0422035455703735,
      "y_val": 0.13583804666996002,
      "z_val": -1.9906042325601447e-06
    },
    "angular_velocity": {
      "x_val": 3.289140977358329e-06,
      "y_val": -0.0005806757835671306,
      "z_val": -0.0009785888250917196
    },
    "linear_acceleration": {
      "x_val": -0.015263015404343605,
      "y_val": -0.001989594893530011,
      "z_val": 0.0010311076184734702
    },
    "angular_acceleration": {
      "x_val": 0.00020747541566379368,
      "y_val": 0.11715029180049896,
      "z_val": -0.01324071828275919
    }
  },
  "timestamp": 1746281607570315500
}