{
  "speed": 1.1010711193084717,
  "gear": 1,
  "rpm": 449.14080810546875,
  "maxrpm": 500.0,
  "handbrake": false,
  "kinematics_estimated": {
    "position": {
      "x_val": 10.12348747253418,
      "y_val": -0.9759500622749329,
      "z_val": 0.025989612564444542
    },
    "orientation": {
      "x_val": 2.9196487503213575e-06,
      "y_val": -4.54194814665243e-05,
      "z_val": 0.06457741558551788,
      "w_val": 0.9979127049446106
    },
    "linear_velocity": {
      "x_val": 1.0918453931808472,
      "y_val": 0.14223599433898926,
      "z_val": -1.751203126332257e-05
    },
    "angular_velocity": {
      "x_val": -5.599366090791591e-07,
      "y_val": 0.0032300902530550957,
      "z_val": -0.0003819651319645345
    },
    "linear_acceleration": {
      "x_val": 4.7105393409729,
      "y_val": 0.612270712852478,
      "z_val": -0.006839372683316469
    },
    "angular_acceleration": {
      "x_val": 0.0007019107579253614,
      "y_val": 0.08459856361150742,
      "z_val": 0.009828596375882626
    }
  },
  "timestamp": 1746281607846429900
}