{
  "speed": 0.7210084199905396,
  "gear": 1,
  "rpm": 476.99993896484375,
  "maxrpm": 500.0,
  "handbrake": false,
  "kinematics_estimated": {
    "position": {
      "x_val": 10.371316909790039,
      "y_val": -0.9437097907066345,
      "z_val": 0.022202471271157265
    },
    "orientation": {
      "x_val": 0.0005934849614277482,
      "y_val": -0.009124702773988247,
      "z_val": 0.06429073959589005,
      "w_val": 0.9978893399238586
    },
    "linear_velocity": {
      "x_val": 0.7162691950798035,
      "y_val": 0.09249565750360489,
      "z_val": -0.05946909263730049
    },
    "angular_velocity": {
      "x_val": -3.5853026929544285e-05,
      "y_val": -0.4392792880535126,
      "z_val": -0.0021199770271778107
    },
    "linear_acceleration": {
      "x_val": -8.927273750305176,
      "y_val": -1.160666584968567,
      "z_val": -0.8616048097610474
    },
    "angular_acceleration": {
      "x_val": -0.01284609455615282,
      "y_val": -9.378704071044922,
      "z_val": -0.011626829393208027
    }
  },
  "timestamp": 1746281608114940200
}