{
  "speed": 1.1561155319213867,
  "gear": 1,
  "rpm": 441.5286865234375,
  "maxrpm": 500.0,
  "handbrake": false,
  "kinematics_estimated": {
    "position": {
      "x_val": 10.543156623840332,
      "y_val": -0.9214974045753479,
      "z_val": 0.02595646120607853
    },
    "orientation": {
      "x_val": 2.5174772417813074e-06,
      "y_val": -4.038400948047638e-05,
      "z_val": 0.06410921365022659,
      "w_val": 0.9979428648948669
    },
    "linear_velocity": {
      "x_val": 1.1466052532196045,
      "y_val": 0.14798490703105927,
      "z_val": -5.3074767492944375e-05
    },
    "angular_velocity": {
      "x_val": -9.092326763493475e-06,
      "y_val": 0.0009607311221770942,
      "z_val": -0.0010753070237115026
    },
    "linear_acceleration": {
      "x_val": 7.464929103851318,
      "y_val": 0.9632599949836731,
      "z_val": -0.0049485135823488235
    },
    "angular_acceleration": {
      "x_val": -0.0011554183438420296,
      "y_val": 0.07728058844804764,
      "z_val": 0.007553755305707455
    }
  },
  "timestamp": 1746281608344279000
}