{
  "speed": 1.1538060903549194,
  "gear": 1,
  "rpm": 473.4229431152344,
  "maxrpm": 500.0,
  "handbrake": false,
  "kinematics_estimated": {
    "position": {
      "x_val": 10.759296417236328,
      "y_val": -0.8936010599136353,
      "z_val": 0.026155583560466766
    },
    "orientation": {
      "x_val": 3.149643589495099e-06,
      "y_val": -4.8795209295349196e-05,
      "z_val": 0.06402482837438583,
      "w_val": 0.9979482889175415
    },
    "linear_velocity": {
      "x_val": 1.144327998161316,
      "y_val": 0.14758695662021637,
      "z_val": -3.489708205961506e-06
    },
    "angular_velocity": {
      "x_val": -1.170434188679792e-06,
      "y_val": -0.0004948154673911631,
      "z_val": -0.0008151552174240351
    },
    "linear_acceleration": {
      "x_val": -0.012852431274950504,
      "y_val": -0.0016577794449403882,
      "z_val": -0.0002699142205528915
    },
    "angular_acceleration": {
      "x_val": -0.0001426102389814332,
      "y_val": -0.037123434245586395,
      "z_val": -0.004384267143905163
    }
  },
  "timestamp": 1746281608533549100
}