{
  "speed": 1.1371859312057495,
  "gear": 1,
  "rpm": 486.720947265625,
  "maxrpm": 500.0,
  "handbrake": false,
  "kinematics_estimated": {
    "position": {
      "x_val": 10.96714973449707,
      "y_val": -0.8667869567871094,
      "z_val": 0.026159102097153664
    },
    "orientation": {
      "x_val": 3.057917183468817e-06,
      "y_val": -4.8011334001785144e-05,
      "z_val": 0.06396128237247467,
      "w_val": 0.997952401638031
    },
    "linear_velocity": {
      "x_val": 1.1278544664382935,
      "y_val": 0.14538265764713287,
      "z_val": 9.427218117252778e-08
    },
    "angular_velocity": {
      "x_val": -2.8550641673064092e-06,
      "y_val": 0.00017135201778728515,
      "z_val": -0.0005126878386363387
    },
    "linear_acceleration": {
      "x_val": -0.012530390173196793,
      "y_val": -0.0016153384931385517,
      "z_val": -0.0010992654133588076
    },
    "angular_acceleration": {
      "x_val": 0.0004364240448921919,
      "y_val": -0.19621974229812622,
      "z_val": -0.0010651248740032315
    }
  },
  "timestamp": 1746281608722567200
}