{
  "speed": 1.1346900463104248,
  "gear": 1,
  "rpm": 494.4190979003906,
  "maxrpm": 500.0,
  "handbrake": false,
  "kinematics_estimated": {
    "position": {
      "x_val": 11.200968742370605,
      "y_val": -0.8366390466690063,
      "z_val": 0.026164164766669273
    },
    "orientation": {
      "x_val": 2.9778577754768776e-06,
      "y_val": -4.645039371098392e-05,
      "z_val": 0.06391067802906036,
      "w_val": 0.9979556202888489
    },
    "linear_velocity": {
      "x_val": 1.1253790855407715,
      "y_val": 0.1450636088848114,
      "z_val": -1.7376307823724346e-06
    },
    "angular_velocity": {
      "x_val": 2.3150657852966106e-06,
      "y_val": -0.00022242455452214926,
      "z_val": -0.000504000170622021
    },
    "linear_acceleration": {
      "x_val": -0.012321988120675087,
      "y_val": -0.0015878237318247557,
      "z_val": -0.0003066240169573575
    },
    "angular_acceleration": {
      "x_val": 0.0003206153924111277,
      "y_val": -0.03989565744996071,
      "z_val": -0.0014785203384235501
    }
  },
  "timestamp": 1746281608929509800
}