{
  "speed": 1.1321979761123657,
  "gear": 1,
  "rpm": 497.6560363769531,
  "maxrpm": 500.0,
  "handbrake": false,
  "kinematics_estimated": {
    "position": {
      "x_val": 11.434449195861816,
      "y_val": -0.8065569400787354,
      "z_val": 0.026159273460507393
    },
    "orientation": {
      "x_val": 3.0830772175249876e-06,
      "y_val": -4.788852675119415e-05,
      "z_val": 0.06389090418815613,
      "w_val": 0.9979568719863892
    },
    "linear_velocity": {
      "x_val": 1.1229205131530762,
      "y_val": 0.14464432001113892,
      "z_val": -2.8735752266584313e-07
    },
    "angular_velocity": {
      "x_val": 2.0379766283440404e-06,
      "y_val": -3.8999394746497273e-05,
      "z_val": -0.00012223492376506329
    },
    "linear_acceleration": {
      "x_val": -0.012133806012570858,
      "y_val": -0.0015630158595740795,
      "z_val": -3.397477848920971e-05
    },
    "angular_acceleration": {
      "x_val": 1.4164957065077033e-05,
      "y_val": -0.003894113702699542,
      "z_val": -0.00012191037239972502
    }
  },
  "timestamp": 1746281609137317400
}