{
  "speed": 0.9700111746788025,
  "gear": 1,
  "rpm": 498.9271240234375,
  "maxrpm": 500.0,
  "handbrake": false,
  "kinematics_estimated": {
    "position": {
      "x_val": 11.641121864318848,
      "y_val": -0.7799325585365295,
      "z_val": 0.025400876998901367
    },
    "orientation": {
      "x_val": 0.00012592619168572128,
      "y_val": -0.0019160268129780889,
      "z_val": 0.06387975811958313,
      "w_val": 0.9979557394981384
    },
    "linear_velocity": {
      "x_val": 0.9621741771697998,
      "y_val": 0.12397980690002441,
      "z_val": -0.02878558076918125
    },
    "angular_velocity": {
      "x_val": 0.00032017219928093255,
      "y_val": -0.18326295912265778,
      "z_val": -0.00010671644849935547
    },
    "linear_acceleration": {
      "x_val": -7.769101142883301,
      "y_val": -0.9987221360206604,
      "z_val": -1.4083462953567505
    },
    "angular_acceleration": {
      "x_val": 0.01557081751525402,
      "y_val": -8.935653686523438,
      "z_val": 0.0007932746666483581
    }
  },
  "timestamp": 1746281609325866800
}