{
  "speed": 0.6315373182296753,
  "gear": 1,
  "rpm": 397.7576904296875,
  "maxrpm": 500.0,
  "handbrake": false,
  "kinematics_estimated": {
    "position": {
      "x_val": 11.73195743560791,
      "y_val": -0.7681996822357178,
      "z_val": 0.02589339390397072
    },
    "orientation": {
      "x_val": 1.1575867574720178e-05,
      "y_val": -0.0001755778066581115,
      "z_val": 0.0638737678527832,
      "w_val": 0.9979579448699951
    },
    "linear_velocity": {
      "x_val": 0.6263520121574402,
      "y_val": 0.08080865442752838,
      "z_val": -0.016589608043432236
    },
    "angular_velocity": {
      "x_val": -0.0006229666760191321,
      "y_val": 0.5640450716018677,
      "z_val": -8.655721467221156e-05
    },
    "linear_acceleration": {
      "x_val": 8.941720008850098,
      "y_val": 1.1493427753448486,
      "z_val": -6.057208061218262
    },
    "angular_acceleration": {
      "x_val": -0.03781185671687126,
      "y_val": -2.548434257507324,
      "z_val": -0.0008288866956718266
    }
  },
  "timestamp": 1746281609511122700
}