{
  "speed": 0.4597606658935547,
  "gear": 1,
  "rpm": 369.1214904785156,
  "maxrpm": 500.0,
  "handbrake": false,
  "kinematics_estimated": {
    "position": {
      "x_val": 0.7968704104423523,
      "y_val": -0.04627246409654617,
      "z_val": 0.024192271754145622
    },
    "orientation": {
      "x_val": -0.00020063506963197142,
      "y_val": -0.004122651647776365,
      "z_val": -0.05043578892946243,
      "w_val": 0.998718798160553
    },
    "linear_velocity": {
      "x_val": 0.45776891708374023,
      "y_val": -0.04642114415764809,
      "z_val": -0.0412229560315609
    },
    "angular_velocity": {
      "x_val": 0.00046248766011558473,
      "y_val": -0.25069287419319153,
      "z_val": -0.0011736385058611631
    },
    "linear_acceleration": {
      "x_val": -7.589361190795898,
      "y_val": 0.7682061195373535,
      "z_val": -1.2914034128189087
    },
    "angular_acceleration": {
      "x_val": 0.01488344557583332,
      "y_val": -8.221635818481445,
      "z_val": 0.0044622356072068214
    }
  },
  "timestamp": 1746281591908546700
}