{
  "speed": 0.8499664068222046,
  "gear": 1,
  "rpm": 438.783447265625,
  "maxrpm": 500.0,
  "handbrake": false,
  "kinematics_estimated": {
    "position": {
      "x_val": 11.896615028381348,
      "y_val": -0.7417529821395874,
      "z_val": 0.00307625369168818
    },
    "orientation": {
      "x_val": 0.01682843640446663,
      "y_val": 0.025561850517988205,
      "z_val": 0.04327269271016121,
      "w_val": 0.9985944628715515
    },
    "linear_velocity": {
      "x_val": 0.832759439945221,
      "y_val": 0.11693409830331802,
      "z_val": -0.22597730159759521
    },
    "angular_velocity": {
      "x_val": -0.13091212511062622,
      "y_val": 0.8128112554550171,
      "z_val": -0.39363786578178406
    },
    "linear_acceleration": {
      "x_val": 3.9922430515289307,
      "y_val": 0.5625157952308655,
      "z_val": -0.9838667511940002
    },
    "angular_acceleration": {
      "x_val": -1.9311405420303345,
      "y_val": 2.5116305351257324,
      "z_val": -11.569177627563477
    }
  },
  "timestamp": 1746281609715746300
}