{
  "speed": 0.7891467809677124,
  "gear": 1,
  "rpm": 472.1526794433594,
  "maxrpm": 500.0,
  "handbrake": false,
  "kinematics_estimated": {
    "position": {
      "x_val": 12.062334060668945,
      "y_val": -0.7262089848518372,
      "z_val": -0.032278042286634445
    },
    "orientation": {
      "x_val": 0.003686649026349187,
      "y_val": 0.11531031876802444,
      "z_val": 0.011556069366633892,
      "w_val": 0.9932554364204407
    },
    "linear_velocity": {
      "x_val": 0.7657511234283447,
      "y_val": 0.007889213040471077,
      "z_val": -0.19117815792560577
    },
    "angular_velocity": {
      "x_val": -0.03690061718225479,
      "y_val": 0.85601806640625,
      "z_val": -0.19359950721263885
    },
    "linear_acceleration": {
      "x_val": -2.171415328979492,
      "y_val": -0.2590674161911011,
      "z_val": 0.5803759694099426
    },
    "angular_acceleration": {
      "x_val": 0.17054501175880432,
      "y_val": 0.4464476406574249,
      "z_val": 2.4008641242980957
    }
  },
  "timestamp": 1746281609923556200
}