{
  "speed": 0.92125403881073,
  "gear": 1,
  "rpm": 483.863037109375,
  "maxrpm": 500.0,
  "handbrake": false,
  "kinematics_estimated": {
    "position": {
      "x_val": 12.227487564086914,
      "y_val": -0.7253414392471313,
      "z_val": -0.06456539034843445
    },
    "orientation": {
      "x_val": -0.00018612341955304146,
      "y_val": 0.19074858725070953,
      "z_val": -0.0010039785411208868,
      "w_val": 0.9816383719444275
    },
    "linear_velocity": {
      "x_val": 0.8540361523628235,
      "y_val": -0.006076626479625702,
      "z_val": -0.34541580080986023
    },
    "angular_velocity": {
      "x_val": -0.04246651381254196,
      "y_val": 0.2791845202445984,
      "z_val": 0.028282230719923973
    },
    "linear_acceleration": {
      "x_val": -5.499760150909424,
      "y_val": 0.1824781447649002,
      "z_val": -4.890073776245117
    },
    "angular_acceleration": {
      "x_val": -5.164906978607178,
      "y_val": -29.76700210571289,
      "z_val": -2.381843328475952
    }
  },
  "timestamp": 1746281610114411100
}