{
  "speed": 0.9336528778076172,
  "gear": 1,
  "rpm": 487.2980041503906,
  "maxrpm": 500.0,
  "handbrake": false,
  "kinematics_estimated": {
    "position": {
      "x_val": 12.389299392700195,
      "y_val": -0.725825309753418,
      "z_val": -0.12963983416557312
    },
    "orientation": {
      "x_val": -2.6162731955992058e-05,
      "y_val": 0.19080188870429993,
      "z_val": -0.0001314299734076485,
      "w_val": 0.9816285371780396
    },
    "linear_velocity": {
      "x_val": 0.8656851649284363,
      "y_val": -0.00037984902155585587,
      "z_val": -0.3497094213962555
    },
    "angular_velocity": {
      "x_val": -4.9990369006991386e-05,
      "y_val": -0.0003082326438743621,
      "z_val": 0.002953585935756564
    },
    "linear_acceleration": {
      "x_val": -3.0663065910339355,
      "y_val": 0.01842956244945526,
      "z_val": 1.2436670064926147
    },
    "angular_acceleration": {
      "x_val": -0.005706313066184521,
      "y_val": -0.03343966230750084,
      "z_val": -0.06429675221443176
    }
  },
  "timestamp": 1746281610300679300
}