{
  "speed": 0.8661105632781982,
  "gear": 1,
  "rpm": 490.2119140625,
  "maxrpm": 500.0,
  "handbrake": false,
  "kinematics_estimated": {
    "position": {
      "x_val": 12.564266204833984,
      "y_val": -0.7258586883544922,
      "z_val": -0.2003328502178192
    },
    "orientation": {
      "x_val": 2.8506988201115746e-06,
      "y_val": 0.19080160558223724,
      "z_val": 1.752774915075861e-05,
      "w_val": 0.9816285967826843
    },
    "linear_velocity": {
      "x_val": 0.8030440807342529,
      "y_val": 2.7157229851582088e-05,
      "z_val": -0.32444992661476135
    },
    "angular_velocity": {
      "x_val": 2.0139850676059723e-06,
      "y_val": 6.691928865620866e-05,
      "z_val": 0.0010416602017357945
    },
    "linear_acceleration": {
      "x_val": -3.0887327194213867,
      "y_val": -2.729789230215829e-07,
      "z_val": 1.245118498802185
    },
    "angular_acceleration": {
      "x_val": 0.0016613012412562966,
      "y_val": 0.017429016530513763,
      "z_val": -0.002973584458231926
    }
  },
  "timestamp": 1746281610504949500
}