{
  "speed": 0.9044217467308044,
  "gear": 1,
  "rpm": 491.02734375,
  "maxrpm": 500.0,
  "handbrake": false,
  "kinematics_estimated": {
    "position": {
      "x_val": 12.728121757507324,
      "y_val": -0.7258615493774414,
      "z_val": -0.2665337324142456
    },
    "orientation": {
      "x_val": 1.9934364900109358e-05,
      "y_val": 0.19080175459384918,
      "z_val": 0.0001051209619618021,
      "w_val": 0.9816285967826843
    },
    "linear_velocity": {
      "x_val": 0.8385875225067139,
      "y_val": 9.57803858909756e-05,
      "z_val": -0.33874720335006714
    },
    "angular_velocity": {
      "x_val": -1.918282941915095e-05,
      "y_val": -0.0001053006635629572,
      "z_val": 0.0008727695094421506
    },
    "linear_acceleration": {
      "x_val": -3.0796070098876953,
      "y_val": -1.0315566214558203e-06,
      "z_val": 1.2501459121704102
    },
    "angular_acceleration": {
      "x_val": -0.002785156946629286,
      "y_val": -0.02440934255719185,
      "z_val": -0.0031542719807475805
    }
  },
  "timestamp": 1746281610692226800
}