{
  "speed": 0.9433918595314026,
  "gear": 1,
  "rpm": 493.7240905761719,
  "maxrpm": 500.0,
  "handbrake": false,
  "kinematics_estimated": {
    "position": {
      "x_val": 12.893977165222168,
      "y_val": -0.725836455821991,
      "z_val": -0.3335350751876831
    },
    "orientation": {
      "x_val": 3.423892485443503e-05,
      "y_val": 0.19080306589603424,
      "z_val": 0.00017832679441198707,
      "w_val": 0.9816282987594604
    },
    "linear_velocity": {
      "x_val": 0.8747204542160034,
      "y_val": 0.00027972579118795693,
      "z_val": -0.35334450006484985
    },
    "angular_velocity": {
      "x_val": -1.531047746539116e-05,
      "y_val": -8.45582690089941e-05,
      "z_val": 0.0007362291216850281
    },
    "linear_acceleration": {
      "x_val": -3.1267218589782715,
      "y_val": -2.9263287615322042e-06,
      "z_val": 1.2694364786148071
    },
    "angular_acceleration": {
      "x_val": -0.0025058675091713667,
      "y_val": -0.026250803843140602,
      "z_val": -0.0029974435456097126
    }
  },
  "timestamp": 1746281610875787500
}