{
  "speed": 0.9546638131141663,
  "gear": 1,
  "rpm": 491.6174011230469,
  "maxrpm": 500.0,
  "handbrake": false,
  "kinematics_estimated": {
    "position": {
      "x_val": 13.051663398742676,
      "y_val": -0.7257705926895142,
      "z_val": -0.39743396639823914
    },
    "orientation": {
      "x_val": 4.632649142877199e-05,
      "y_val": 0.19080448150634766,
      "z_val": 0.00023947078443598002,
      "w_val": 0.9816280603408813
    },
    "linear_velocity": {
      "x_val": 0.8851317167282104,
      "y_val": 0.0005496804951690137,
      "z_val": -0.35766544938087463
    },
    "angular_velocity": {
      "x_val": 2.4323351681232452e-05,
      "y_val": 0.00025673164054751396,
      "z_val": 0.0006006031180731952
    },
    "linear_acceleration": {
      "x_val": 4.013121128082275,
      "y_val": 0.0036625415086746216,
      "z_val": -1.6239068508148193
    },
    "angular_acceleration": {
      "x_val": 0.000983566977083683,
      "y_val": 0.008492907509207726,
      "z_val": -0.003438272513449192
    }
  },
  "timestamp": 1746281611061307100
}