{
  "speed": 0.925592839717865,
  "gear": 1,
  "rpm": 492.0894470214844,
  "maxrpm": 500.0,
  "handbrake": false,
  "kinematics_estimated": {
    "position": {
      "x_val": 13.236895561218262,
      "y_val": -0.7256207466125488,
      "z_val": -0.47211194038391113
    },
    "orientation": {
      "x_val": 5.734577644034289e-05,
      "y_val": 0.19079867005348206,
      "z_val": 0.0002984738093800843,
      "w_val": 0.9816291332244873
    },
    "linear_velocity": {
      "x_val": 0.8582121133804321,
      "y_val": 0.0009245738037861884,
      "z_val": -0.34668928384780884
    },
    "angular_velocity": {
      "x_val": -3.876221308019012e-05,
      "y_val": -0.0005089932819828391,
      "z_val": 0.0005592640372924507
    },
    "linear_acceleration": {
      "x_val": -3.326460838317871,
      "y_val": -1.0237741662422195e-05,
      "z_val": 1.3491522073745728
    },
    "angular_acceleration": {
      "x_val": -0.0034018864389508963,
      "y_val": -0.0425972081720829,
      "z_val": 0.003892641281709075
    }
  },
  "timestamp": 1746281611271522100
}