{
  "speed": 0.9472063779830933,
  "gear": 1,
  "rpm": 493.3778076171875,
  "maxrpm": 500.0,
  "handbrake": false,
  "kinematics_estimated": {
    "position": {
      "x_val": 13.400274276733398,
      "y_val": -0.7254312038421631,
      "z_val": -0.538103461265564
    },
    "orientation": {
      "x_val": 6.2177176005207e-05,
      "y_val": 0.19080130755901337,
      "z_val": 0.0003222192171961069,
      "w_val": 0.9816285967826843
    },
    "linear_velocity": {
      "x_val": 0.8782580494880676,
      "y_val": 0.0011319313198328018,
      "z_val": -0.3547700345516205
    },
    "angular_velocity": {
      "x_val": -1.4981627828092314e-05,
      "y_val": -0.00016087548283394426,
      "z_val": 6.530535029014573e-05
    },
    "linear_acceleration": {
      "x_val": -3.086942195892334,
      "y_val": -1.142956898547709e-05,
      "z_val": 1.2536718845367432
    },
    "angular_acceleration": {
      "x_val": -0.0014331957791000605,
      "y_val": -0.012061115354299545,
      "z_val": 0.00012290297308936715
    }
  },
  "timestamp": 1746281611456455800
}