{
  "speed": 0.10919016599655151,
  "gear": 1,
  "rpm": 281.13909912109375,
  "maxrpm": 500.0,
  "handbrake": false,
  "kinematics_estimated": {
    "position": {
      "x_val": 0.8882449269294739,
      "y_val": -0.0555276982486248,
      "z_val": 0.021731633692979813
    },
    "orientation": {
      "x_val": -0.0004246325115673244,
      "y_val": -0.008588701486587524,
      "z_val": -0.050277307629585266,
      "w_val": 0.9986982941627502
    },
    "linear_velocity": {
      "x_val": 0.10855145007371902,
      "y_val": -0.010803860612213612,
      "z_val": 0.0068985577672719955
    },
    "angular_velocity": {
      "x_val": 0.0002538794942665845,
      "y_val": 0.05272279307246208,
      "z_val": 0.0005044927238486707
    },
    "linear_acceleration": {
      "x_val": -2.265991449356079,
      "y_val": 0.22876404225826263,
      "z_val": 1.069332480430603
    },
    "angular_acceleration": {
      "x_val": 0.009988406673073769,
      "y_val": 6.2057647705078125,
      "z_val": -0.003465218935161829
    }
  },
  "timestamp": 1746281592170370400
}