{
  "speed": 0.9477931261062622,
  "gear": 1,
  "rpm": 494.2340393066406,
  "maxrpm": 500.0,
  "handbrake": false,
  "kinematics_estimated": {
    "position": {
      "x_val": 13.563252449035645,
      "y_val": -0.7252300381660461,
      "z_val": -0.6039528250694275
    },
    "orientation": {
      "x_val": 6.340446998365223e-05,
      "y_val": 0.19080105423927307,
      "z_val": 0.00032873102463781834,
      "w_val": 0.9816286563873291
    },
    "linear_velocity": {
      "x_val": 0.8787959814071655,
      "y_val": 0.001005451544187963,
      "z_val": -0.3550049960613251
    },
    "angular_velocity": {
      "x_val": -2.4680102796992287e-05,
      "y_val": -0.0003450574877206236,
      "z_val": 0.0002047795569524169
    },
    "linear_acceleration": {
      "x_val": -3.000297784805298,
      "y_val": -0.009793121367692947,
      "z_val": 1.2169573307037354
    },
    "angular_acceleration": {
      "x_val": -0.002334166783839464,
      "y_val": -0.03480139374732971,
      "z_val": 0.007949840277433395
    }
  },
  "timestamp": 1746281611645169600
}