{
  "speed": -0.10906189680099487,
  "gear": 1,
  "rpm": 328.8006591796875,
  "maxrpm": 500.0,
  "handbrake": false,
  "kinematics_estimated": {
    "position": {
      "x_val": 13.620963096618652,
      "y_val": -0.7251213788986206,
      "z_val": -0.6274229288101196
    },
    "orientation": {
      "x_val": 7.569559966214001e-05,
      "y_val": 0.19073623418807983,
      "z_val": 0.0004049761046189815,
      "w_val": 0.9816412329673767
    },
    "linear_velocity": {
      "x_val": -0.1012166440486908,
      "y_val": 0.00024370805476792157,
      "z_val": 0.04061770439147949
    },
    "angular_velocity": {
      "x_val": -0.001282273675315082,
      "y_val": 0.2908775806427002,
      "z_val": 0.000668116204906255
    },
    "linear_acceleration": {
      "x_val": -2.2451229095458984,
      "y_val": 0.000971559842582792,
      "z_val": -2.2328014373779297
    },
    "angular_acceleration": {
      "x_val": -0.07773410528898239,
      "y_val": -1.8847033977508545,
      "z_val": -0.00586498249322176
    }
  },
  "timestamp": 1746281611851957500
}