{
  "speed": -0.11845054477453232,
  "gear": 1,
  "rpm": 184.4071044921875,
  "maxrpm": 500.0,
  "handbrake": false,
  "kinematics_estimated": {
    "position": {
      "x_val": 13.600892066955566,
      "y_val": -0.725062370300293,
      "z_val": -0.6192650198936462
    },
    "orientation": {
      "x_val": 7.889568951213732e-05,
      "y_val": 0.19078807532787323,
      "z_val": 0.0004161082615610212,
      "w_val": 0.9816311597824097
    },
    "linear_velocity": {
      "x_val": -0.10982627421617508,
      "y_val": 0.0002879038220271468,
      "z_val": 0.04437103495001793
    },
    "angular_velocity": {
      "x_val": -1.1845961125800386e-05,
      "y_val": -8.965777669800445e-05,
      "z_val": 0.00011786555114667863
    },
    "linear_acceleration": {
      "x_val": -0.013444135896861553,
      "y_val": 0.0018741890089586377,
      "z_val": 0.005270087160170078
    },
    "angular_acceleration": {
      "x_val": -0.0007036537281237543,
      "y_val": -0.005839322227984667,
      "z_val": -0.0014595617540180683
    }
  },
  "timestamp": 1746281612035944600
}