{
  "speed": -0.1227237656712532,
  "gear": 1,
  "rpm": 113.02021789550781,
  "maxrpm": 500.0,
  "handbrake": false,
  "kinematics_estimated": {
    "position": {
      "x_val": 13.577144622802734,
      "y_val": -0.7249898910522461,
      "z_val": -0.6096838116645813
    },
    "orientation": {
      "x_val": 7.986573473317549e-05,
      "y_val": 0.190786212682724,
      "z_val": 0.00042171296081505716,
      "w_val": 0.9816315174102783
    },
    "linear_velocity": {
      "x_val": -0.11378782987594604,
      "y_val": 0.000399121519876644,
      "z_val": 0.04597333446145058
    },
    "angular_velocity": {
      "x_val": 0.0,
      "y_val": 0.0,
      "z_val": 0.0
    },
    "linear_acceleration": {
      "x_val": -0.04235442355275154,
      "y_val": 0.002090143272653222,
      "z_val": 0.017229964956641197
    },
    "angular_acceleration": {
      "x_val": 0.00046964624198153615,
      "y_val": 0.006902066990733147,
      "z_val": 0.0021977797150611877
    }
  },
  "timestamp": 1746281612241226700
}