{
  "speed": -0.12434718012809753,
  "gear": 1,
  "rpm": 85.25923919677734,
  "maxrpm": 500.0,
  "handbrake": false,
  "kinematics_estimated": {
    "position": {
      "x_val": 13.55582046508789,
      "y_val": -0.7249301075935364,
      "z_val": -0.6010803580284119
    },
    "orientation": {
      "x_val": 8.159861317835748e-05,
      "y_val": 0.19078461825847626,
      "z_val": 0.0004316015401855111,
      "w_val": 0.9816318154335022
    },
    "linear_velocity": {
      "x_val": -0.1152949407696724,
      "y_val": 0.00037441743188537657,
      "z_val": 0.04657672718167305
    },
    "angular_velocity": {
      "x_val": -3.260194353060797e-05,
      "y_val": -0.0003424429742153734,
      "z_val": 0.000146760736242868
    },
    "linear_acceleration": {
      "x_val": -0.14725522696971893,
      "y_val": 0.0020975747611373663,
      "z_val": 0.05913951247930527
    },
    "angular_acceleration": {
      "x_val": -0.001984922681003809,
      "y_val": -0.021693075075745583,
      "z_val": -0.0012954496778547764
    }
  },
  "timestamp": 1746281612428861200
}