{
  "speed": -0.11888667196035385,
  "gear": 1,
  "rpm": 71.55258178710938,
  "maxrpm": 500.0,
  "handbrake": false,
  "kinematics_estimated": {
    "position": {
      "x_val": 13.532770156860352,
      "y_val": -0.7248647809028625,
      "z_val": -0.59173983335495
    },
    "orientation": {
      "x_val": 8.334693848155439e-05,
      "y_val": 0.1907883733510971,
      "z_val": 0.0004388309898786247,
      "w_val": 0.9816311001777649
    },
    "linear_velocity": {
      "x_val": -0.1102294921875,
      "y_val": 0.0002926730376202613,
      "z_val": 0.04453732445836067
    },
    "angular_velocity": {
      "x_val": 4.808596713701263e-06,
      "y_val": 9.77994641289115e-05,
      "z_val": 0.00014676936552859843
    },
    "linear_acceleration": {
      "x_val": 0.03874129056930542,
      "y_val": 0.002148593543097377,
      "z_val": -0.015381061471998692
    },
    "angular_acceleration": {
      "x_val": 0.0010402859188616276,
      "y_val": 0.015688717365264893,
      "z_val": -0.003523537889122963
    }
  },
  "timestamp": 1746281612631431100
}