{
  "speed": 0.05133574828505516,
  "gear": 1,
  "rpm": 95.54239654541016,
  "maxrpm": 500.0,
  "handbrake": false,
  "kinematics_estimated": {
    "position": {
      "x_val": 13.518221855163574,
      "y_val": -0.7247939109802246,
      "z_val": -0.5858660936355591
    },
    "orientation": {
      "x_val": 8.537817484466359e-05,
      "y_val": 0.19079110026359558,
      "z_val": 0.00044728314969688654,
      "w_val": 0.9816305637359619
    },
    "linear_velocity": {
      "x_val": 0.047597408294677734,
      "y_val": 0.000541121291462332,
      "z_val": -0.019230114296078682
    },
    "angular_velocity": {
      "x_val": 2.1838824977749027e-05,
      "y_val": 0.00031560391653329134,
      "z_val": -0.00010083666711580008
    },
    "linear_acceleration": {
      "x_val": 5.00935173034668,
      "y_val": 0.007293816190212965,
      "z_val": -2.0239927768707275
    },
    "angular_acceleration": {
      "x_val": 0.0010961998486891389,
      "y_val": 0.015841739252209663,
      "z_val": -0.0050614969804883
    }
  },
  "timestamp": 1746281612817405300
}