{
  "speed": 0.305075079202652,
  "gear": 1,
  "rpm": 204.44827270507812,
  "maxrpm": 500.0,
  "handbrake": false,
  "kinematics_estimated": {
    "position": {
      "x_val": 13.546736717224121,
      "y_val": -0.7246739864349365,
      "z_val": -0.5974262952804565
    },
    "orientation": {
      "x_val": 8.822436211630702e-05,
      "y_val": 0.19079463183879852,
      "z_val": 0.0004610933247022331,
      "w_val": 0.9816298484802246
    },
    "linear_velocity": {
      "x_val": 0.2828529179096222,
      "y_val": 0.0007703531882725656,
      "z_val": -0.11430077999830246
    },
    "angular_velocity": {
      "x_val": 0.0,
      "y_val": 0.0,
      "z_val": 0.0
    },
    "linear_acceleration": {
      "x_val": 4.8318400382995605,
      "y_val": 0.0076537951827049255,
      "z_val": -1.9538413286209106
    },
    "angular_acceleration": {
      "x_val": 0.0011510237818583846,
      "y_val": 0.005908007733523846,
      "z_val": -0.004373658914119005
    }
  },
  "timestamp": 1746281613022306500
}