{
  "speed": 0.39033469557762146,
  "gear": 1,
  "rpm": 292.6875915527344,
  "maxrpm": 500.0,
  "handbrake": false,
  "kinematics_estimated": {
    "position": {
      "x_val": 13.60750961303711,
      "y_val": -0.7245206832885742,
      "z_val": -0.6218779683113098
    },
    "orientation": {
      "x_val": 9.110028622671962e-05,
      "y_val": 0.19079680740833282,
      "z_val": 0.000474897853564471,
      "w_val": 0.9816294312477112
    },
    "linear_velocity": {
      "x_val": 0.3619200885295868,
      "y_val": 0.0007895926246419549,
      "z_val": -0.1462005078792572
    },
    "angular_velocity": {
      "x_val": 1.9001745386049151e-06,
      "y_val": 6.420761201297864e-05,
      "z_val": 0.00031638724613003433
    },
    "linear_acceleration": {
      "x_val": -2.7303333282470703,
      "y_val": -0.011389817111194134,
      "z_val": 1.1054792404174805
    },
    "angular_acceleration": {
      "x_val": 9.286356362281367e-05,
      "y_val": 0.0031378946732729673,
      "z_val": 0.015462183393537998
    }
  },
  "timestamp": 1746281613212238100
}