{
  "speed": 0.6397274136543274,
  "gear": 1,
  "rpm": 334.908203125,
  "maxrpm": 500.0,
  "handbrake": false,
  "kinematics_estimated": {
    "position": {
      "x_val": 13.700309753417969,
      "y_val": -0.7251720428466797,
      "z_val": -0.6594971418380737
    },
    "orientation": {
      "x_val": 0.0013505311217159033,
      "y_val": 0.19079521298408508,
      "z_val": 0.006886332295835018,
      "w_val": 0.9816047549247742
    },
    "linear_velocity": {
      "x_val": 0.5931039452552795,
      "y_val": 0.006880119908601046,
      "z_val": -0.23965801298618317
    },
    "angular_velocity": {
      "x_val": 0.0026789456605911255,
      "y_val": 0.0006509338272735476,
      "z_val": 0.32879677414894104
    },
    "linear_acceleration": {
      "x_val": 4.569128513336182,
      "y_val": 0.07732659578323364,
      "z_val": -1.8491551876068115
    },
    "angular_acceleration": {
      "x_val": 0.23139244318008423,
      "y_val": 0.028535466641187668,
      "z_val": 6.23966121673584
    }
  },
  "timestamp": 1746281613398925700
}