{
  "speed": 0.8617938756942749,
  "gear": 1,
  "rpm": 319.3360290527344,
  "maxrpm": 500.0,
  "handbrake": false,
  "kinematics_estimated": {
    "position": {
      "x_val": 1.0515854358673096,
      "y_val": -0.07194980978965759,
      "z_val": 0.026161685585975647
    },
    "orientation": {
      "x_val": -2.5665908651717473e-06,
      "y_val": -4.762896060128696e-05,
      "z_val": -0.05015706643462181,
      "w_val": 0.9987413287162781
    },
    "linear_velocity": {
      "x_val": 0.8575311899185181,
      "y_val": -0.08561229705810547,
      "z_val": 0.00014701551117468625
    },
    "angular_velocity": {
      "x_val": 0.0006206297548487782,
      "y_val": 0.0024612199049443007,
      "z_val": 0.0028322716243565083
    },
    "linear_acceleration": {
      "x_val": -0.00742741022258997,
      "y_val": -0.007877226918935776,
      "z_val": 0.06425202637910843
    },
    "angular_acceleration": {
      "x_val": -1.6569684743881226,
      "y_val": -1.1651183366775513,
      "z_val": -0.14043286442756653
    }
  },
  "timestamp": 1746281592439743800
}