{
  "speed": 1.0193017721176147,
  "gear": 1,
  "rpm": 460.6666259765625,
  "maxrpm": 500.0,
  "handbrake": false,
  "kinematics_estimated": {
    "position": {
      "x_val": 0.5876799821853638,
      "y_val": 1.9400838482397376e-06,
      "z_val": 0.02612326666712761
    },
    "orientation": {
      "x_val": -5.709850925406101e-10,
      "y_val": -5.854426490259357e-05,
      "z_val": -2.183567630709149e-05,
      "w_val": 1.0
    },
    "linear_velocity": {
      "x_val": 1.0193017721176147,
      "y_val": -3.0137227895465912e-06,
      "z_val": 8.918885214370675e-06
    },
    "angular_velocity": {
      "x_val": -3.0089898928054026e-07,
      "y_val": 0.0010906594106927514,
      "z_val": -7.16361464583315e-05
    },
    "linear_acceleration": {
      "x_val": -0.010155875235795975,
      "y_val": 4.975343159685508e-08,
      "z_val": 0.0008250477840192616
    },
    "angular_acceleration": {
      "x_val": -2.7165073333890177e-05,
      "y_val": 0.11311265081167221,
      "z_val": 0.0005348267732188106
    }
  },
  "timestamp": 1747815247025565100
}