{
  "speed": 1.0173085927963257,
  "gear": 1,
  "rpm": 481.99041748046875,
  "maxrpm": 500.0,
  "handbrake": false,
  "kinematics_estimated": {
    "position": {
      "x_val": 0.7770271897315979,
      "y_val": 2.5042750166903716e-06,
      "z_val": 0.026117289438843727
    },
    "orientation": {
      "x_val": -3.7851002887556717e-10,
      "y_val": -5.9926038375124335e-05,
      "z_val": -2.8857708457508124e-05,
      "w_val": 1.0
    },
    "linear_velocity": {
      "x_val": 1.0173085927963257,
      "y_val": -3.003184929184499e-06,
      "z_val": 2.786167897284031e-06
    },
    "angular_velocity": {
      "x_val": -1.194067635879037e-07,
      "y_val": 0.0003193292359355837,
      "z_val": -7.72748317103833e-05
    },
    "linear_acceleration": {
      "x_val": -0.010973213240504265,
      "y_val": 6.132970753469635e-08,
      "z_val": 0.0006702928803861141
    },
    "angular_acceleration": {
      "x_val": -1.999142114073038e-05,
      "y_val": 0.08821951597929001,
      "z_val": 4.3966283556073904e-05
    }
  },
  "timestamp": 1747815247213339800
}