{
  "speed": 1.0152456760406494,
  "gear": 1,
  "rpm": 492.0044860839844,
  "maxrpm": 500.0,
  "handbrake": false,
  "kinematics_estimated": {
    "position": {
      "x_val": 0.9730122685432434,
      "y_val": 3.0873334253556095e-06,
      "z_val": 0.026093699038028717
    },
    "orientation": {
      "x_val": 1.3196217452104975e-09,
      "y_val": -6.57373238936998e-05,
      "z_val": -3.611334250308573e-05,
      "w_val": 1.0
    },
    "linear_velocity": {
      "x_val": 1.0152456760406494,
      "y_val": -2.990838083860581e-06,
      "z_val": -1.410045206284849e-05
    },
    "angular_velocity": {
      "x_val": 4.245878244546475e-07,
      "y_val": -0.0019649730529636145,
      "z_val": -7.90109479567036e-05
    },
    "linear_acceleration": {
      "x_val": -0.011237519793212414,
      "y_val": 7.074817176544457e-08,
      "z_val": -0.0011889232555404305
    },
    "angular_acceleration": {
      "x_val": 2.860081622202415e-05,
      "y_val": -0.1476270705461502,
      "z_val": -0.0008253936539404094
    }
  },
  "timestamp": 1747815247405430400
}