{
  "speed": 1.0134185552597046,
  "gear": 1,
  "rpm": 496.4017333984375,
  "maxrpm": 500.0,
  "handbrake": false,
  "kinematics_estimated": {
    "position": {
      "x_val": 1.165511965751648,
      "y_val": 0.0002850846212822944,
      "z_val": 0.026100285351276398
    },
    "orientation": {
      "x_val": -8.442221428595076e-07,
      "y_val": -5.697205415344797e-05,
      "z_val": -0.022168979048728943,
      "w_val": 0.9997542500495911
    },
    "linear_velocity": {
      "x_val": 1.0122145414352417,
      "y_val": -0.049608681350946426,
      "z_val": -1.4345105228130706e-05
    },
    "angular_velocity": {
      "x_val": -5.087648969492875e-05,
      "y_val": -0.0018115720013156533,
      "z_val": -0.46192029118537903
    },
    "linear_acceleration": {
      "x_val": -0.027924615889787674,
      "y_val": -0.4563385844230652,
      "z_val": -0.0012441605795174837
    },
    "angular_acceleration": {
      "x_val": -0.0013151814928278327,
      "y_val": -0.14210906624794006,
      "z_val": -7.843343734741211
    }
  },
  "timestamp": 1747815247593177800
}