{
  "speed": 1.0116770267486572,
  "gear": 1,
  "rpm": 498.5072937011719,
  "maxrpm": 500.0,
  "handbrake": false,
  "kinematics_estimated": {
    "position": {
      "x_val": 1.3768658638000488,
      "y_val": -0.013965144753456116,
      "z_val": 0.026173977181315422
    },
    "orientation": {
      "x_val": -1.8759185422823066e-06,
      "y_val": -4.430998887983151e-05,
      "z_val": -0.04363664239645004,
      "w_val": 0.9990474581718445
    },
    "linear_velocity": {
      "x_val": 1.0074748992919922,
      "y_val": -0.09220028668642044,
      "z_val": 1.4164773347147275e-05
    },
    "angular_velocity": {
      "x_val": -1.6795958117654664e-06,
      "y_val": 0.0015326550928875804,
      "z_val": -0.03401605412364006
    },
    "linear_acceleration": {
      "x_val": -0.008006957359611988,
      "y_val": 0.009529459290206432,
      "z_val": 0.0011096816742792726
    },
    "angular_acceleration": {
      "x_val": 0.00039726425893604755,
      "y_val": 0.14881391823291779,
      "z_val": 1.4170185327529907
    }
  },
  "timestamp": 1747815247802511500
}