{
  "speed": 0.982752799987793,
  "gear": 1,
  "rpm": 442.9482421875,
  "maxrpm": 500.0,
  "handbrake": false,
  "kinematics_estimated": {
    "position": {
      "x_val": 1.5027899742126465,
      "y_val": -0.025109518319368362,
      "z_val": 0.025908933952450752
    },
    "orientation": {
      "x_val": -1.5067227650433779e-05,
      "y_val": -4.7125231503741816e-05,
      "z_val": -0.053159620612859726,
      "w_val": 0.9985859990119934
    },
    "linear_velocity": {
      "x_val": 0.9766929149627686,
      "y_val": -0.10907210409641266,
      "z_val": -2.86824069917202e-05
    },
    "angular_velocity": {
      "x_val": -0.0002617465506773442,
      "y_val": 3.484422995825298e-05,
      "z_val": -0.10230483114719391
    },
    "linear_acceleration": {
      "x_val": 7.534036159515381,
      "y_val": -0.818522036075592,
      "z_val": 0.0003802423016168177
    },
    "angular_acceleration": {
      "x_val": 0.0175305288285017,
      "y_val": -0.3847094476222992,
      "z_val": 0.8896617293357849
    }
  },
  "timestamp": 1747815247985413400
}