{
  "speed": 1.136203646659851,
  "gear": 1,
  "rpm": 474.0106506347656,
  "maxrpm": 500.0,
  "handbrake": false,
  "kinematics_estimated": {
    "position": {
      "x_val": 1.7030715942382812,
      "y_val": -0.04798522964119911,
      "z_val": 0.0261488389223814
    },
    "orientation": {
      "x_val": -2.9452178296196507e-06,
      "y_val": -4.950048969476484e-05,
      "z_val": -0.051911190152168274,
      "w_val": 0.9986516833305359
    },
    "linear_velocity": {
      "x_val": 1.1296192407608032,
      "y_val": -0.12222494930028915,
      "z_val": 1.3428325473796576e-05
    },
    "angular_velocity": {
      "x_val": 6.0136590036563575e-06,
      "y_val": 0.0018157254671677947,
      "z_val": 0.20081067085266113
    },
    "linear_acceleration": {
      "x_val": 0.019477058202028275,
      "y_val": 0.2768658697605133,
      "z_val": 0.0009852370712906122
    },
    "angular_acceleration": {
      "x_val": 7.25527061149478e-05,
      "y_val": 0.14584942162036896,
      "z_val": 1.359058141708374
    }
  },
  "timestamp": 1747815248174736800
}