{
  "speed": 1.1343985795974731,
  "gear": 1,
  "rpm": 488.5132141113281,
  "maxrpm": 500.0,
  "handbrake": false,
  "kinematics_estimated": {
    "position": {
      "x_val": 1.9223792552947998,
      "y_val": -0.06784027814865112,
      "z_val": 0.02610841393470764
    },
    "orientation": {
      "x_val": -1.2328927141425083e-06,
      "y_val": -5.191220043343492e-05,
      "z_val": -0.012120041064918041,
      "w_val": 0.9999265670776367
    },
    "linear_velocity": {
      "x_val": 1.1341657638549805,
      "y_val": -0.023354336619377136,
      "z_val": -5.965017066955625e-07
    },
    "angular_velocity": {
      "x_val": 5.198843064135872e-05,
      "y_val": 3.9907459722599015e-05,
      "z_val": 0.49564045667648315
    },
    "linear_acceleration": {
      "x_val": 0.008006107062101364,
      "y_val": 0.5889021158218384,
      "z_val": 4.922552398056723e-05
    },
    "angular_acceleration": {
      "x_val": 0.00010193648631684482,
      "y_val": 0.004962425213307142,
      "z_val": 1.6128166913986206
    }
  },
  "timestamp": 1747815248367725500
}