{
  "speed": 1.3070687055587769,
  "gear": 1,
  "rpm": 495.05267333984375,
  "maxrpm": 500.0,
  "handbrake": false,
  "kinematics_estimated": {
    "position": {
      "x_val": 2.1725714206695557,
      "y_val": -0.06653981655836105,
      "z_val": 0.026165584102272987
    },
    "orientation": {
      "x_val": 1.1603485745581565e-06,
      "y_val": -4.55178706033621e-05,
      "z_val": 0.031038012355566025,
      "w_val": 0.9995182156562805
    },
    "linear_velocity": {
      "x_val": 1.3040897846221924,
      "y_val": 0.08850732445716858,
      "z_val": 1.4799295058764983e-05
    },
    "angular_velocity": {
      "x_val": 1.574199450260494e-05,
      "y_val": 0.0013832334661856294,
      "z_val": 0.16342975199222565
    },
    "linear_acceleration": {
      "x_val": -0.02656654082238674,
      "y_val": 0.24128995835781097,
      "z_val": 0.0010274873347952962
    },
    "angular_acceleration": {
      "x_val": -0.0011740840272977948,
      "y_val": 0.14591152966022491,
      "z_val": -6.439113140106201
    }
  },
  "timestamp": 1747815248568946200
}