{
  "speed": 1.304320216178894,
  "gear": 1,
  "rpm": 497.8285827636719,
  "maxrpm": 500.0,
  "handbrake": false,
  "kinematics_estimated": {
    "position": {
      "x_val": 2.4270808696746826,
      "y_val": -0.04800821468234062,
      "z_val": 0.02597423456609249
    },
    "orientation": {
      "x_val": 3.1381343887915136e-06,
      "y_val": -9.033965034177527e-05,
      "z_val": 0.025847483426332474,
      "w_val": 0.9996659159660339
    },
    "linear_velocity": {
      "x_val": 1.3020074367523193,
      "y_val": 0.0784192755818367,
      "z_val": -1.1916072253370658e-05
    },
    "angular_velocity": {
      "x_val": -4.1911152948159724e-05,
      "y_val": -0.0014354560989886522,
      "z_val": -0.47609615325927734
    },
    "linear_acceleration": {
      "x_val": 0.01078234426677227,
      "y_val": -0.4853365421295166,
      "z_val": 0.00015372551570180804
    },
    "angular_acceleration": {
      "x_val": -0.001008226303383708,
      "y_val": 0.005145972594618797,
      "z_val": -12.3893461227417
    }
  },
  "timestamp": 1747815248766791200
}