{
  "speed": -1.46956540447718e-06,
  "gear": 0,
  "rpm": 20.000001907348633,
  "maxrpm": 500.0,
  "handbrake": false,
  "kinematics_estimated": {
    "position": {
      "x_val": -3.748294693650678e-05,
      "y_val": -8.09661726552946e-10,
      "z_val": 0.026083627715706825
    },
    "orientation": {
      "x_val": -2.0233439368411155e-09,
      "y_val": -6.924362241989002e-05,
      "z_val": 4.775546180724177e-09,
      "w_val": 1.0
    },
    "linear_velocity": {
      "x_val": -1.4736808680027025e-06,
      "y_val": -1.4078378762251431e-14,
      "z_val": 2.9717059078393504e-05
    },
    "angular_velocity": {
      "x_val": -2.18283207686909e-06,
      "y_val": 0.004265287891030312,
      "z_val": 4.065849323886539e-10
    },
    "linear_acceleration": {
      "x_val": -6.523627234855667e-05,
      "y_val": -6.232156175671466e-13,
      "z_val": 0.0028455646242946386
    },
    "angular_acceleration": {
      "x_val": -0.00017707873485051095,
      "y_val": 0.4741460382938385,
      "z_val": 1.0406628092596293e-07
    }
  },
  "timestamp": 1747815245288450500
}