{
  "speed": 1.3017414808273315,
  "gear": 1,
  "rpm": 499.04693603515625,
  "maxrpm": 500.0,
  "handbrake": false,
  "kinematics_estimated": {
    "position": {
      "x_val": 2.6815614700317383,
      "y_val": -0.03984995558857918,
      "z_val": 0.026087308302521706
    },
    "orientation": {
      "x_val": 6.879095337808394e-08,
      "y_val": -6.779223622288555e-05,
      "z_val": -0.0005913693457841873,
      "w_val": 0.9999998211860657
    },
    "linear_velocity": {
      "x_val": 1.3017362356185913,
      "y_val": -0.005108516197651625,
      "z_val": -8.426805834460538e-06
    },
    "angular_velocity": {
      "x_val": -1.693228659860324e-05,
      "y_val": -0.0012262121308594942,
      "z_val": -0.08339931070804596
    },
    "linear_acceleration": {
      "x_val": -0.01471856702119112,
      "y_val": -0.0761018842458725,
      "z_val": -0.0006015231483615935
    },
    "angular_acceleration": {
      "x_val": 9.571936243446544e-05,
      "y_val": -0.07804250717163086,
      "z_val": 0.5988219976425171
    }
  },
  "timestamp": 1747815248963234100
}