{
  "speed": 1.2988642454147339,
  "gear": 1,
  "rpm": 499.617919921875,
  "maxrpm": 500.0,
  "handbrake": false,
  "kinematics_estimated": {
    "position": {
      "x_val": 2.9638736248016357,
      "y_val": -0.045283157378435135,
      "z_val": 0.026107370853424072
    },
    "orientation": {
      "x_val": -1.4530571661452996e-06,
      "y_val": -6.259717338252813e-05,
      "z_val": -0.02532372996211052,
      "w_val": 0.9996793270111084
    },
    "linear_velocity": {
      "x_val": 1.2970259189605713,
      "y_val": -0.06916686147451401,
      "z_val": -9.267947120861209e-07
    },
    "angular_velocity": {
      "x_val": -5.59661475563189e-06,
      "y_val": -0.00020067508739884943,
      "z_val": -0.06852907687425613
    },
    "linear_acceleration": {
      "x_val": -0.016826918348670006,
      "y_val": -0.05824119597673416,
      "z_val": 0.000283628236502409
    },
    "angular_acceleration": {
      "x_val": 0.0005160152795724571,
      "y_val": 0.03555744141340256,
      "z_val": 1.079605221748352
    }
  },
  "timestamp": 1747815249180779600
}