{
  "speed": 1.2961045503616333,
  "gear": 1,
  "rpm": 499.8321533203125,
  "maxrpm": 500.0,
  "handbrake": false,
  "kinematics_estimated": {
    "position": {
      "x_val": 3.216686725616455,
      "y_val": -0.06111809238791466,
      "z_val": 0.026083163917064667
    },
    "orientation": {
      "x_val": -1.9266999515821226e-06,
      "y_val": -6.28444176982157e-05,
      "z_val": -0.025292973965406418,
      "w_val": 0.9996801018714905
    },
    "linear_velocity": {
      "x_val": 1.2941006422042847,
      "y_val": -0.0723688080906868,
      "z_val": -1.5784416973474436e-05
    },
    "angular_velocity": {
      "x_val": 5.96858371864073e-05,
      "y_val": -0.0019992629531770945,
      "z_val": 0.3930106461048126
    },
    "linear_acceleration": {
      "x_val": 0.012370356358587742,
      "y_val": 0.5050925016403198,
      "z_val": -0.002322060987353325
    },
    "angular_acceleration": {
      "x_val": 0.002750961808487773,
      "y_val": -0.2708640396595001,
      "z_val": 10.098611831665039
    }
  },
  "timestamp": 1747815249369123600
}