{
  "speed": 1.2934855222702026,
  "gear": 1,
  "rpm": 499.92681884765625,
  "maxrpm": 500.0,
  "handbrake": false,
  "kinematics_estimated": {
    "position": {
      "x_val": 3.4729421138763428,
      "y_val": -0.0684400126338005,
      "z_val": 0.026174696162343025
    },
    "orientation": {
      "x_val": -2.6922484153146797e-07,
      "y_val": -4.074857497471385e-05,
      "z_val": -0.014295777305960655,
      "w_val": 0.999897837638855
    },
    "linear_velocity": {
      "x_val": 1.2930972576141357,
      "y_val": -0.03206953778862953,
      "z_val": 7.449556051142281e-06
    },
    "angular_velocity": {
      "x_val": -1.7421147276763804e-05,
      "y_val": 0.0009834012016654015,
      "z_val": -0.2273661494255066
    },
    "linear_acceleration": {
      "x_val": -0.021520106121897697,
      "y_val": -0.43237555027008057,
      "z_val": 0.00024086424673441797
    },
    "angular_acceleration": {
      "x_val": -0.00017797600594349205,
      "y_val": 0.01956653594970703,
      "z_val": 0.915960967540741
    }
  },
  "timestamp": 1747815249569633300
}