{
  "speed": 1.291029453277588,
  "gear": 1,
  "rpm": 499.9655456542969,
  "maxrpm": 500.0,
  "handbrake": false,
  "kinematics_estimated": {
    "position": {
      "x_val": 3.7047529220581055,
      "y_val": -0.07769735902547836,
      "z_val": 0.0261092409491539
    },
    "orientation": {
      "x_val": -1.002393787530309e-06,
      "y_val": -6.0717535234289244e-05,
      "z_val": -0.014949174597859383,
      "w_val": 0.9998882412910461
    },
    "linear_velocity": {
      "x_val": 1.2906079292297363,
      "y_val": -0.033401090651750565,
      "z_val": -9.957390830095392e-06
    },
    "angular_velocity": {
      "x_val": 2.2360041839419864e-05,
      "y_val": -0.0019158528884872794,
      "z_val": 0.05582914501428604
    },
    "linear_acceleration": {
      "x_val": -0.0005902867997065187,
      "y_val": 0.5126838088035583,
      "z_val": -0.0003809038025792688
    },
    "angular_acceleration": {
      "x_val": 0.00018212551367469132,
      "y_val": -0.09245605021715164,
      "z_val": -8.891204833984375
    }
  },
  "timestamp": 1747815249749844100
}