{
  "speed": 1.2882442474365234,
  "gear": 1,
  "rpm": 499.9852600097656,
  "maxrpm": 500.0,
  "handbrake": false,
  "kinematics_estimated": {
    "position": {
      "x_val": 3.964820384979248,
      "y_val": -0.089142806828022,
      "z_val": 0.026083344593644142
    },
    "orientation": {
      "x_val": -2.3697455162619008e-06,
      "y_val": -6.73993126838468e-05,
      "z_val": -0.03182834014296532,
      "w_val": 0.9994933605194092
    },
    "linear_velocity": {
      "x_val": 1.2849500179290771,
      "y_val": -0.09269554913043976,
      "z_val": -9.034540198626928e-06
    },
    "angular_velocity": {
      "x_val": 1.3075155948172323e-05,
      "y_val": -0.0012662280350923538,
      "z_val": 0.2101460099220276
    },
    "linear_acceleration": {
      "x_val": 0.0011359660420566797,
      "y_val": 0.25701895356178284,
      "z_val": -0.00027995315031148493
    },
    "angular_acceleration": {
      "x_val": 0.0012680162908509374,
      "y_val": -0.031310439109802246,
      "z_val": 8.207923889160156
    }
  },
  "timestamp": 1747815249955011200
}