{
  "speed": 1.28563392162323,
  "gear": 1,
  "rpm": 499.99359130859375,
  "maxrpm": 500.0,
  "handbrake": false,
  "kinematics_estimated": {
    "position": {
      "x_val": 4.215500354766846,
      "y_val": -0.10297125577926636,
      "z_val": 0.02611384354531765
    },
    "orientation": {
      "x_val": -7.979318752404652e-07,
      "y_val": -5.247624358162284e-05,
      "z_val": -0.0037809940986335278,
      "w_val": 0.999992847442627
    },
    "linear_velocity": {
      "x_val": 1.2855796813964844,
      "y_val": -0.012036782689392567,
      "z_val": 2.366482931392966e-06
    },
    "angular_velocity": {
      "x_val": 3.6295077734394e-05,
      "y_val": 0.0005410041776485741,
      "z_val": 0.4091807007789612
    },
    "linear_acceleration": {
      "x_val": -0.004370491951704025,
      "y_val": 0.5691389441490173,
      "z_val": 0.0003353395441081375
    },
    "angular_acceleration": {
      "x_val": -0.00026325974613428116,
      "y_val": 0.038166992366313934,
      "z_val": 0.9829728007316589
    }
  },
  "timestamp": 1747815250150309400
}