{
  "speed": 0.764816403388977,
  "gear": 1,
  "rpm": 499.9970703125,
  "maxrpm": 500.0,
  "handbrake": false,
  "kinematics_estimated": {
    "position": {
      "x_val": 4.43307638168335,
      "y_val": -0.1024840921163559,
      "z_val": 0.02167745865881443
    },
    "orientation": {
      "x_val": -8.093870565062389e-05,
      "y_val": -0.009977882727980614,
      "z_val": -0.01811935380101204,
      "w_val": 0.9997860193252563
    },
    "linear_velocity": {
      "x_val": 0.7653841376304626,
      "y_val": -0.034459035843610764,
      "z_val": -0.05819174274802208
    },
    "angular_velocity": {
      "x_val": -0.004256436135619879,
      "y_val": -0.34660497307777405,
      "z_val": -0.2534634470939636
    },
    "linear_acceleration": {
      "x_val": -7.093362331390381,
      "y_val": -0.24074852466583252,
      "z_val": -0.3444564938545227
    },
    "angular_acceleration": {
      "x_val": -0.16514556109905243,
      "y_val": -2.364311695098877,
      "z_val": 3.867682456970215
    }
  },
  "timestamp": 1747815250336174700
}