{
  "speed": 0.6725053787231445,
  "gear": 1,
  "rpm": 404.5142822265625,
  "maxrpm": 500.0,
  "handbrake": false,
  "kinematics_estimated": {
    "position": {
      "x_val": 4.52089262008667,
      "y_val": -0.108100026845932,
      "z_val": 0.025809738785028458
    },
    "orientation": {
      "x_val": 8.254138083430007e-05,
      "y_val": -6.699814548483118e-05,
      "z_val": -0.011127091944217682,
      "w_val": 0.9999380707740784
    },
    "linear_velocity": {
      "x_val": 0.6722200512886047,
      "y_val": -0.02030210755765438,
      "z_val": -1.1267356967437081e-05
    },
    "angular_velocity": {
      "x_val": 0.002176225185394287,
      "y_val": 0.007054525427520275,
      "z_val": 0.4403935670852661
    },
    "linear_acceleration": {
      "x_val": 8.413873672485352,
      "y_val": -0.23461271822452545,
      "z_val": 0.013988249003887177
    },
    "angular_acceleration": {
      "x_val": -0.11595787853002548,
      "y_val": -12.673375129699707,
      "z_val": 5.205760478973389
    }
  },
  "timestamp": 1747815250548777500
}