{
  "speed": 1.2304065227508545,
  "gear": 1,
  "rpm": 427.83203125,
  "maxrpm": 500.0,
  "handbrake": false,
  "kinematics_estimated": {
    "position": {
      "x_val": 4.703824043273926,
      "y_val": -0.10977302491664886,
      "z_val": 0.026170454919338226
    },
    "orientation": {
      "x_val": 9.932837201631628e-07,
      "y_val": -3.0368793886736967e-05,
      "z_val": 0.04234262928366661,
      "w_val": 0.9991031289100647
    },
    "linear_velocity": {
      "x_val": 1.2256869077682495,
      "y_val": 0.10772585868835449,
      "z_val": 1.239655261997541e-06
    },
    "angular_velocity": {
      "x_val": -0.00014852749882265925,
      "y_val": -0.0003308290324639529,
      "z_val": 0.4339514672756195
    },
    "linear_acceleration": {
      "x_val": -0.07135171443223953,
      "y_val": 0.8270111083984375,
      "z_val": -0.004115199204534292
    },
    "angular_acceleration": {
      "x_val": 0.46727150678634644,
      "y_val": -0.1347985565662384,
      "z_val": -7.09657621383667
    }
  },
  "timestamp": 1747815250726537300
}