{
  "speed": 1.2692725759322343e-09,
  "gear": 0,
  "rpm": 20.000001907348633,
  "maxrpm": 500.0,
  "handbrake": false,
  "kinematics_estimated": {
    "position": {
      "x_val": -3.786632441915572e-05,
      "y_val": -7.439507343498519e-10,
      "z_val": 0.026155536994338036
    },
    "orientation": {
      "x_val": -4.743788695193984e-10,
      "y_val": -4.873040597885847e-05,
      "z_val": 4.5810595317163916e-09,
      "w_val": 1.0
    },
    "linear_velocity": {
      "x_val": 0.0,
      "y_val": 0.0,
      "z_val": 1.3023414794588462e-05
    },
    "angular_velocity": {
      "x_val": -1.6001814628907596e-07,
      "y_val": 0.00038887234404683113,
      "z_val": -1.006308592010896e-09
    },
    "linear_acceleration": {
      "x_val": 0.0,
      "y_val": 0.0,
      "z_val": 0.0005315440939739347
    },
    "angular_acceleration": {
      "x_val": -6.531059625558555e-06,
      "y_val": 0.015871629118919373,
      "z_val": -4.107197781877403e-08
    }
  },
  "timestamp": 1747815245498623700
}