{
  "speed": 1.22873854637146,
  "gear": 1,
  "rpm": 470.88751220703125,
  "maxrpm": 500.0,
  "handbrake": false,
  "kinematics_estimated": {
    "position": {
      "x_val": 4.967245578765869,
      "y_val": -0.07912921905517578,
      "z_val": 0.02615952491760254
    },
    "orientation": {
      "x_val": 3.297535386082018e-06,
      "y_val": -3.962760456488468e-05,
      "z_val": 0.09597349166870117,
      "w_val": 0.9953839182853699
    },
    "linear_velocity": {
      "x_val": 1.205039381980896,
      "y_val": 0.24022820591926575,
      "z_val": 8.984511623566505e-06
    },
    "angular_velocity": {
      "x_val": 4.0707873267820105e-05,
      "y_val": 0.0009412373183295131,
      "z_val": 0.4463188052177429
    },
    "linear_acceleration": {
      "x_val": -0.1291901171207428,
      "y_val": 0.6306223273277283,
      "z_val": 0.0004380021709948778
    },
    "angular_acceleration": {
      "x_val": -0.0005367480334825814,
      "y_val": 0.042821887880563736,
      "z_val": -4.617543697357178
    }
  },
  "timestamp": 1747815250942171100
}