{
  "speed": 1.06224524974823,
  "gear": 1,
  "rpm": 486.87872314453125,
  "maxrpm": 500.0,
  "handbrake": false,
  "kinematics_estimated": {
    "position": {
      "x_val": 5.191202163696289,
      "y_val": -0.030540823936462402,
      "z_val": 0.025360440835356712
    },
    "orientation": {
      "x_val": 0.00024077070702333003,
      "y_val": -0.0020440109074115753,
      "z_val": 0.14080063998699188,
      "w_val": 0.9900358319282532
    },
    "linear_velocity": {
      "x_val": 1.0185166597366333,
      "y_val": 0.30216121673583984,
      "z_val": -0.02913602441549301
    },
    "angular_velocity": {
      "x_val": -0.002433262299746275,
      "y_val": -0.17103543877601624,
      "z_val": 0.4181361496448517
    },
    "linear_acceleration": {
      "x_val": -6.875933647155762,
      "y_val": -1.4061267375946045,
      "z_val": -1.2356902360916138
    },
    "angular_acceleration": {
      "x_val": -0.10548491775989532,
      "y_val": -7.266253471374512,
      "z_val": -2.008394956588745
    }
  },
  "timestamp": 1747815251130020200
}