{
  "speed": 0.10345281660556793,
  "gear": 1,
  "rpm": 355.35284423828125,
  "maxrpm": 500.0,
  "handbrake": false,
  "kinematics_estimated": {
    "position": {
      "x_val": 5.267858982086182,
      "y_val": -0.010632812976837158,
      "z_val": 0.019050924107432365
    },
    "orientation": {
      "x_val": 0.0025103208608925343,
      "y_val": -0.014332158491015434,
      "z_val": 0.18060560524463654,
      "w_val": 0.9834479689598083
    },
    "linear_velocity": {
      "x_val": 0.09316897392272949,
      "y_val": 0.04227519407868385,
      "z_val": 0.04762353375554085
    },
    "angular_velocity": {
      "x_val": 0.022927584126591682,
      "y_val": 0.3206903636455536,
      "z_val": 0.32249853014945984
    },
    "linear_acceleration": {
      "x_val": -4.122422218322754,
      "y_val": -0.40636226534843445,
      "z_val": 0.3762339651584625
    },
    "angular_acceleration": {
      "x_val": 0.28345832228660583,
      "y_val": 2.993271827697754,
      "z_val": -9.253130912780762
    }
  },
  "timestamp": 1747815251314371800
}