{
  "speed": 0.0038913243915885687,
  "gear": 1,
  "rpm": 171.56361389160156,
  "maxrpm": 500.0,
  "handbrake": false,
  "kinematics_estimated": {
    "position": {
      "x_val": 5.2692060470581055,
      "y_val": -0.010669135488569736,
      "z_val": 0.02613920345902443
    },
    "orientation": {
      "x_val": 1.0738737728388514e-05,
      "y_val": -5.0362465117359534e-05,
      "z_val": 0.20707407593727112,
      "w_val": 0.9783252477645874
    },
    "linear_velocity": {
      "x_val": -0.006134502124041319,
      "y_val": 0.023446204140782356,
      "z_val": -4.518198238656623e-06
    },
    "angular_velocity": {
      "x_val": 4.7834742872510105e-05,
      "y_val": -0.0005839707446284592,
      "z_val": 0.3999064862728119
    },
    "linear_acceleration": {
      "x_val": 0.02248450182378292,
      "y_val": 0.1320238709449768,
      "z_val": -5.1954022637801245e-05
    },
    "angular_acceleration": {
      "x_val": 0.00042515338282100856,
      "y_val": -0.012619934976100922,
      "z_val": 3.7467079162597656
    }
  },
  "timestamp": 1747815251511859200
}