{
  "speed": 0.018145520240068436,
  "gear": 1,
  "rpm": 111.06724548339844,
  "maxrpm": 500.0,
  "handbrake": false,
  "kinematics_estimated": {
    "position": {
      "x_val": 5.271230220794678,
      "y_val": -0.01026382390409708,
      "z_val": 0.02612665668129921
    },
    "orientation": {
      "x_val": 1.3639816643262748e-05,
      "y_val": -5.412321843323298e-05,
      "z_val": 0.24342802166938782,
      "w_val": 0.969918966293335
    },
    "linear_velocity": {
      "x_val": -0.00039430015021935105,
      "y_val": 0.039162777364254,
      "z_val": -2.2908259325049585e-06
    },
    "angular_velocity": {
      "x_val": 4.6527115046046674e-05,
      "y_val": -0.0002917531819548458,
      "z_val": 0.4405522346496582
    },
    "linear_acceleration": {
      "x_val": 0.04488091170787811,
      "y_val": 0.05673903599381447,
      "z_val": 0.00014871270104777068
    },
    "angular_acceleration": {
      "x_val": -0.00030366837745532393,
      "y_val": 0.020418835803866386,
      "z_val": 0.2086801677942276
    }
  },
  "timestamp": 1747815251692022800
}