{
  "speed": 0.012920654378831387,
  "gear": 1,
  "rpm": 72.03422546386719,
  "maxrpm": 500.0,
  "handbrake": false,
  "kinematics_estimated": {
    "position": {
      "x_val": 5.273481845855713,
      "y_val": -0.008687823079526424,
      "z_val": 0.026090305298566818
    },
    "orientation": {
      "x_val": 1.8569731764728203e-05,
      "y_val": -6.200885400176048e-05,
      "z_val": 0.2854326665401459,
      "w_val": 0.9583987593650818
    },
    "linear_velocity": {
      "x_val": -0.005594297312200069,
      "y_val": 0.03217485174536705,
      "z_val": -4.297711257095216e-06
    },
    "angular_velocity": {
      "x_val": 6.85627746861428e-05,
      "y_val": -0.0005677054869011045,
      "z_val": 0.49697503447532654
    },
    "linear_acceleration": {
      "x_val": 0.017149165272712708,
      "y_val": 0.11644943803548813,
      "z_val": -1.2922487258038018e-05
    },
    "angular_acceleration": {
      "x_val": 0.0006053815013729036,
      "y_val": -0.007352143060415983,
      "z_val": 4.735723972320557
    }
  },
  "timestamp": 1747815251912970100
}