{
  "speed": 0.2658330798149109,
  "gear": 1,
  "rpm": 99.05834197998047,
  "maxrpm": 500.0,
  "handbrake": false,
  "kinematics_estimated": {
    "position": {
      "x_val": 5.2860798835754395,
      "y_val": 0.0007234231452457607,
      "z_val": 0.026145292446017265
    },
    "orientation": {
      "x_val": 1.7057036529877223e-05,
      "y_val": -4.798495865543373e-05,
      "z_val": 0.32099875807762146,
      "w_val": 0.947079598903656
    },
    "linear_velocity": {
      "x_val": 0.19617107510566711,
      "y_val": 0.18106067180633545,
      "z_val": 2.203353687946219e-05
    },
    "angular_velocity": {
      "x_val": -0.004716010298579931,
      "y_val": 0.0006838623667135835,
      "z_val": 0.3620436489582062
    },
    "linear_acceleration": {
      "x_val": -0.05422765016555786,
      "y_val": 0.06801421195268631,
      "z_val": 0.0015714297769591212
    },
    "angular_acceleration": {
      "x_val": -0.36982008814811707,
      "y_val": 0.03583257645368576,
      "z_val": -1.7154200077056885
    }
  },
  "timestamp": 1747815252100752700
}