{
  "speed": 1.1315786838531494,
  "gear": 1,
  "rpm": 263.00567626953125,
  "maxrpm": 500.0,
  "handbrake": false,
  "kinematics_estimated": {
    "position": {
      "x_val": 5.4122633934021,
      "y_val": 0.10262023657560349,
      "z_val": 0.026138590648770332
    },
    "orientation": {
      "x_val": 1.8455219105817378e-05,
      "y_val": -5.08321427332703e-05,
      "z_val": 0.3359905779361725,
      "w_val": 0.9418653249740601
    },
    "linear_velocity": {
      "x_val": 0.8731745481491089,
      "y_val": 0.7197622656822205,
      "z_val": 0.00011930564505746588
    },
    "angular_velocity": {
      "x_val": -0.0015347457956522703,
      "y_val": 0.0008208983344957232,
      "z_val": 0.06371545046567917
    },
    "linear_acceleration": {
      "x_val": -0.02711278572678566,
      "y_val": 0.014248592779040337,
      "z_val": 0.010111464187502861
    },
    "angular_acceleration": {
      "x_val": -0.14192356169223785,
      "y_val": 0.07917718589305878,
      "z_val": -1.7536424398422241
    }
  },
  "timestamp": 1747815252303639300
}