{
  "speed": 1.1297247409820557,
  "gear": 1,
  "rpm": 384.3443603515625,
  "maxrpm": 500.0,
  "handbrake": false,
  "kinematics_estimated": {
    "position": {
      "x_val": 5.562191009521484,
      "y_val": 0.22551517188549042,
      "z_val": 0.026171721518039703
    },
    "orientation": {
      "x_val": 1.3901661986892577e-05,
      "y_val": -3.749610186787322e-05,
      "z_val": 0.35452353954315186,
      "w_val": 0.9350470900535583
    },
    "linear_velocity": {
      "x_val": 0.8423233032226562,
      "y_val": 0.7528586387634277,
      "z_val": -3.5204325286031235e-06
    },
    "angular_velocity": {
      "x_val": 2.82834553217981e-05,
      "y_val": -0.00028662889963015914,
      "z_val": 0.31136220693588257
    },
    "linear_acceleration": {
      "x_val": -0.2744711637496948,
      "y_val": 0.2992442548274994,
      "z_val": -0.0005253301933407784
    },
    "angular_acceleration": {
      "x_val": 7.204113353509456e-05,
      "y_val": -0.059336695820093155,
      "z_val": -0.9691823720932007
    }
  },
  "timestamp": 1747815252477194800
}