{
  "speed": 1.3109099864959717,
  "gear": 1,
  "rpm": 448.6236572265625,
  "maxrpm": 500.0,
  "handbrake": false,
  "kinematics_estimated": {
    "position": {
      "x_val": 5.7323808670043945,
      "y_val": 0.38194581866264343,
      "z_val": 0.026107368990778923
    },
    "orientation": {
      "x_val": 1.7162019503302872e-05,
      "y_val": -4.090092261321843e-05,
      "z_val": 0.39802202582359314,
      "w_val": 0.9173758625984192
    },
    "linear_velocity": {
      "x_val": 0.8975334167480469,
      "y_val": 0.9554716944694519,
      "z_val": -1.0810654202941805e-06
    },
    "angular_velocity": {
      "x_val": -0.00010211220069322735,
      "y_val": -0.00027596543077379465,
      "z_val": 0.5581241250038147
    },
    "linear_acceleration": {
      "x_val": -0.6561640501022339,
      "y_val": 0.6090250015258789,
      "z_val": -0.0031901884358376265
    },
    "angular_acceleration": {
      "x_val": 0.31164705753326416,
      "y_val": -0.056298546493053436,
      "z_val": 0.4968305230140686
    }
  },
  "timestamp": 1747815252672030200
}