{
  "speed": 0.4559156000614166,
  "gear": 1,
  "rpm": 450.4395751953125,
  "maxrpm": 500.0,
  "handbrake": false,
  "kinematics_estimated": {
    "position": {
      "x_val": 5.8865838050842285,
      "y_val": 0.5526559352874756,
      "z_val": 0.017582478001713753
    },
    "orientation": {
      "x_val": 0.007881136611104012,
      "y_val": -0.016445603221654892,
      "z_val": 0.44865116477012634,
      "w_val": 0.8935208916664124
    },
    "linear_velocity": {
      "x_val": 0.26148101687431335,
      "y_val": 0.376641184091568,
      "z_val": -0.055832430720329285
    },
    "angular_velocity": {
      "x_val": 0.011190120130777359,
      "y_val": -0.415146142244339,
      "z_val": 0.6082896590232849
    },
    "linear_acceleration": {
      "x_val": -5.45762300491333,
      "y_val": -6.344779014587402,
      "z_val": 0.01259409636259079
    },
    "angular_acceleration": {
      "x_val": 0.20273704826831818,
      "y_val": -5.787439823150635,
      "z_val": 8.800332069396973
    }
  },
  "timestamp": 1747815252894699100
}