{
  "speed": -0.007775535341352224,
  "gear": 1,
  "rpm": 255.9835205078125,
  "maxrpm": 500.0,
  "handbrake": false,
  "kinematics_estimated": {
    "position": {
      "x_val": 5.903759956359863,
      "y_val": 0.5702334642410278,
      "z_val": 0.02608947642147541
    },
    "orientation": {
      "x_val": 6.487988139269873e-05,
      "y_val": -0.00011366164835635573,
      "z_val": 0.476700097322464,
      "w_val": 0.879065990447998
    },
    "linear_velocity": {
      "x_val": -0.01820429414510727,
      "y_val": 0.0025715690571814775,
      "z_val": -0.00028450816171243787
    },
    "angular_velocity": {
      "x_val": 0.0015341929392889142,
      "y_val": 0.29213035106658936,
      "z_val": 0.22345146536827087
    },
    "linear_acceleration": {
      "x_val": -0.37345394492149353,
      "y_val": -0.5609735250473022,
      "z_val": -3.0688517093658447
    },
    "angular_acceleration": {
      "x_val": -0.11900127679109573,
      "y_val": -2.4021313190460205,
      "z_val": 1.9768716096878052
    }
  },
  "timestamp": 1747815253072197500
}