{
  "speed": 0.008971953764557838,
  "gear": 1,
  "rpm": 139.36012268066406,
  "maxrpm": 500.0,
  "handbrake": false,
  "kinematics_estimated": {
    "position": {
      "x_val": 5.904720306396484,
      "y_val": 0.5700761675834656,
      "z_val": 0.02617805078625679
    },
    "orientation": {
      "x_val": 2.1012285287724808e-05,
      "y_val": -3.596230817493051e-05,
      "z_val": 0.507678747177124,
      "w_val": 0.8615464568138123
    },
    "linear_velocity": {
      "x_val": -0.02427835389971733,
      "y_val": 0.02370363660156727,
      "z_val": 1.4670253221993335e-05
    },
    "angular_velocity": {
      "x_val": -2.9051152523607016e-06,
      "y_val": 0.002013407414779067,
      "z_val": 0.45298871397972107
    },
    "linear_acceleration": {
      "x_val": -0.043163541704416275,
      "y_val": 0.1070636585354805,
      "z_val": 0.0014082415727898479
    },
    "angular_acceleration": {
      "x_val": -0.004807273391634226,
      "y_val": 0.21048104763031006,
      "z_val": -4.628620147705078
    }
  },
  "timestamp": 1747815253266417000
}