{
  "speed": 0.013508962467312813,
  "gear": 1,
  "rpm": 96.45040893554688,
  "maxrpm": 500.0,
  "handbrake": false,
  "kinematics_estimated": {
    "position": {
      "x_val": 5.905947208404541,
      "y_val": 0.5725520253181458,
      "z_val": 0.02615746669471264
    },
    "orientation": {
      "x_val": 2.4047703846008517e-05,
      "y_val": -4.1407165554119274e-05,
      "z_val": 0.5407253503799438,
      "w_val": 0.8411992192268372
    },
    "linear_velocity": {
      "x_val": -0.02800995483994484,
      "y_val": 0.027634572237730026,
      "z_val": -2.15605680864428e-07
    },
    "angular_velocity": {
      "x_val": -0.00014310712867882103,
      "y_val": 7.066790203680284e-06,
      "z_val": 0.24920670688152313
    },
    "linear_acceleration": {
      "x_val": -0.1481943577528,
      "y_val": -0.30870166420936584,
      "z_val": 6.400327947631013e-06
    },
    "angular_acceleration": {
      "x_val": -0.007283123210072517,
      "y_val": 0.0031845024786889553,
      "z_val": -8.403620719909668
    }
  },
  "timestamp": 1747815253444452900
}