{
  "speed": 0.6238335371017456,
  "gear": 1,
  "rpm": 183.37158203125,
  "maxrpm": 500.0,
  "handbrake": false,
  "kinematics_estimated": {
    "position": {
      "x_val": 5.931182384490967,
      "y_val": 0.6298146843910217,
      "z_val": 0.02606540359556675
    },
    "orientation": {
      "x_val": 3.488877337076701e-05,
      "y_val": -4.645395529223606e-05,
      "z_val": 0.5730208158493042,
      "w_val": 0.819540798664093
    },
    "linear_velocity": {
      "x_val": 0.19811344146728516,
      "y_val": 0.5917864441871643,
      "z_val": 4.713157977676019e-05
    },
    "angular_velocity": {
      "x_val": -0.011926213279366493,
      "y_val": 0.0011532153002917767,
      "z_val": 0.6554453372955322
    },
    "linear_acceleration": {
      "x_val": -0.6303269267082214,
      "y_val": 0.23379506170749664,
      "z_val": 0.004273873288184404
    },
    "angular_acceleration": {
      "x_val": -0.980280876159668,
      "y_val": 0.13596731424331665,
      "z_val": 0.46674448251724243
    }
  },
  "timestamp": 1747815253635177900
}