{
  "speed": 1.2409288883209229,
  "gear": 1,
  "rpm": 338.27532958984375,
  "maxrpm": 500.0,
  "handbrake": false,
  "kinematics_estimated": {
    "position": {
      "x_val": 6.0020012855529785,
      "y_val": 0.8495534658432007,
      "z_val": 0.026175210252404213
    },
    "orientation": {
      "x_val": 2.0748067981912754e-05,
      "y_val": -2.6321582481614314e-05,
      "z_val": 0.6295146942138672,
      "w_val": 0.7769885659217834
    },
    "linear_velocity": {
      "x_val": 0.24974799156188965,
      "y_val": 1.215562343597412,
      "z_val": 1.0523506716708653e-05
    },
    "angular_velocity": {
      "x_val": 3.126377851003781e-05,
      "y_val": 0.0004891201970167458,
      "z_val": 0.41273513436317444
    },
    "linear_acceleration": {
      "x_val": -0.6514410972595215,
      "y_val": 0.13432759046554565,
      "z_val": 0.00027415883960202336
    },
    "angular_acceleration": {
      "x_val": -0.00037823099410161376,
      "y_val": 0.03200029209256172,
      "z_val": -9.667348861694336
    }
  },
  "timestamp": 1747815253849155700
}