{
  "speed": 1.2394649982452393,
  "gear": 1,
  "rpm": 427.6009521484375,
  "maxrpm": 500.0,
  "handbrake": false,
  "kinematics_estimated": {
    "position": {
      "x_val": 6.0453691482543945,
      "y_val": 1.0825382471084595,
      "z_val": 0.02612975984811783
    },
    "orientation": {
      "x_val": 3.0244915251387283e-05,
      "y_val": -3.48852772731334e-05,
      "z_val": 0.6651687026023865,
      "w_val": 0.7466931343078613
    },
    "linear_velocity": {
      "x_val": 0.1389201581478119,
      "y_val": 1.2316609621047974,
      "z_val": 4.097004421055317e-06
    },
    "angular_velocity": {
      "x_val": 4.75374108646065e-05,
      "y_val": 0.0005385316908359528,
      "z_val": 0.4821817874908447
    },
    "linear_acceleration": {
      "x_val": -0.633797824382782,
      "y_val": 0.0668618381023407,
      "z_val": 0.00015261088265106082
    },
    "angular_acceleration": {
      "x_val": 6.003858652547933e-05,
      "y_val": 0.014456949196755886,
      "z_val": -1.4199550151824951
    }
  },
  "timestamp": 1747815254038802900
}