{
  "speed": 0.2833031117916107,
  "gear": 1,
  "rpm": 410.63720703125,
  "maxrpm": 500.0,
  "handbrake": false,
  "kinematics_estimated": {
    "position": {
      "x_val": 6.064166069030762,
      "y_val": 1.2630510330200195,
      "z_val": 0.016359150409698486
    },
    "orientation": {
      "x_val": 0.014098524115979671,
      "y_val": -0.01469330582767725,
      "z_val": 0.7009018063545227,
      "w_val": 0.712967038154602
    },
    "linear_velocity": {
      "x_val": -0.017499934881925583,
      "y_val": 0.2856617569923401,
      "z_val": -0.04376769810914993
    },
    "angular_velocity": {
      "x_val": 0.02032656781375408,
      "y_val": -0.29362404346466064,
      "z_val": 0.44327178597450256
    },
    "linear_acceleration": {
      "x_val": -0.5305951833724976,
      "y_val": -6.325527191162109,
      "z_val": 0.5129621624946594
    },
    "angular_acceleration": {
      "x_val": 0.48610416054725647,
      "y_val": 1.779380202293396,
      "z_val": -1.4437954425811768
    }
  },
  "timestamp": 1747815254249525600
}