{
  "speed": 0.00047347447252832353,
  "gear": 1,
  "rpm": 202.22459411621094,
  "maxrpm": 500.0,
  "handbrake": false,
  "kinematics_estimated": {
    "position": {
      "x_val": 6.066689968109131,
      "y_val": 1.2764085531234741,
      "z_val": 0.026156527921557426
    },
    "orientation": {
      "x_val": 3.511230897856876e-05,
      "y_val": -3.3689608244458213e-05,
      "z_val": 0.7227491736412048,
      "w_val": 0.6911104321479797
    },
    "linear_velocity": {
      "x_val": -0.019376512616872787,
      "y_val": -0.00039368506986647844,
      "z_val": 9.511564712738618e-06
    },
    "angular_velocity": {
      "x_val": 3.0959177820477635e-05,
      "y_val": 0.0013458695029839873,
      "z_val": 0.2960130274295807
    },
    "linear_acceleration": {
      "x_val": 0.03343699499964714,
      "y_val": 0.07173249125480652,
      "z_val": 0.0009431872167624533
    },
    "angular_acceleration": {
      "x_val": -0.0006199776544235647,
      "y_val": 0.09738174080848694,
      "z_val": 1.722549319267273
    }
  },
  "timestamp": 1747815254456107400
}