{
  "speed": 0.015943195670843124,
  "gear": 1,
  "rpm": 120.21080780029297,
  "maxrpm": 500.0,
  "handbrake": false,
  "kinematics_estimated": {
    "position": {
      "x_val": 6.067571640014648,
      "y_val": 1.2781370878219604,
      "z_val": 0.026140624657273293
    },
    "orientation": {
      "x_val": 3.836797986878082e-05,
      "y_val": -3.417387051740661e-05,
      "z_val": 0.7505172491073608,
      "w_val": 0.6608508825302124
    },
    "linear_velocity": {
      "x_val": -0.038522809743881226,
      "y_val": 0.011157752014696598,
      "z_val": 2.1318610379239544e-05
    },
    "angular_velocity": {
      "x_val": -1.9230392354074866e-06,
      "y_val": 0.0029013899620622396,
      "z_val": 0.5146021842956543
    },
    "linear_acceleration": {
      "x_val": -0.12292242050170898,
      "y_val": 0.057883042842149734,
      "z_val": 0.00138483673799783
    },
    "angular_acceleration": {
      "x_val": -0.005107354838401079,
      "y_val": 0.19924721121788025,
      "z_val": -6.417200565338135
    }
  },
  "timestamp": 1747815254642194400
}