{
  "speed": 4.4528395193310644e-08,
  "gear": 0,
  "rpm": 20.000001907348633,
  "maxrpm": 500.0,
  "handbrake": false,
  "kinematics_estimated": {
    "position": {
      "x_val": -3.7933437852188945e-05,
      "y_val": -7.198082130344119e-10,
      "z_val": 0.026168104261159897
    },
    "orientation": {
      "x_val": -8.492229836010168e-11,
      "y_val": -4.499526403378695e-05,
      "z_val": 4.4845100966028895e-09,
      "w_val": 1.0
    },
    "linear_velocity": {
      "x_val": 4.4202113969049606e-08,
      "y_val": 3.9937052891624546e-16,
      "z_val": 3.625713816290954e-06
    },
    "angular_velocity": {
      "x_val": -4.064573744244626e-08,
      "y_val": 0.00042715235031209886,
      "z_val": 3.2709078501280686e-11
    },
    "linear_acceleration": {
      "x_val": 1.1303690371278208e-05,
      "y_val": 1.01375146070639e-13,
      "z_val": -2.363290150242392e-05
    },
    "angular_acceleration": {
      "x_val": 2.9972186439408688e-06,
      "y_val": -0.006385771092027426,
      "z_val": -2.5743215559259625e-08
    }
  },
  "timestamp": 1747815245884585100
}