{
  "speed": 0.007325213402509689,
  "gear": 1,
  "rpm": 83.66617584228516,
  "maxrpm": 500.0,
  "handbrake": false,
  "kinematics_estimated": {
    "position": {
      "x_val": 6.066470623016357,
      "y_val": 1.2806708812713623,
      "z_val": 0.026120388880372047
    },
    "orientation": {
      "x_val": 4.642491330741905e-05,
      "y_val": -3.7947349483147264e-05,
      "z_val": 0.773359477519989,
      "w_val": 0.6339677572250366
    },
    "linear_velocity": {
      "x_val": -0.025915708392858505,
      "y_val": 0.0022857480216771364,
      "z_val": -7.937376722111367e-06
    },
    "angular_velocity": {
      "x_val": 0.0001163178967544809,
      "y_val": -0.0011177296983078122,
      "z_val": 0.3018929958343506
    },
    "linear_acceleration": {
      "x_val": 0.15863768756389618,
      "y_val": 0.09876473993062973,
      "z_val": -0.0009435483952984214
    },
    "angular_acceleration": {
      "x_val": 0.0001929017307702452,
      "y_val": -0.12233605235815048,
      "z_val": 4.058037281036377
    }
  },
  "timestamp": 1747815254829252900
}