{
  "speed": 0.01406911201775074,
  "gear": 1,
  "rpm": 64.86767578125,
  "maxrpm": 500.0,
  "handbrake": false,
  "kinematics_estimated": {
    "position": {
      "x_val": 6.066233158111572,
      "y_val": 1.2839537858963013,
      "z_val": 0.02616632916033268
    },
    "orientation": {
      "x_val": 3.5136199585394934e-05,
      "y_val": -2.8912465495523065e-05,
      "z_val": 0.8014851212501526,
      "w_val": 0.5980147123336792
    },
    "linear_velocity": {
      "x_val": -0.03932838514447212,
      "y_val": 0.0029940393287688494,
      "z_val": 1.1853890100610442e-05
    },
    "angular_velocity": {
      "x_val": -0.00022212554176803678,
      "y_val": 0.0017710388638079166,
      "z_val": 0.3316343426704407
    },
    "linear_acceleration": {
      "x_val": 0.0976853296160698,
      "y_val": -0.4817550778388977,
      "z_val": 0.0012451387010514736
    },
    "angular_acceleration": {
      "x_val": -0.01678418181836605,
      "y_val": 0.19432540237903595,
      "z_val": -12.27506160736084
    }
  },
  "timestamp": 1747815255031621800
}