{
  "speed": 0.5855269432067871,
  "gear": 1,
  "rpm": 122.71150207519531,
  "maxrpm": 500.0,
  "handbrake": false,
  "kinematics_estimated": {
    "position": {
      "x_val": 6.05411958694458,
      "y_val": 1.3233174085617065,
      "z_val": 0.025844939053058624
    },
    "orientation": {
      "x_val": 0.00011860149243148044,
      "y_val": 5.8454508689465e-05,
      "z_val": 0.8205335736274719,
      "w_val": 0.5715983510017395
    },
    "linear_velocity": {
      "x_val": -0.21430645883083344,
      "y_val": 0.5450339317321777,
      "z_val": -3.819156336248852e-05
    },
    "angular_velocity": {
      "x_val": 0.01127637829631567,
      "y_val": -0.0013362140161916614,
      "z_val": 0.7504860162734985
    },
    "linear_acceleration": {
      "x_val": -3.2523751258850098,
      "y_val": 9.1748046875,
      "z_val": -0.003467693692073226
    },
    "angular_acceleration": {
      "x_val": 0.8777417540550232,
      "y_val": -0.11725594103336334,
      "z_val": 16.041996002197266
    }
  },
  "timestamp": 1747815255218452100
}