{
  "speed": 1.3164863586425781,
  "gear": 1,
  "rpm": 299.4880065917969,
  "maxrpm": 500.0,
  "handbrake": false,
  "kinematics_estimated": {
    "position": {
      "x_val": 5.979161739349365,
      "y_val": 1.5079307556152344,
      "z_val": 0.026150863617658615
    },
    "orientation": {
      "x_val": 2.1135207134648226e-05,
      "y_val": -1.0930105418083258e-05,
      "z_val": 0.8584102392196655,
      "w_val": 0.5129638314247131
    },
    "linear_velocity": {
      "x_val": -0.6199023127555847,
      "y_val": 1.161410927772522,
      "z_val": 6.638937338721007e-05
    },
    "angular_velocity": {
      "x_val": -0.009176727384328842,
      "y_val": 0.0021684288512915373,
      "z_val": 0.6726915836334229
    },
    "linear_acceleration": {
      "x_val": -1.3532114028930664,
      "y_val": -0.7194557189941406,
      "z_val": 0.0061796847730875015
    },
    "angular_acceleration": {
      "x_val": -0.8679146766662598,
      "y_val": 0.18898531794548035,
      "z_val": -5.9121599197387695
    }
  },
  "timestamp": 1747815255417927300
}