{
  "speed": 1.3148348331451416,
  "gear": 1,
  "rpm": 408.66302490234375,
  "maxrpm": 500.0,
  "handbrake": false,
  "kinematics_estimated": {
    "position": {
      "x_val": 5.8569207191467285,
      "y_val": 1.7215598821640015,
      "z_val": 0.02611647918820381
    },
    "orientation": {
      "x_val": 4.294788232073188e-05,
      "y_val": -2.3550435798824765e-05,
      "z_val": 0.8820479512214661,
      "w_val": 0.4711596369743347
    },
    "linear_velocity": {
      "x_val": -0.7327633500099182,
      "y_val": 1.0917201042175293,
      "z_val": -1.332263877884543e-06
    },
    "angular_velocity": {
      "x_val": 4.7942470700945705e-05,
      "y_val": -9.525722998660058e-05,
      "z_val": 0.5527666807174683
    },
    "linear_acceleration": {
      "x_val": -0.5823007822036743,
      "y_val": -0.3996508717536926,
      "z_val": 0.0002662832266651094
    },
    "angular_acceleration": {
      "x_val": -0.00046214545727707446,
      "y_val": 0.029290419071912766,
      "z_val": 3.8177292346954346
    }
  },
  "timestamp": 1747815255608538100
}