{
  "speed": 1.3129100799560547,
  "gear": 1,
  "rpm": 459.1424560546875,
  "maxrpm": 500.0,
  "handbrake": false,
  "kinematics_estimated": {
    "position": {
      "x_val": 5.712536811828613,
      "y_val": 1.9272221326828003,
      "z_val": 0.026096973568201065
    },
    "orientation": {
      "x_val": 4.7168388846330345e-05,
      "y_val": -2.326925823581405e-05,
      "z_val": 0.9024456739425659,
      "w_val": 0.43080368638038635
    },
    "linear_velocity": {
      "x_val": -0.8253621459007263,
      "y_val": 1.0210340023040771,
      "z_val": 3.3021205769756534e-09
    },
    "angular_velocity": {
      "x_val": 5.40645960427355e-05,
      "y_val": 0.000174372224137187,
      "z_val": 0.5451252460479736
    },
    "linear_acceleration": {
      "x_val": -0.5431472063064575,
      "y_val": -0.4489322006702423,
      "z_val": 0.000187993748113513
    },
    "angular_acceleration": {
      "x_val": 0.0005309288972057402,
      "y_val": 0.022334987297654152,
      "z_val": 2.750074863433838
    }
  },
  "timestamp": 1747815255800189800
}