{
  "speed": 1.0154372453689575,
  "gear": 1,
  "rpm": 480.6567687988281,
  "maxrpm": 500.0,
  "handbrake": false,
  "kinematics_estimated": {
    "position": {
      "x_val": 5.567748546600342,
      "y_val": 2.099703073501587,
      "z_val": 0.024274175986647606
    },
    "orientation": {
      "x_val": 0.004012814722955227,
      "y_val": -0.001782434294000268,
      "z_val": 0.9194380640983582,
      "w_val": 0.3932103216648102
    },
    "linear_velocity": {
      "x_val": -0.7066967487335205,
      "y_val": 0.7297908067703247,
      "z_val": -0.04345737397670746
    },
    "angular_velocity": {
      "x_val": 0.0012757231015712023,
      "y_val": -0.2123374044895172,
      "z_val": 0.350273072719574
    },
    "linear_acceleration": {
      "x_val": 3.736976385116577,
      "y_val": -4.648339748382568,
      "z_val": -0.6807723641395569
    },
    "angular_acceleration": {
      "x_val": 0.15107952058315277,
      "y_val": -0.989749550819397,
      "z_val": -4.93927001953125
    }
  },
  "timestamp": 1747815255976752600
}