{
  "speed": 0.07525771111249924,
  "gear": 1,
  "rpm": 333.9980773925781,
  "maxrpm": 500.0,
  "handbrake": false,
  "kinematics_estimated": {
    "position": {
      "x_val": 5.517662525177002,
      "y_val": 2.157355785369873,
      "z_val": 0.02077629417181015
    },
    "orientation": {
      "x_val": 0.010202871635556221,
      "y_val": -0.0039576198905706406,
      "z_val": 0.9353838562965393,
      "w_val": 0.3534647226333618
    },
    "linear_velocity": {
      "x_val": -0.05412117391824722,
      "y_val": 0.05002490058541298,
      "z_val": 0.0729435533285141
    },
    "angular_velocity": {
      "x_val": 0.014484215527772903,
      "y_val": 0.418368935585022,
      "z_val": 0.2823832929134369
    },
    "linear_acceleration": {
      "x_val": 1.4205880165100098,
      "y_val": -2.7712295055389404,
      "z_val": 0.07904539257287979
    },
    "angular_acceleration": {
      "x_val": -0.1306927502155304,
      "y_val": 1.7086292505264282,
      "z_val": -5.917367458343506
    }
  },
  "timestamp": 1747815256175584100
}