{
  "speed": -4.266594987711869e-05,
  "gear": 1,
  "rpm": 171.8602294921875,
  "maxrpm": 500.0,
  "handbrake": false,
  "kinematics_estimated": {
    "position": {
      "x_val": 5.518392562866211,
      "y_val": 2.1580567359924316,
      "z_val": 0.026094017550349236
    },
    "orientation": {
      "x_val": 5.99051927565597e-05,
      "y_val": -2.0683430193457752e-05,
      "z_val": 0.9438871145248413,
      "w_val": 0.33026817440986633
    },
    "linear_velocity": {
      "x_val": -0.013806799426674843,
      "y_val": -0.0173824280500412,
      "z_val": -1.3480130292009562e-05
    },
    "angular_velocity": {
      "x_val": 7.347589416895062e-05,
      "y_val": -0.0018555994611233473,
      "z_val": 0.40988588333129883
    },
    "linear_acceleration": {
      "x_val": -0.1252547651529312,
      "y_val": -0.03530260920524597,
      "z_val": -0.0005717577296309173
    },
    "angular_acceleration": {
      "x_val": 0.0018825415754690766,
      "y_val": -0.08361755311489105,
      "z_val": 6.526578903198242
    }
  },
  "timestamp": 1747815256361180900
}