{
  "speed": 0.6841681599617004,
  "gear": 1,
  "rpm": 220.9481964111328,
  "maxrpm": 500.0,
  "handbrake": false,
  "kinematics_estimated": {
    "position": {
      "x_val": 5.458937644958496,
      "y_val": 2.2035329341888428,
      "z_val": 0.026097888126969337
    },
    "orientation": {
      "x_val": 4.839139000978321e-05,
      "y_val": -1.3628938177134842e-05,
      "z_val": 0.9579522013664246,
      "w_val": 0.28692784905433655
    },
    "linear_velocity": {
      "x_val": -0.5811201930046082,
      "y_val": 0.3615114390850067,
      "z_val": 1.4507891137327533e-05
    },
    "angular_velocity": {
      "x_val": -0.005784661043435335,
      "y_val": -0.00037831495865248144,
      "z_val": 0.6024383306503296
    },
    "linear_acceleration": {
      "x_val": -0.35510456562042236,
      "y_val": -0.5363554954528809,
      "z_val": 0.0016899907495826483
    },
    "angular_acceleration": {
      "x_val": -0.48775964975357056,
      "y_val": -0.0056487806141376495,
      "z_val": 2.833380937576294
    }
  },
  "timestamp": 1747815256570990000
}