{
  "speed": -1.7031281629442674e-07,
  "gear": 0,
  "rpm": 20.000001907348633,
  "maxrpm": 500.0,
  "handbrake": false,
  "kinematics_estimated": {
    "position": {
      "x_val": -3.8009478885214776e-05,
      "y_val": -7.210996799678071e-10,
      "z_val": 0.02617967315018177
    },
    "orientation": {
      "x_val": -3.4504804569124303e-10,
      "y_val": -4.186480146017857e-05,
      "z_val": 4.456285118692449e-09,
      "w_val": 1.0
    },
    "linear_velocity": {
      "x_val": -1.709036752117754e-07,
      "y_val": -1.521206798764732e-15,
      "z_val": 7.05685670254752e-06
    },
    "angular_velocity": {
      "x_val": -1.3328855175132048e-07,
      "y_val": 0.0008157651172950864,
      "z_val": 5.271843517284935e-10
    },
    "linear_acceleration": {
      "x_val": -7.5785410444950685e-06,
      "y_val": -6.745629445650825e-14,
      "z_val": 0.0004904232337139547
    },
    "angular_acceleration": {
      "x_val": -1.3450897313305177e-05,
      "y_val": 0.06328997015953064,
      "z_val": 9.634894126975269e-08
    }
  },
  "timestamp": 1747815246080776700
}