{
  "speed": 1.2898861169815063,
  "gear": 1,
  "rpm": 342.2491149902344,
  "maxrpm": 500.0,
  "handbrake": false,
  "kinematics_estimated": {
    "position": {
      "x_val": 5.283287048339844,
      "y_val": 2.3122873306274414,
      "z_val": 0.026169950142502785
    },
    "orientation": {
      "x_val": 3.164224835927598e-05,
      "y_val": -7.783560249663424e-06,
      "z_val": 0.9738587737083435,
      "w_val": 0.22715425491333008
    },
    "linear_velocity": {
      "x_val": -1.1592851877212524,
      "y_val": 0.5655941367149353,
      "z_val": 8.054526006162632e-06
    },
    "angular_velocity": {
      "x_val": 2.761112409643829e-05,
      "y_val": 9.75710354396142e-05,
      "z_val": 0.550525963306427
    },
    "linear_acceleration": {
      "x_val": -0.4150945544242859,
      "y_val": -0.8498096466064453,
      "z_val": 0.0005960116977803409
    },
    "angular_acceleration": {
      "x_val": 0.011275417171418667,
      "y_val": 0.0536356121301651,
      "z_val": -5.858118057250977
    }
  },
  "timestamp": 1747815256750985400
}