{
  "speed": 1.2881306409835815,
  "gear": 1,
  "rpm": 433.2047119140625,
  "maxrpm": 500.0,
  "handbrake": false,
  "kinematics_estimated": {
    "position": {
      "x_val": 5.043466091156006,
      "y_val": 2.422109365463257,
      "z_val": 0.026163490489125252
    },
    "orientation": {
      "x_val": 3.9123569877119735e-05,
      "y_val": -7.4989993663621135e-06,
      "z_val": 0.9838300943374634,
      "w_val": 0.179104283452034
    },
    "linear_velocity": {
      "x_val": -1.2074344158172607,
      "y_val": 0.44879087805747986,
      "z_val": 2.7570655447561876e-07
    },
    "angular_velocity": {
      "x_val": 3.9557293348480016e-05,
      "y_val": 3.0326043997774832e-05,
      "z_val": 0.4288419485092163
    },
    "linear_acceleration": {
      "x_val": -0.19843527674674988,
      "y_val": -0.5497856736183167,
      "z_val": -8.066845475696027e-05
    },
    "angular_acceleration": {
      "x_val": -0.0005438931402750313,
      "y_val": -0.010173274204134941,
      "z_val": -1.238303303718567
    }
  },
  "timestamp": 1747815256954089000
}