{
  "speed": 1.2865040302276611,
  "gear": 1,
  "rpm": 468.011474609375,
  "maxrpm": 500.0,
  "handbrake": false,
  "kinematics_estimated": {
    "position": {
      "x_val": 4.8304972648620605,
      "y_val": 2.4975757598876953,
      "z_val": 0.026176098734140396
    },
    "orientation": {
      "x_val": 3.702127651195042e-05,
      "y_val": -5.580321158049628e-06,
      "z_val": 0.9900902509689331,
      "w_val": 0.1404324620962143
    },
    "linear_velocity": {
      "x_val": -1.2374681234359741,
      "y_val": 0.35185661911964417,
      "z_val": 2.4365698436668026e-07
    },
    "angular_velocity": {
      "x_val": 4.2403305997140706e-05,
      "y_val": 5.261794285615906e-05,
      "z_val": 0.4059946537017822
    },
    "linear_acceleration": {
      "x_val": -0.14834485948085785,
      "y_val": -0.5427260994911194,
      "z_val": -0.00043111375998705626
    },
    "angular_acceleration": {
      "x_val": 0.000772017112467438,
      "y_val": -0.04926559329032898,
      "z_val": -1.4675897359848022
    }
  },
  "timestamp": 1747815257128688700
}