{
  "speed": 1.2846548557281494,
  "gear": 1,
  "rpm": 486.13385009765625,
  "maxrpm": 500.0,
  "handbrake": false,
  "kinematics_estimated": {
    "position": {
      "x_val": 4.5825300216674805,
      "y_val": 2.5630083084106445,
      "z_val": 0.026149343699216843
    },
    "orientation": {
      "x_val": 4.278180858818814e-05,
      "y_val": -4.549031018541427e-06,
      "z_val": 0.9952884316444397,
      "w_val": 0.0969584658741951
    },
    "linear_velocity": {
      "x_val": -1.2613296508789062,
      "y_val": 0.24372948706150055,
      "z_val": -2.670181856956333e-06
    },
    "angular_velocity": {
      "x_val": 5.6116070481948555e-05,
      "y_val": -0.0002930469927377999,
      "z_val": 0.4961695969104767
    },
    "linear_acceleration": {
      "x_val": -0.11772771179676056,
      "y_val": -0.6459392309188843,
      "z_val": -0.0005364681128412485
    },
    "angular_acceleration": {
      "x_val": 0.0008871170575730503,
      "y_val": -0.06042291969060898,
      "z_val": 3.434199810028076
    }
  },
  "timestamp": 1747815257329392500
}