{
  "speed": 1.2829082012176514,
  "gear": 1,
  "rpm": 493.6319274902344,
  "maxrpm": 500.0,
  "handbrake": false,
  "kinematics_estimated": {
    "position": {
      "x_val": 4.3482770919799805,
      "y_val": 2.604191780090332,
      "z_val": 0.026090087369084358
    },
    "orientation": {
      "x_val": 5.455354039440863e-05,
      "y_val": -3.6323849599284586e-06,
      "z_val": 0.998477041721344,
      "w_val": 0.055168263614177704
    },
    "linear_velocity": {
      "x_val": -1.2751306295394897,
      "y_val": 0.14105167984962463,
      "z_val": -4.243931925884681e-06
    },
    "angular_velocity": {
      "x_val": 6.966898945393041e-05,
      "y_val": -0.0003371041966602206,
      "z_val": 0.5673394799232483
    },
    "linear_acceleration": {
      "x_val": -0.06865975260734558,
      "y_val": -0.6917275786399841,
      "z_val": -0.0005100466078147292
    },
    "angular_acceleration": {
      "x_val": 0.0018359953537583351,
      "y_val": -0.05730122700333595,
      "z_val": 5.567008972167969
    }
  },
  "timestamp": 1747815257519786800
}