{
  "speed": 1.2810715436935425,
  "gear": 1,
  "rpm": 497.13067626953125,
  "maxrpm": 500.0,
  "handbrake": false,
  "kinematics_estimated": {
    "position": {
      "x_val": 4.106289863586426,
      "y_val": 2.625591278076172,
      "z_val": 0.026178592815995216
    },
    "orientation": {
      "x_val": 3.53788782376796e-05,
      "y_val": -8.51202457852196e-07,
      "z_val": 0.9999510645866394,
      "w_val": 0.009891987778246403
    },
    "linear_velocity": {
      "x_val": -1.2809133529663086,
      "y_val": 0.020674053579568863,
      "z_val": 1.534901457489468e-05
    },
    "angular_velocity": {
      "x_val": 4.445630474947393e-05,
      "y_val": 0.0016389767406508327,
      "z_val": 0.45152547955513
    },
    "linear_acceleration": {
      "x_val": -0.007692281622439623,
      "y_val": -0.7433668375015259,
      "z_val": 0.0008482662960886955
    },
    "angular_acceleration": {
      "x_val": -0.00011231702956138179,
      "y_val": 0.08680518716573715,
      "z_val": -6.75488805770874
    }
  },
  "timestamp": 1747815257705168900
}