{
  "speed": 0.7819189429283142,
  "gear": 1,
  "rpm": 497.4349365234375,
  "maxrpm": 500.0,
  "handbrake": false,
  "kinematics_estimated": {
    "position": {
      "x_val": 3.8917486667633057,
      "y_val": 2.6263914108276367,
      "z_val": 0.022021885961294174
    },
    "orientation": {
      "x_val": -0.009277530945837498,
      "y_val": -0.0001297653652727604,
      "z_val": -0.9994141459465027,
      "w_val": 0.032943665981292725
    },
    "linear_velocity": {
      "x_val": -0.7808612585067749,
      "y_val": -0.05994246527552605,
      "z_val": -0.057134561240673065
    },
    "angular_velocity": {
      "x_val": 0.0007888451218605042,
      "y_val": -0.3442975878715515,
      "z_val": 0.4613630771636963
    },
    "linear_acceleration": {
      "x_val": 7.179793357849121,
      "y_val": -0.044155556708574295,
      "z_val": -0.4534375071525574
    },
    "angular_acceleration": {
      "x_val": -0.02143125794827938,
      "y_val": -4.670961380004883,
      "z_val": 3.6476144790649414
    }
  },
  "timestamp": 1747815257892790700
}