{
  "speed": 0.010152830742299557,
  "gear": 1,
  "rpm": 299.8484802246094,
  "maxrpm": 500.0,
  "handbrake": false,
  "kinematics_estimated": {
    "position": {
      "x_val": 3.8409368991851807,
      "y_val": 2.627169132232666,
      "z_val": 0.025591250509023666
    },
    "orientation": {
      "x_val": -0.0011243846965953708,
      "y_val": -7.823867781553417e-05,
      "z_val": -0.9973377585411072,
      "w_val": 0.07291154563426971
    },
    "linear_velocity": {
      "x_val": -0.007982544600963593,
      "y_val": -0.014365224167704582,
      "z_val": 0.07363023608922958
    },
    "angular_velocity": {
      "x_val": 0.0037614682223647833,
      "y_val": 0.37023764848709106,
      "z_val": 0.18916364014148712
    },
    "linear_acceleration": {
      "x_val": 1.1850507259368896,
      "y_val": -0.03717517852783203,
      "z_val": 0.07533633708953857
    },
    "angular_acceleration": {
      "x_val": -0.15100924670696259,
      "y_val": -6.124086380004883,
      "z_val": -4.79897403717041
    }
  },
  "timestamp": 1747815258104479400
}