{
  "speed": 0.007695699110627174,
  "gear": 1,
  "rpm": 156.66046142578125,
  "maxrpm": 500.0,
  "handbrake": false,
  "kinematics_estimated": {
    "position": {
      "x_val": 3.8406412601470947,
      "y_val": 2.628359317779541,
      "z_val": 0.026076391339302063
    },
    "orientation": {
      "x_val": -6.796759407734498e-05,
      "y_val": -7.757491403026506e-06,
      "z_val": -0.9940680265426636,
      "w_val": 0.10876021534204483
    },
    "linear_velocity": {
      "x_val": -0.00044314604019746184,
      "y_val": -0.03358939662575722,
      "z_val": -1.4759406440134626e-05
    },
    "angular_velocity": {
      "x_val": 0.0001042594522004947,
      "y_val": -0.002101263962686062,
      "z_val": 0.5016048550605774
    },
    "linear_acceleration": {
      "x_val": -0.05911176651716232,
      "y_val": -0.07888319343328476,
      "z_val": -0.0011347722029313445
    },
    "angular_acceleration": {
      "x_val": 0.003701660316437483,
      "y_val": -0.139606311917305,
      "z_val": 6.474705696105957
    }
  },
  "timestamp": 1747815258296922400
}