{
  "speed": 0.7910195589065552,
  "gear": 1,
  "rpm": 215.1579132080078,
  "maxrpm": 500.0,
  "handbrake": false,
  "kinematics_estimated": {
    "position": {
      "x_val": 3.752347946166992,
      "y_val": 2.60571551322937,
      "z_val": 0.026104215532541275
    },
    "orientation": {
      "x_val": -4.5947697799419984e-05,
      "y_val": -9.108747690333985e-06,
      "z_val": -0.9871655702590942,
      "w_val": 0.1597001850605011
    },
    "linear_velocity": {
      "x_val": -0.7459769248962402,
      "y_val": -0.26353758573532104,
      "z_val": 5.0431590352673084e-05
    },
    "angular_velocity": {
      "x_val": -0.011150791309773922,
      "y_val": 0.0013405990321189165,
      "z_val": 0.7016866207122803
    },
    "linear_acceleration": {
      "x_val": 0.2714619040489197,
      "y_val": -0.8269857168197632,
      "z_val": 0.004826945718377829
    },
    "angular_acceleration": {
      "x_val": -1.0142313241958618,
      "y_val": 0.11929773539304733,
      "z_val": 0.9822587966918945
    }
  },
  "timestamp": 1747815258513988500
}