{
  "speed": 0.0,
  "gear": 0,
  "rpm": 20.000001907348633,
  "maxrpm": 500.0,
  "handbrake": false,
  "kinematics_estimated": {
    "position": {
      "x_val": -3.7595393223455176e-05,
      "y_val": -6.856066270266581e-10,
      "z_val": 0.026113873347640038
    },
    "orientation": {
      "x_val": 9.919507437672337e-10,
      "y_val": -6.0202073655091226e-05,
      "z_val": 4.421069288440549e-09,
      "w_val": 1.0
    },
    "linear_velocity": {
      "x_val": 0.0,
      "y_val": 0.0,
      "z_val": -0.0
    },
    "angular_velocity": {
      "x_val": 0.0,
      "y_val": 0.0,
      "z_val": 0.0
    },
    "linear_acceleration": {
      "x_val": 2.4839604520821013e-05,
      "y_val": 2.1743586477770277e-13,
      "z_val": -0.0004554287588689476
    },
    "angular_acceleration": {
      "x_val": 2.5100594939431176e-05,
      "y_val": -0.06656668335199356,
      "z_val": -3.065833809046126e-08
    }
  },
  "timestamp": 1747815246258481400
}