{
  "speed": 1.3639767169952393,
  "gear": 1,
  "rpm": 356.2745056152344,
  "maxrpm": 500.0,
  "handbrake": false,
  "kinematics_estimated": {
    "position": {
      "x_val": 3.5310628414154053,
      "y_val": 2.524783134460449,
      "z_val": 0.026150409132242203
    },
    "orientation": {
      "x_val": -3.108105011051521e-05,
      "y_val": -6.83853295413428e-06,
      "z_val": -0.9739440083503723,
      "w_val": 0.2267886996269226
    },
    "linear_velocity": {
      "x_val": -1.2242199182510376,
      "y_val": -0.6014310717582703,
      "z_val": 4.582745077641448e-06
    },
    "angular_velocity": {
      "x_val": 3.710981400217861e-05,
      "y_val": -0.0005536784883588552,
      "z_val": 0.5607345700263977
    },
    "linear_acceleration": {
      "x_val": 0.4790349304676056,
      "y_val": -0.9701823592185974,
      "z_val": -0.0008537613903172314
    },
    "angular_acceleration": {
      "x_val": 0.008950474672019482,
      "y_val": -0.022867731750011444,
      "z_val": -5.012988090515137
    }
  },
  "timestamp": 1747815258707151600
}