{
  "speed": 1.3620665073394775,
  "gear": 1,
  "rpm": 433.8995361328125,
  "maxrpm": 500.0,
  "handbrake": false,
  "kinematics_estimated": {
    "position": {
      "x_val": 3.307709217071533,
      "y_val": 2.408022165298462,
      "z_val": 0.02610965631902218
    },
    "orientation": {
      "x_val": -4.9344369472237304e-05,
      "y_val": -1.335952038061805e-05,
      "z_val": -0.962746798992157,
      "w_val": 0.27040451765060425
    },
    "linear_velocity": {
      "x_val": -1.162458062171936,
      "y_val": -0.7098709940910339,
      "z_val": -6.548041710630059e-06
    },
    "angular_velocity": {
      "x_val": 6.1014448874630034e-05,
      "y_val": -0.0007321002194657922,
      "z_val": 0.5573903918266296
    },
    "linear_acceleration": {
      "x_val": 0.36808034777641296,
      "y_val": -0.5845605134963989,
      "z_val": -0.0005131178186275065
    },
    "angular_acceleration": {
      "x_val": 0.0014865841949358582,
      "y_val": -0.05807387828826904,
      "z_val": 6.825148105621338
    }
  },
  "timestamp": 1747815258886105100
}