{
  "speed": 0.4098438620567322,
  "gear": 1,
  "rpm": 410.3902587890625,
  "maxrpm": 500.0,
  "handbrake": false,
  "kinematics_estimated": {
    "position": {
      "x_val": 3.1249096393585205,
      "y_val": 2.360931873321533,
      "z_val": 0.025918304920196533
    },
    "orientation": {
      "x_val": 4.5174227125244215e-05,
      "y_val": 7.688878395128995e-05,
      "z_val": -0.9397454261779785,
      "w_val": 0.34187498688697815
    },
    "linear_velocity": {
      "x_val": -0.6439525485038757,
      "y_val": 0.13007566332817078,
      "z_val": 9.076670721697155e-06
    },
    "angular_velocity": {
      "x_val": 0.037227220833301544,
      "y_val": 0.004977960139513016,
      "z_val": 1.4731072187423706
    },
    "linear_acceleration": {
      "x_val": -1.0943784713745117,
      "y_val": 2.3307414054870605,
      "z_val": -0.047899674624204636
    },
    "angular_acceleration": {
      "x_val": 4.220386981964111,
      "y_val": -0.09664588421583176,
      "z_val": 33.056365966796875
    }
  },
  "timestamp": 1747815259085820200
}