{
  "has_collided": true,
  "penetration_depth": -0.0020650550723075867,
  "time_stamp": 1747815259081026300,
  "normal": {
    "x_val": 0.0,
    "y_val": 1.0000001192092896,
    "z_val": -7.806255641895632e-18
  },
  "impact_point": {
    "x_val": 2.9646406173706055,
    "y_val": 1.848967432975769,
    "z_val": 0.06896656006574631
  },
  "position": {
    "x_val": 3.1249096393585205,
    "y_val": 2.360931873321533,
    "z_val": 0.025918304920196533
  },
  "object_name": "StaticMeshActor_3",
  "object_id": 0
}