{
  "speed": 0.34413185715675354,
  "gear": 1,
  "rpm": 327.4332580566406,
  "maxrpm": 500.0,
  "handbrake": false,
  "kinematics_estimated": {
    "position": {
      "x_val": 3.013540267944336,
      "y_val": 2.3846335411071777,
      "z_val": 0.025783035904169083
    },
    "orientation": {
      "x_val": 0.00022987993725109845,
      "y_val": 0.0002442532277200371,
      "z_val": -0.89798903465271,
      "w_val": 0.4400177001953125
    },
    "linear_velocity": {
      "x_val": -0.6164517402648926,
      "y_val": 0.04253032058477402,
      "z_val": 0.0006792037165723741
    },
    "angular_velocity": {
      "x_val": 0.03982102870941162,
      "y_val": -0.002309134230017662,
      "z_val": 1.5003176927566528
    },
    "linear_acceleration": {
      "x_val": -4.150227069854736,
      "y_val": -0.20281320810317993,
      "z_val": 0.1332300901412964
    },
    "angular_acceleration": {
      "x_val": 3.5683178901672363,
      "y_val": 0.24538953602313995,
      "z_val": 31.40029525756836
    }
  },
  "timestamp": 1747815259266475300
}