{
  "speed": 0.20722819864749908,
  "gear": 1,
  "rpm": 300.3548278808594,
  "maxrpm": 500.0,
  "handbrake": false,
  "kinematics_estimated": {
    "position": {
      "x_val": 2.906534433364868,
      "y_val": 2.3925297260284424,
      "z_val": 0.026201767846941948
    },
    "orientation": {
      "x_val": -3.052139436476864e-05,
      "y_val": -0.0003710202290676534,
      "z_val": -0.8453043699264526,
      "w_val": 0.5342848896980286
    },
    "linear_velocity": {
      "x_val": -0.4079747200012207,
      "y_val": -0.03562035784125328,
      "z_val": 6.954551645321772e-05
    },
    "angular_velocity": {
      "x_val": 0.010553407482802868,
      "y_val": -0.014079982414841652,
      "z_val": 0.7809769511222839
    },
    "linear_acceleration": {
      "x_val": -0.162846177816391,
      "y_val": 0.26759088039398193,
      "z_val": 0.016451716423034668
    },
    "angular_acceleration": {
      "x_val": 3.6360719203948975,
      "y_val": -3.8741374015808105,
      "z_val": -12.50915813446045
    }
  },
  "timestamp": 1747815259462513500
}