{
  "has_collided": true,
  "penetration_depth": -0.0016552098095417023,
  "time_stamp": 1747815259457329100,
  "normal": {
    "x_val": 2.220446049250313e-16,
    "y_val": 1.0,
    "z_val": 3.5561831257524545e-17
  },
  "impact_point": {
    "x_val": 2.914379835128784,
    "y_val": 1.8491723537445068,
    "z_val": 0.07143531739711761
  },
  "position": {
    "x_val": 2.906534433364868,
    "y_val": 2.3925297260284424,
    "z_val": 0.026201767846941948
  },
  "object_name": "StaticMeshActor_3",
  "object_id": 0
}