{
  "speed": 0.001389855402521789,
  "gear": 1,
  "rpm": 156.58853149414062,
  "maxrpm": 500.0,
  "handbrake": false,
  "kinematics_estimated": {
    "position": {
      "x_val": 2.889909505844116,
      "y_val": 2.392242670059204,
      "z_val": 0.02612128108739853
    },
    "orientation": {
      "x_val": -4.867918687523343e-05,
      "y_val": -3.150962947984226e-05,
      "z_val": -0.8397860527038574,
      "w_val": 0.5429174900054932
    },
    "linear_velocity": {
      "x_val": -0.0042585995979607105,
      "y_val": 0.0003928416408598423,
      "z_val": 2.7824587505165255e-06
    },
    "angular_velocity": {
      "x_val": -1.030257635648013e-06,
      "y_val": 0.00044102579704485834,
      "z_val": -0.0057777781039476395
    },
    "linear_acceleration": {
      "x_val": 0.1288319081068039,
      "y_val": -0.005333903711289167,
      "z_val": 0.0003238028148189187
    },
    "angular_acceleration": {
      "x_val": 7.36739530111663e-05,
      "y_val": 0.04734160751104355,
      "z_val": 0.09148357063531876
    }
  },
  "timestamp": 1747815259668032500
}