{
  "speed": 2.3110320398700424e-05,
  "gear": 1,
  "rpm": 83.55023956298828,
  "maxrpm": 500.0,
  "handbrake": false,
  "kinematics_estimated": {
    "position": {
      "x_val": 2.88974928855896,
      "y_val": 2.392266273498535,
      "z_val": 0.026162654161453247
    },
    "orientation": {
      "x_val": -3.934643973479979e-05,
      "y_val": -2.543939081078861e-05,
      "z_val": -0.8398299217224121,
      "w_val": 0.542849600315094
    },
    "linear_velocity": {
      "x_val": -0.00037362638977356255,
      "y_val": 0.00014291789557319134,
      "z_val": 1.673140468483325e-05
    },
    "angular_velocity": {
      "x_val": -1.1558457799765165e-06,
      "y_val": 0.0019866598304361105,
      "z_val": 5.1228500524302945e-05
    },
    "linear_acceleration": {
      "x_val": 0.0002750181301962584,
      "y_val": 0.0006020752480253577,
      "z_val": 0.0007147308788262308
    },
    "angular_acceleration": {
      "x_val": -4.967085624230094e-05,
      "y_val": 0.08537393063306808,
      "z_val": 0.002201473107561469
    }
  },
  "timestamp": 1747815259851017200
}