{
  "speed": -4.209612924910289e-08,
  "gear": 1,
  "rpm": 49.938045501708984,
  "maxrpm": 500.0,
  "handbrake": false,
  "kinematics_estimated": {
    "position": {
      "x_val": 2.889740467071533,
      "y_val": 2.3922696113586426,
      "z_val": 0.026105662807822227
    },
    "orientation": {
      "x_val": -5.1971197535749525e-05,
      "y_val": -3.3588519727345556e-05,
      "z_val": -0.8398298621177673,
      "w_val": 0.5428497195243835
    },
    "linear_velocity": {
      "x_val": 1.674787775129971e-08,
      "y_val": 3.71887587391484e-08,
      "z_val": -1.0586227290332317e-05
    },
    "angular_velocity": {
      "x_val": 2.8121692707827606e-07,
      "y_val": -0.0014555974630638957,
      "z_val": -1.1374590505597304e-11
    },
    "linear_acceleration": {
      "x_val": 7.074406198626093e-07,
      "y_val": 1.5708759519839077e-06,
      "z_val": -0.00041028240229934454
    },
    "angular_acceleration": {
      "x_val": 1.752851858327631e-05,
      "y_val": -0.1158214658498764,
      "z_val": -1.2668157634010413e-09
    }
  },
  "timestamp": 1747815260032994000
}