{
  "speed": 2.270951204863536e-10,
  "gear": 1,
  "rpm": 32.479637145996094,
  "maxrpm": 500.0,
  "handbrake": false,
  "kinematics_estimated": {
    "position": {
      "x_val": 2.889740467071533,
      "y_val": 2.3922696113586426,
      "z_val": 0.026158573105931282
    },
    "orientation": {
      "x_val": -3.9982540329219773e-05,
      "y_val": -2.5835555788944475e-05,
      "z_val": -0.8398298621177673,
      "w_val": 0.5428497195243835
    },
    "linear_velocity": {
      "x_val": 0.0,
      "y_val": 0.0,
      "z_val": 2.385284687989042e-06
    },
    "angular_velocity": {
      "x_val": 8.373841176023689e-09,
      "y_val": 0.0001298080460401252,
      "z_val": 1.8275647922089133e-12
    },
    "linear_acceleration": {
      "x_val": 0.0,
      "y_val": 0.0,
      "z_val": 9.632298315409571e-05
    },
    "angular_acceleration": {
      "x_val": 3.3815391020652896e-07,
      "y_val": 0.005241931416094303,
      "z_val": 7.38010416667656e-11
    }
  },
  "timestamp": 1747815260240315000
}