{
  "speed": -1.3283646183026576e-07,
  "gear": 1,
  "rpm": 25.77928924560547,
  "maxrpm": 500.0,
  "handbrake": false,
  "kinematics_estimated": {
    "position": {
      "x_val": 2.889740228652954,
      "y_val": 2.3922693729400635,
      "z_val": 0.026075568050146103
    },
    "orientation": {
      "x_val": -5.9000645705964416e-05,
      "y_val": -3.8133268390083686e-05,
      "z_val": -0.8398298621177673,
      "w_val": 0.5428497195243835
    },
    "linear_velocity": {
      "x_val": 5.402107916552268e-08,
      "y_val": 1.1995412307896913e-07,
      "z_val": -9.105658136832062e-06
    },
    "angular_velocity": {
      "x_val": 2.6065308134093357e-07,
      "y_val": -0.001405979972332716,
      "z_val": -8.51123685419175e-12
    },
    "linear_acceleration": {
      "x_val": 2.5376382382091833e-06,
      "y_val": 5.634840817947406e-06,
      "z_val": -0.0002615927951410413
    },
    "angular_acceleration": {
      "x_val": 9.519307241134811e-06,
      "y_val": -0.04535211622714996,
      "z_val": -1.750242867304408e-10
    }
  },
  "timestamp": 1747815260425324200
}