{
  "speed": 0.40062758326530457,
  "gear": 1,
  "rpm": 133.3506622314453,
  "maxrpm": 500.0,
  "handbrake": false,
  "kinematics_estimated": {
    "position": {
      "x_val": 0.028866654261946678,
      "y_val": 1.6541737579700566e-07,
      "z_val": 0.026109283789992332
    },
    "orientation": {
      "x_val": 4.460384062099365e-09,
      "y_val": -6.156052404548973e-05,
      "z_val": -1.0751557510957355e-06,
      "w_val": 1.0
    },
    "linear_velocity": {
      "x_val": 0.40062758326530457,
      "y_val": -1.4152946903323027e-07,
      "z_val": 3.862093581119552e-05
    },
    "angular_velocity": {
      "x_val": -8.608381904195994e-06,
      "y_val": 6.686322012683377e-05,
      "z_val": -2.639578451635316e-05
    },
    "linear_acceleration": {
      "x_val": -0.0036278555635362864,
      "y_val": 1.3560809142276753e-09,
      "z_val": 0.003036805195733905
    },
    "angular_acceleration": {
      "x_val": -0.0006929586525075138,
      "y_val": 0.03878926485776901,
      "z_val": 0.00014190150250215083
    }
  },
  "timestamp": 1747815246457377800
}