{
  "speed": -3.6106999345975055e-07,
  "gear": 1,
  "rpm": 22.581676483154297,
  "maxrpm": 500.0,
  "handbrake": false,
  "kinematics_estimated": {
    "position": {
      "x_val": 2.889740467071533,
      "y_val": 2.3922696113586426,
      "z_val": 0.026151027530431747
    },
    "orientation": {
      "x_val": -4.191634070593864e-05,
      "y_val": -2.7084646717412397e-05,
      "z_val": -0.8398298621177673,
      "w_val": 0.5428497195243835
    },
    "linear_velocity": {
      "x_val": 1.486808258732708e-07,
      "y_val": 3.301466335869918e-07,
      "z_val": 1.0130961527465843e-05
    },
    "angular_velocity": {
      "x_val": -3.0500240200126427e-07,
      "y_val": 0.0011528502218425274,
      "z_val": 1.793373609337845e-11
    },
    "linear_acceleration": {
      "x_val": 5.995750598231098e-06,
      "y_val": 1.3313599083630834e-05,
      "z_val": 0.000747453945223242
    },
    "angular_acceleration": {
      "x_val": -1.30631397041725e-05,
      "y_val": 0.027214469388127327,
      "z_val": 5.691375704053314e-10
    }
  },
  "timestamp": 1747815260618862300
}