{
  "has_collided": false,
  "penetration_depth": -1.2343407433945686e-05,
  "time_stamp": 1747815259572564700,
  "normal": {
    "x_val": 2.220446049250313e-16,
    "y_val": 1.0,
    "z_val": 3.5561831257524545e-17
  },
  "impact_point": {
    "x_val": 2.909139394760132,
    "y_val": 1.8499938249588013,
    "z_val": 0.07553344964981079
  },
  "position": {
    "x_val": 2.890759229660034,
    "y_val": 2.3922195434570312,
    "z_val": 0.026127349585294724
  },
  "object_name": "StaticMeshActor_3",
  "object_id": 0
}