{
  "speed": -0.0,
  "gear": 1,
  "rpm": 21.127317428588867,
  "maxrpm": 500.0,
  "handbrake": false,
  "kinematics_estimated": {
    "position": {
      "x_val": 2.889740467071533,
      "y_val": 2.3922696113586426,
      "z_val": 0.026144597679376602
    },
    "orientation": {
      "x_val": -4.382060797070153e-05,
      "y_val": -2.8313068469287828e-05,
      "z_val": -0.8398298621177673,
      "w_val": 0.5428497195243835
    },
    "linear_velocity": {
      "x_val": 0.0,
      "y_val": 0.0,
      "z_val": -0.0
    },
    "angular_velocity": {
      "x_val": 0.0,
      "y_val": 0.0,
      "z_val": 0.0
    },
    "linear_acceleration": {
      "x_val": -9.24369214772014e-06,
      "y_val": -2.052567469945643e-05,
      "z_val": -0.0012869213242083788
    },
    "angular_acceleration": {
      "x_val": 4.50127809017431e-05,
      "y_val": -0.15500639379024506,
      "z_val": -3.0518807481172416e-09
    }
  },
  "timestamp": 1747815260808977600
}