{
  "speed": 1.0234184265136719,
  "gear": 1,
  "rpm": 303.0238952636719,
  "maxrpm": 500.0,
  "handbrake": false,
  "kinematics_estimated": {
    "position": {
      "x_val": 0.19666485488414764,
      "y_val": 7.710625595791498e-07,
      "z_val": 0.026113882660865784
    },
    "orientation": {
      "x_val": 1.4970726880392249e-09,
      "y_val": -6.080540333641693e-05,
      "z_val": -7.2968027780007105e-06,
      "w_val": 1.0
    },
    "linear_velocity": {
      "x_val": 1.0234184265136719,
      "y_val": -3.0310959573398577e-06,
      "z_val": 7.880655061853759e-07
    },
    "angular_velocity": {
      "x_val": -1.1636829810868221e-07,
      "y_val": 7.472890138160437e-05,
      "z_val": -8.213677210733294e-05
    },
    "linear_acceleration": {
      "x_val": -0.011607171036303043,
      "y_val": 4.0096391984434376e-08,
      "z_val": 0.00035582800046540797
    },
    "angular_acceleration": {
      "x_val": -9.68729546002578e-06,
      "y_val": 0.048189010471105576,
      "z_val": -0.0002291716809850186
    }
  },
  "timestamp": 1747815246643110400
}