{
  "speed": 1.0213791131973267,
  "gear": 1,
  "rpm": 411.2195739746094,
  "maxrpm": 500.0,
  "handbrake": false,
  "kinematics_estimated": {
    "position": {
      "x_val": 0.39035770297050476,
      "y_val": 1.3509786640497623e-06,
      "z_val": 0.02608618512749672
    },
    "orientation": {
      "x_val": 3.728853226192541e-09,
      "y_val": -6.79408258292824e-05,
      "z_val": -1.4505125363939442e-05,
      "w_val": 1.0
    },
    "linear_velocity": {
      "x_val": 1.0213791131973267,
      "y_val": -3.0232311019062763e-06,
      "z_val": -1.2133912605349906e-05
    },
    "angular_velocity": {
      "x_val": 5.096029553897097e-07,
      "y_val": -0.001970773097127676,
      "z_val": -0.00016821932513266802
    },
    "linear_acceleration": {
      "x_val": -0.01302899606525898,
      "y_val": 5.4253831649475615e-08,
      "z_val": -0.0005707957316190004
    },
    "angular_acceleration": {
      "x_val": 2.452537592034787e-05,
      "y_val": -0.09484628587961197,
      "z_val": -0.008095797151327133
    }
  },
  "timestamp": 1747815246831275800
}