{
  "speed": 1.2091953754425049,
  "gear": 1,
  "rpm": 499.9998779296875,
  "maxrpm": 500.0,
  "handbrake": false,
  "kinematics_estimated": {
    "position": {
      "x_val": 8.263278007507324,
      "y_val": -2.765838146209717,
      "z_val": 0.02615373209118843
    },
    "orientation": {
      "x_val": -1.5973131667124107e-05,
      "y_val": -4.270189310773276e-05,
      "z_val": -0.3431786298751831,
      "w_val": 0.9392701387405396
    },
    "linear_velocity": {
      "x_val": 0.9236693382263184,
      "y_val": -0.7803779244422913,
      "z_val": -4.4610811755774193e-07
    },
    "angular_velocity": {
      "x_val": 2.1632926291204058e-05,
      "y_val": 0.0001325420889770612,
      "z_val": 0.2980126440525055
    },
    "linear_acceleration": {
      "x_val": 0.26726189255714417,
      "y_val": 0.3314022123813629,
      "z_val": 2.383728678978514e-05
    },
    "angular_acceleration": {
      "x_val": 0.0004721270233858377,
      "y_val": 0.0034965192899107933,
      "z_val": 1.31088387966156
    }
  },
  "timestamp": 1747814635564430400
}