{
  "speed": 1.207497239112854,
  "gear": 1,
  "rpm": 499.9998779296875,
  "maxrpm": 500.0,
  "handbrake": false,
  "kinematics_estimated": {
    "position": {
      "x_val": 8.431056022644043,
      "y_val": -2.9030332565307617,
      "z_val": 0.026155972853302956
    },
    "orientation": {
      "x_val": -1.337792127742432e-05,
      "y_val": -4.0101385820889845e-05,
      "z_val": -0.3081936836242676,
      "w_val": 0.9513236284255981
    },
    "linear_velocity": {
      "x_val": 0.9816577434539795,
      "y_val": -0.7031601071357727,
      "z_val": -1.928177653098828e-06
    },
    "angular_velocity": {
      "x_val": 4.124370389035903e-05,
      "y_val": -0.00020184190361760557,
      "z_val": 0.4506016671657562
    },
    "linear_acceleration": {
      "x_val": 0.3276105225086212,
      "y_val": 0.466737300157547,
      "z_val": -0.00021767678845208138
    },
    "angular_acceleration": {
      "x_val": 0.00011266138608334586,
      "y_val": -0.024943947792053223,
      "z_val": 1.5285825729370117
    }
  },
  "timestamp": 1747814635739912700
}