{
  "speed": 1.2056480646133423,
  "gear": 1,
  "rpm": 499.9998779296875,
  "maxrpm": 500.0,
  "handbrake": false,
  "kinematics_estimated": {
    "position": {
      "x_val": 8.616601943969727,
      "y_val": -3.0309481620788574,
      "z_val": 0.02618454582989216
    },
    "orientation": {
      "x_val": -1.1761871974158566e-05,
      "y_val": -3.9171005482785404e-05,
      "z_val": -0.28602468967437744,
      "w_val": 0.9582222700119019
    },
    "linear_velocity": {
      "x_val": 1.011067271232605,
      "y_val": -0.6567755937576294,
      "z_val": 3.715848890806228e-07
    },
    "angular_velocity": {
      "x_val": 4.3402528717706446e-06,
      "y_val": 6.535866850754246e-05,
      "z_val": 0.054474689066410065
    },
    "linear_acceleration": {
      "x_val": -0.008282667025923729,
      "y_val": 0.009499166160821915,
      "z_val": -0.00019621638057287782
    },
    "angular_acceleration": {
      "x_val": -0.0002980437711812556,
      "y_val": -0.024792009964585304,
      "z_val": -1.2435307502746582
    }
  },
  "timestamp": 1747814635927042200
}