{
  "speed": 1.203364610671997,
  "gear": 1,
  "rpm": 499.9998779296875,
  "maxrpm": 500.0,
  "handbrake": false,
  "kinematics_estimated": {
    "position": {
      "x_val": 8.801467895507812,
      "y_val": -3.1508090496063232,
      "z_val": 0.026159148663282394
    },
    "orientation": {
      "x_val": -1.267069728783099e-05,
      "y_val": -4.188127059023827e-05,
      "z_val": -0.296522855758667,
      "w_val": 0.9550257325172424
    },
    "linear_velocity": {
      "x_val": 0.9913247227668762,
      "y_val": -0.6821746826171875,
      "z_val": -1.5658775964766392e-06
    },
    "angular_velocity": {
      "x_val": -2.4528888388886116e-05,
      "y_val": -5.514342774404213e-05,
      "z_val": -0.3306733965873718
    },
    "linear_acceleration": {
      "x_val": -0.26782864332199097,
      "y_val": -0.37309813499450684,
      "z_val": 6.948057125555351e-05
    },
    "angular_acceleration": {
      "x_val": -0.00036349601577967405,
      "y_val": 0.00875601451843977,
      "z_val": -1.7237379550933838
    }
  },
  "timestamp": 1747814636112385200
}