{
  "speed": 1.2013925313949585,
  "gear": 1,
  "rpm": 499.9998779296875,
  "maxrpm": 500.0,
  "handbrake": false,
  "kinematics_estimated": {
    "position": {
      "x_val": 8.986597061157227,
      "y_val": -3.2839441299438477,
      "z_val": 0.026164617389440536
    },
    "orientation": {
      "x_val": -1.4795655260968488e-05,
      "y_val": -4.3797968828585e-05,
      "z_val": -0.32113420963287354,
      "w_val": 0.947033703327179
    },
    "linear_velocity": {
      "x_val": 0.9499874711036682,
      "y_val": -0.7354612350463867,
      "z_val": -5.610086645901902e-06
    },
    "angular_velocity": {
      "x_val": -8.956550118455198e-06,
      "y_val": -0.0007887001847848296,
      "z_val": -0.07976527512073517
    },
    "linear_acceleration": {
      "x_val": -0.022966891527175903,
      "y_val": -0.00800882838666439,
      "z_val": -0.0005911890184506774
    },
    "angular_acceleration": {
      "x_val": 0.00027238839538767934,
      "y_val": -0.07541841268539429,
      "z_val": 0.8028857707977295
    }
  },
  "timestamp": 1747814636299642800
}