{
  "speed": 1.199055790901184,
  "gear": 1,
  "rpm": 499.9998779296875,
  "maxrpm": 500.0,
  "handbrake": false,
  "kinematics_estimated": {
    "position": {
      "x_val": 9.162378311157227,
      "y_val": -3.4203555583953857,
      "z_val": 0.02617277391254902
    },
    "orientation": {
      "x_val": -1.3119601135258563e-05,
      "y_val": -3.881371230818331e-05,
      "z_val": -0.3144663870334625,
      "w_val": 0.9492685794830322
    },
    "linear_velocity": {
      "x_val": 0.9616702795028687,
      "y_val": -0.7161879539489746,
      "z_val": 3.3189280657097697e-07
    },
    "angular_velocity": {
      "x_val": 2.4238992409664206e-05,
      "y_val": 0.00019683279970195144,
      "z_val": 0.2955482304096222
    },
    "linear_acceleration": {
      "x_val": 0.25909507274627686,
      "y_val": 0.3646396994590759,
      "z_val": 5.017545117880218e-05
    },
    "angular_acceleration": {
      "x_val": 0.00047178773093037307,
      "y_val": 0.005239551421254873,
      "z_val": 1.68804931640625
    }
  },
  "timestamp": 1747814636486078900
}