{
  "speed": 0.3300953507423401,
  "gear": 1,
  "rpm": 451.8509216308594,
  "maxrpm": 500.0,
  "handbrake": false,
  "kinematics_estimated": {
    "position": {
      "x_val": 9.295390129089355,
      "y_val": -3.518195629119873,
      "z_val": 0.017578529193997383
    },
    "orientation": {
      "x_val": -0.005182805471122265,
      "y_val": -0.017113052308559418,
      "z_val": -0.2785223722457886,
      "w_val": 0.9602632522583008
    },
    "linear_velocity": {
      "x_val": 0.29113009572029114,
      "y_val": -0.1611853539943695,
      "z_val": -0.052766479551792145
    },
    "angular_velocity": {
      "x_val": 0.011754274368286133,
      "y_val": -0.3479568362236023,
      "z_val": 0.44460731744766235
    },
    "linear_acceleration": {
      "x_val": -5.766525745391846,
      "y_val": 4.123521327972412,
      "z_val": 0.17024126648902893
    },
    "angular_acceleration": {
      "x_val": 0.2425016462802887,
      "y_val": -1.8693835735321045,
      "z_val": 2.762537956237793
    }
  },
  "timestamp": 1747814636676635200
}