{
  "speed": -0.006233973894268274,
  "gear": 1,
  "rpm": 257.1944274902344,
  "maxrpm": 500.0,
  "handbrake": false,
  "kinematics_estimated": {
    "position": {
      "x_val": 9.307662963867188,
      "y_val": -3.525405168533325,
      "z_val": 0.026165548712015152
    },
    "orientation": {
      "x_val": -1.8232032743981108e-05,
      "y_val": -4.67387872049585e-05,
      "z_val": -0.27310922741889954,
      "w_val": 0.9619830250740051
    },
    "linear_velocity": {
      "x_val": -0.002318798564374447,
      "y_val": 0.008109363727271557,
      "z_val": 9.997440429287963e-06
    },
    "angular_velocity": {
      "x_val": 0.021332239732146263,
      "y_val": 0.02262561209499836,
      "z_val": -0.0012792856432497501
    },
    "linear_acceleration": {
      "x_val": 0.09668987989425659,
      "y_val": 0.1350187063217163,
      "z_val": -0.6188434362411499
    },
    "angular_acceleration": {
      "x_val": 2.1426913738250732,
      "y_val": -19.103759765625,
      "z_val": -0.27025893330574036
    }
  },
  "timestamp": 1747814636847390100
}