{
  "speed": -6.259272049646825e-05,
  "gear": 1,
  "rpm": 129.68116760253906,
  "maxrpm": 500.0,
  "handbrake": false,
  "kinematics_estimated": {
    "position": {
      "x_val": 9.307599067687988,
      "y_val": -3.525143623352051,
      "z_val": 0.026169149205088615
    },
    "orientation": {
      "x_val": -1.2165664884378202e-05,
      "y_val": -4.284245369490236e-05,
      "z_val": -0.2730429172515869,
      "w_val": 0.9620018601417542
    },
    "linear_velocity": {
      "x_val": 0.00015462063311133534,
      "y_val": 0.00036958931013941765,
      "z_val": -2.708630518100108e-06
    },
    "angular_velocity": {
      "x_val": -3.1131030482356437e-06,
      "y_val": -0.0003592332068365067,
      "z_val": 4.965932748746127e-05
    },
    "linear_acceleration": {
      "x_val": 0.0017435842892155051,
      "y_val": -0.0010811047395691276,
      "z_val": -0.0002083586441585794
    },
    "angular_acceleration": {
      "x_val": -0.00029546060250140727,
      "y_val": -0.027087626978754997,
      "z_val": -0.0014520602999255061
    }
  },
  "timestamp": 1747814637031267300
}