{
  "speed": -1.0176520959248592e-07,
  "gear": 1,
  "rpm": 70.53504180908203,
  "maxrpm": 500.0,
  "handbrake": false,
  "kinematics_estimated": {
    "position": {
      "x_val": 9.307602882385254,
      "y_val": -3.5251364707946777,
      "z_val": 0.02614770457148552
    },
    "orientation": {
      "x_val": -1.3755803593085147e-05,
      "y_val": -4.8561705625616014e-05,
      "z_val": -0.27304258942604065,
      "w_val": 0.9620019197463989
    },
    "linear_velocity": {
      "x_val": -8.634334847101854e-08,
      "y_val": 5.3307584124695495e-08,
      "z_val": -2.8896768071717815e-06
    },
    "angular_velocity": {
      "x_val": 1.6606639618998997e-08,
      "y_val": -0.00041069983853958547,
      "z_val": 2.1606431921394886e-11
    },
    "linear_acceleration": {
      "x_val": -4.9965497055382e-06,
      "y_val": 3.084823674726067e-06,
      "z_val": -9.846883585851174e-06
    },
    "angular_acceleration": {
      "x_val": -1.4518921034323284e-06,
      "y_val": -0.0030803061090409756,
      "z_val": 1.677958050283479e-10
    }
  },
  "timestamp": 1747814637220520400
}