{
  "speed": 1.2290480136871338,
  "gear": 1,
  "rpm": 499.95416259765625,
  "maxrpm": 500.0,
  "handbrake": false,
  "kinematics_estimated": {
    "position": {
      "x_val": 6.561066627502441,
      "y_val": -1.6584588289260864,
      "z_val": 0.02621166966855526
    },
    "orientation": {
      "x_val": -7.785765774315223e-06,
      "y_val": -3.249481596867554e-05,
      "z_val": -0.23361708223819733,
      "w_val": 0.9723286628723145
    },
    "linear_velocity": {
      "x_val": 1.0943771600723267,
      "y_val": -0.5593737959861755,
      "z_val": 5.2172458708810154e-06
    },
    "angular_velocity": {
      "x_val": 6.262617944230442e-07,
      "y_val": 0.00034409569343551993,
      "z_val": -0.00499557051807642
    },
    "linear_acceleration": {
      "x_val": -0.003637390211224556,
      "y_val": 0.006947748828679323,
      "z_val": 0.00018769501184578985
    },
    "angular_acceleration": {
      "x_val": 8.432472532149404e-05,
      "y_val": 0.016740424558520317,
      "z_val": 0.28534290194511414
    }
  },
  "timestamp": 1747814633902054600
}