{
  "speed": 1.7119585038471996e-07,
  "gear": 1,
  "rpm": 42.492801666259766,
  "maxrpm": 500.0,
  "handbrake": false,
  "kinematics_estimated": {
    "position": {
      "x_val": 9.307602882385254,
      "y_val": -3.5251364707946777,
      "z_val": 0.026154547929763794
    },
    "orientation": {
      "x_val": -1.3230565855337773e-05,
      "y_val": -4.671222995966673e-05,
      "z_val": -0.27304258942604065,
      "w_val": 0.9620019197463989
    },
    "linear_velocity": {
      "x_val": 1.4599926601022162e-07,
      "y_val": -9.013859170181604e-08,
      "z_val": -3.9878013922134414e-06
    },
    "angular_velocity": {
      "x_val": 1.5339550429871451e-07,
      "y_val": -0.0005041342228651047,
      "z_val": 2.6818101558911955e-11
    },
    "linear_acceleration": {
      "x_val": 7.104516953404527e-06,
      "y_val": -4.386262844491284e-06,
      "z_val": -0.0003884902398567647
    },
    "angular_acceleration": {
      "x_val": 7.464427653758321e-06,
      "y_val": -0.024531835690140724,
      "z_val": 1.3050042158013753e-09
    }
  },
  "timestamp": 1747814637411480200
}