{
  "speed": 0.0,
  "gear": 1,
  "rpm": 31.103601455688477,
  "maxrpm": 500.0,
  "handbrake": false,
  "kinematics_estimated": {
    "position": {
      "x_val": 9.307602882385254,
      "y_val": -3.5251364707946777,
      "z_val": 0.026165466755628586
    },
    "orientation": {
      "x_val": -1.2467296073737089e-05,
      "y_val": -4.401844853418879e-05,
      "z_val": -0.27304258942604065,
      "w_val": 0.9620019197463989
    },
    "linear_velocity": {
      "x_val": 0.0,
      "y_val": 0.0,
      "z_val": -0.0
    },
    "angular_velocity": {
      "x_val": 0.0,
      "y_val": 0.0,
      "z_val": 0.0
    },
    "linear_acceleration": {
      "x_val": -3.4123618206649553e-06,
      "y_val": 2.1067610305181006e-06,
      "z_val": -0.00022862516925670207
    },
    "angular_acceleration": {
      "x_val": 7.421311238431372e-06,
      "y_val": -0.029058709740638733,
      "z_val": 1.473191124645723e-09
    }
  },
  "timestamp": 1747814637579110400
}