{
  "speed": -6.077064540477295e-08,
  "gear": 1,
  "rpm": 24.99819564819336,
  "maxrpm": 500.0,
  "handbrake": false,
  "kinematics_estimated": {
    "position": {
      "x_val": 9.307602882385254,
      "y_val": -3.5251364707946777,
      "z_val": 0.02614559419453144
    },
    "orientation": {
      "x_val": -1.3930410204920918e-05,
      "y_val": -4.917694968753494e-05,
      "z_val": -0.27304258942604065,
      "w_val": 0.9620019197463989
    },
    "linear_velocity": {
      "x_val": -5.1633769260206464e-08,
      "y_val": 3.187820851735523e-08,
      "z_val": -8.702714353603369e-07
    },
    "angular_velocity": {
      "x_val": -9.06948294243648e-09,
      "y_val": -0.00013779228902421892,
      "z_val": 7.253350264163627e-12
    },
    "linear_acceleration": {
      "x_val": -1.1673319022520445e-05,
      "y_val": 7.206998816400301e-06,
      "z_val": 0.00017630805086810142
    },
    "angular_acceleration": {
      "x_val": -5.1444048949633725e-06,
      "y_val": 0.021623993292450905,
      "z_val": -1.1436218638749551e-09
    }
  },
  "timestamp": 1747814637770742200
}