{
  "has_collided": false,
  "penetration_depth": -3.1830815714783967e-05,
  "time_stamp": 1747814630237583900,
  "normal": {
    "x_val": -5.551115123125783e-17,
    "y_val": 1.0,
    "z_val": 3.903127820947816e-17
  },
  "impact_point": {
    "x_val": 4.695913791656494,
    "y_val": -1.8750158548355103,
    "z_val": 0.07282537966966629
  },
  "position": {
    "x_val": 4.613610744476318,
    "y_val": -1.3390538692474365,
    "z_val": 0.026196684688329697
  },
  "object_name": "StaticMeshActor_4",
  "object_id": 0
}