{
  "speed": 9.352212515523206e-08,
  "gear": 1,
  "rpm": 22.484891891479492,
  "maxrpm": 500.0,
  "handbrake": false,
  "kinematics_estimated": {
    "position": {
      "x_val": 9.307602882385254,
      "y_val": -3.5251364707946777,
      "z_val": 0.026173606514930725
    },
    "orientation": {
      "x_val": -1.1754089427995495e-05,
      "y_val": -4.15059294027742e-05,
      "z_val": -0.27304258942604065,
      "w_val": 0.9620019197463989
    },
    "linear_velocity": {
      "x_val": 7.959400960544372e-08,
      "y_val": -4.914060269811671e-08,
      "z_val": -2.229357392025122e-07
    },
    "angular_velocity": {
      "x_val": 0.0,
      "y_val": 0.0,
      "z_val": 0.0
    },
    "linear_acceleration": {
      "x_val": 4.0607942537462804e-06,
      "y_val": -2.507096724002622e-06,
      "z_val": -0.00012303472612984478
    },
    "angular_acceleration": {
      "x_val": -1.0672955141899365e-07,
      "y_val": -0.013208643533289433,
      "z_val": 6.717777445430784e-10
    }
  },
  "timestamp": 1747814637937071200
}