{
  "speed": -8.994577305188045e-11,
  "gear": 1,
  "rpm": 21.1641845703125,
  "maxrpm": 500.0,
  "handbrake": false,
  "kinematics_estimated": {
    "position": {
      "x_val": 9.307602882385254,
      "y_val": -3.5251364707946777,
      "z_val": 0.026176488026976585
    },
    "orientation": {
      "x_val": -1.1591926522669382e-05,
      "y_val": -4.0935548895504326e-05,
      "z_val": -0.27304258942604065,
      "w_val": 0.9620019197463989
    },
    "linear_velocity": {
      "x_val": 0.0,
      "y_val": 0.0,
      "z_val": -1.0570621498118271e-06
    },
    "angular_velocity": {
      "x_val": 7.183148653666649e-08,
      "y_val": -0.0003380223351996392,
      "z_val": 1.7369154725610514e-11
    },
    "linear_acceleration": {
      "x_val": 0.0,
      "y_val": 0.0,
      "z_val": -5.365443212212995e-05
    },
    "angular_acceleration": {
      "x_val": 3.6460273804550525e-06,
      "y_val": -0.017157360911369324,
      "z_val": 8.816247176746117e-10
    }
  },
  "timestamp": 1747814638118295500
}