{
  "speed": -6.848391365110729e-08,
  "gear": 1,
  "rpm": 20.58078956604004,
  "maxrpm": 500.0,
  "handbrake": false,
  "kinematics_estimated": {
    "position": {
      "x_val": 9.307602882385254,
      "y_val": -3.5251364707946777,
      "z_val": 0.026148738339543343
    },
    "orientation": {
      "x_val": -1.3680233678314835e-05,
      "y_val": -4.8295187298208475e-05,
      "z_val": -0.27304258942604065,
      "w_val": 0.9620019197463989
    },
    "linear_velocity": {
      "x_val": -5.805237179856704e-08,
      "y_val": 3.584099417253128e-08,
      "z_val": -2.5787355752981966e-06
    },
    "angular_velocity": {
      "x_val": 4.6425949307149494e-08,
      "y_val": -0.0003579351177904755,
      "z_val": 1.8778456220558404e-11
    },
    "linear_acceleration": {
      "x_val": -1.5181310573098017e-06,
      "y_val": 9.372799922857666e-07,
      "z_val": -6.641930667683482e-05
    },
    "angular_acceleration": {
      "x_val": 2.2378951598511776e-06,
      "y_val": -0.012681742198765278,
      "z_val": 6.694406695650912e-10
    }
  },
  "timestamp": 1747814638287854800
}