{
  "speed": 1.2257277148819412e-07,
  "gear": 1,
  "rpm": 20.254663467407227,
  "maxrpm": 500.0,
  "handbrake": false,
  "kinematics_estimated": {
    "position": {
      "x_val": 9.307602882385254,
      "y_val": -3.5251364707946777,
      "z_val": 0.026165546849370003
    },
    "orientation": {
      "x_val": -1.244108261744259e-05,
      "y_val": -4.392753908177838e-05,
      "z_val": -0.27304258942604065,
      "w_val": 0.9620019197463989
    },
    "linear_velocity": {
      "x_val": 1.0416015783221155e-07,
      "y_val": -6.430752108599336e-08,
      "z_val": 1.7563445453561144e-06
    },
    "angular_velocity": {
      "x_val": 7.382091382623912e-09,
      "y_val": 0.00023239024449139833,
      "z_val": -1.1964960272559111e-11
    },
    "linear_acceleration": {
      "x_val": 3.3640706078585936e-06,
      "y_val": -2.076946202578256e-06,
      "z_val": -2.7723057428374887e-05
    },
    "angular_acceleration": {
      "x_val": 2.3092090941645438e-06,
      "y_val": -0.00453877542167902,
      "z_val": 2.31243649229107e-10
    }
  },
  "timestamp": 1747814638485241000
}