{
  "speed": -5.476730891018633e-08,
  "gear": 1,
  "rpm": 20.114044189453125,
  "maxrpm": 500.0,
  "handbrake": false,
  "kinematics_estimated": {
    "position": {
      "x_val": 9.307602882385254,
      "y_val": -3.5251364707946777,
      "z_val": 0.026157334446907043
    },
    "orientation": {
      "x_val": -1.2921992492920253e-05,
      "y_val": -4.562225512927398e-05,
      "z_val": -0.27304258942604065,
      "w_val": 0.9620019197463989
    },
    "linear_velocity": {
      "x_val": -4.6577262935443287e-08,
      "y_val": 2.8756371506233336e-08,
      "z_val": -2.944889274658635e-07
    },
    "angular_velocity": {
      "x_val": 0.0,
      "y_val": 0.0,
      "z_val": 0.0
    },
    "linear_acceleration": {
      "x_val": -2.1685225419787457e-06,
      "y_val": 1.338825768470997e-06,
      "z_val": 4.446509774425067e-05
    },
    "angular_acceleration": {
      "x_val": 3.929326339857653e-06,
      "y_val": -0.02221859246492386,
      "z_val": 1.1481202655261313e-09
    }
  },
  "timestamp": 1747814638676279100
}