{
  "speed": 0.0,
  "gear": 1,
  "rpm": 20.05654525756836,
  "maxrpm": 500.0,
  "handbrake": false,
  "kinematics_estimated": {
    "position": {
      "x_val": 9.307602882385254,
      "y_val": -3.5251364707946777,
      "z_val": 0.026177428662776947
    },
    "orientation": {
      "x_val": -1.1538792932697106e-05,
      "y_val": -4.0747803723206744e-05,
      "z_val": -0.27304258942604065,
      "w_val": 0.9620019197463989
    },
    "linear_velocity": {
      "x_val": 0.0,
      "y_val": 0.0,
      "z_val": -0.0
    },
    "angular_velocity": {
      "x_val": 0.0,
      "y_val": 0.0,
      "z_val": 0.0
    },
    "linear_acceleration": {
      "x_val": -1.0250764717056882e-05,
      "y_val": 6.328726158244535e-06,
      "z_val": -6.82914032950066e-05
    },
    "angular_acceleration": {
      "x_val": -6.102306429056625e-07,
      "y_val": -0.00870304461568594,
      "z_val": 4.4463818738016414e-10
    }
  },
  "timestamp": 1747814638844708100
}