{
  "speed": 3.0469703204971665e-08,
  "gear": 1,
  "rpm": 20.027463912963867,
  "maxrpm": 500.0,
  "handbrake": false,
  "kinematics_estimated": {
    "position": {
      "x_val": 9.307602882385254,
      "y_val": -3.5251364707946777,
      "z_val": 0.026160040870308876
    },
    "orientation": {
      "x_val": -1.285024427488679e-05,
      "y_val": -4.53688480774872e-05,
      "z_val": -0.27304258942604065,
      "w_val": 0.9620019197463989
    },
    "linear_velocity": {
      "x_val": 2.58694612398358e-08,
      "y_val": -1.5971565403560817e-08,
      "z_val": 7.111948434612714e-07
    },
    "angular_velocity": {
      "x_val": -2.1667315053264247e-08,
      "y_val": 0.00017853685130830854,
      "z_val": -9.165607509076246e-12
    },
    "linear_acceleration": {
      "x_val": 7.497881711060472e-07,
      "y_val": -4.629122543065023e-07,
      "z_val": 8.67690505401697e-06
    },
    "angular_acceleration": {
      "x_val": -1.075396880878543e-06,
      "y_val": 0.00886117946356535,
      "z_val": -4.549094156924838e-10
    }
  },
  "timestamp": 1747814639016156100
}