{
  "speed": 1.2264105081558228,
  "gear": 1,
  "rpm": 499.9804992675781,
  "maxrpm": 500.0,
  "handbrake": false,
  "kinematics_estimated": {
    "position": {
      "x_val": 6.781973361968994,
      "y_val": -1.771262288093567,
      "z_val": 0.025956684723496437
    },
    "orientation": {
      "x_val": -2.4584451239206828e-05,
      "y_val": -0.0001022116412059404,
      "z_val": -0.2339545488357544,
      "w_val": 0.9722475409507751
    },
    "linear_velocity": {
      "x_val": 1.0921398401260376,
      "y_val": -0.5579546689987183,
      "z_val": -8.401078957831487e-06
    },
    "angular_velocity": {
      "x_val": -2.4869943899830105e-06,
      "y_val": -0.0017542304703965783,
      "z_val": -0.002126650419086218
    },
    "linear_acceleration": {
      "x_val": -0.016013046726584435,
      "y_val": 0.008180235512554646,
      "z_val": 0.00048528049956075847
    },
    "angular_acceleration": {
      "x_val": -0.0001978649670490995,
      "y_val": 0.02833317592740059,
      "z_val": -0.03224148601293564
    }
  },
  "timestamp": 1747814634092620800
}