{
  "speed": 4.546145149220138e-08,
  "gear": 1,
  "rpm": 20.012571334838867,
  "maxrpm": 500.0,
  "handbrake": false,
  "kinematics_estimated": {
    "position": {
      "x_val": 9.307602882385254,
      "y_val": -3.5251364707946777,
      "z_val": 0.02616996504366398
    },
    "orientation": {
      "x_val": -1.2090050404367503e-05,
      "y_val": -4.2690462578320876e-05,
      "z_val": -0.27304258942604065,
      "w_val": 0.9620019197463989
    },
    "linear_velocity": {
      "x_val": 3.872084519684904e-08,
      "y_val": -2.390589060041748e-08,
      "z_val": -5.019325612920511e-07
    },
    "angular_velocity": {
      "x_val": 3.2543550076979955e-08,
      "y_val": -7.415103755192831e-05,
      "z_val": 3.8057729710716526e-12
    },
    "linear_acceleration": {
      "x_val": 1.337364551545761e-06,
      "y_val": -8.256764658653992e-07,
      "z_val": -5.388236968428828e-05
    },
    "angular_acceleration": {
      "x_val": 1.1240092590014683e-06,
      "y_val": -0.002561074448749423,
      "z_val": 1.3144614563476154e-10
    }
  },
  "timestamp": 1747814639211570200
}