{
  "speed": 2.6925445206771315e-10,
  "gear": 1,
  "rpm": 20.00538444519043,
  "maxrpm": 500.0,
  "handbrake": false,
  "kinematics_estimated": {
    "position": {
      "x_val": 9.307602882385254,
      "y_val": -3.5251364707946777,
      "z_val": 0.026157334446907043
    },
    "orientation": {
      "x_val": -1.305893874814501e-05,
      "y_val": -4.6104672946967185e-05,
      "z_val": -0.27304258942604065,
      "w_val": 0.9620019197463989
    },
    "linear_velocity": {
      "x_val": 0.0,
      "y_val": 0.0,
      "z_val": 2.8133181331213564e-06
    },
    "angular_velocity": {
      "x_val": 0.0,
      "y_val": 0.0,
      "z_val": 0.0
    },
    "linear_acceleration": {
      "x_val": 0.0,
      "y_val": 0.0,
      "z_val": 0.0001339822047157213
    },
    "angular_acceleration": {
      "x_val": 0.0,
      "y_val": 0.0,
      "z_val": 0.0
    }
  },
  "timestamp": 1747814639406618000
}