{
  "speed": 1.2239991426467896,
  "gear": 1,
  "rpm": 499.9910888671875,
  "maxrpm": 500.0,
  "handbrake": false,
  "kinematics_estimated": {
    "position": {
      "x_val": 6.983920097351074,
      "y_val": -1.87443208694458,
      "z_val": 0.026099642738699913
    },
    "orientation": {
      "x_val": -1.533579961687792e-05,
      "y_val": -6.36593540548347e-05,
      "z_val": -0.2340632975101471,
      "w_val": 0.9722213745117188
    },
    "linear_velocity": {
      "x_val": 1.0899449586868286,
      "y_val": -0.556950569152832,
      "z_val": 8.864789379003923e-06
    },
    "angular_velocity": {
      "x_val": -4.409529537952039e-06,
      "y_val": 0.0012304988922551274,
      "z_val": -0.001298721181228757
    },
    "linear_acceleration": {
      "x_val": -0.012962684966623783,
      "y_val": 0.0066257962025702,
      "z_val": 0.0011750689009204507
    },
    "angular_acceleration": {
      "x_val": -0.00023426511324942112,
      "y_val": 0.17334215342998505,
      "z_val": -0.00044551989412866533
    }
  },
  "timestamp": 1747814634276723000
}