{
  "speed": 1.2215521335601807,
  "gear": 1,
  "rpm": 499.99603271484375,
  "maxrpm": 500.0,
  "handbrake": false,
  "kinematics_estimated": {
    "position": {
      "x_val": 7.194042682647705,
      "y_val": -1.9811910390853882,
      "z_val": 0.026148734614253044
    },
    "orientation": {
      "x_val": -1.0990679584210739e-05,
      "y_val": -4.450460255611688e-05,
      "z_val": -0.24725398421287537,
      "w_val": 0.9689506888389587
    },
    "linear_velocity": {
      "x_val": 1.0720272064208984,
      "y_val": -0.585616946220398,
      "z_val": -3.2322304832632653e-06
    },
    "angular_velocity": {
      "x_val": -2.8336273317108862e-05,
      "y_val": -0.00023177455295808613,
      "z_val": -0.3451562523841858
    },
    "linear_acceleration": {
      "x_val": -0.23521645367145538,
      "y_val": -0.41168561577796936,
      "z_val": -0.0002478322421666235
    },
    "angular_acceleration": {
      "x_val": -0.0002444402489345521,
      "y_val": -0.03052574023604393,
      "z_val": -1.874337911605835
    }
  },
  "timestamp": 1747814634473710700
}