{
  "speed": 1.219756007194519,
  "gear": 1,
  "rpm": 499.9982604980469,
  "maxrpm": 500.0,
  "handbrake": false,
  "kinematics_estimated": {
    "position": {
      "x_val": 7.394460201263428,
      "y_val": -2.0953710079193115,
      "z_val": 0.0261361263692379
    },
    "orientation": {
      "x_val": -1.2764209714077879e-05,
      "y_val": -4.42106174887158e-05,
      "z_val": -0.28732529282569885,
      "w_val": 0.9578330516815186
    },
    "linear_velocity": {
      "x_val": 1.0158246755599976,
      "y_val": -0.6752229928970337,
      "z_val": 3.0496011049763183e-07
    },
    "angular_velocity": {
      "x_val": -4.115758929401636e-05,
      "y_val": 8.937911479733884e-05,
      "z_val": -0.45895254611968994
    },
    "linear_acceleration": {
      "x_val": -0.3252505660057068,
      "y_val": -0.47998252511024475,
      "z_val": 0.00019751039508264512
    },
    "angular_acceleration": {
      "x_val": 5.424329356173985e-05,
      "y_val": 0.023429518565535545,
      "z_val": -0.07141214609146118
    }
  },
  "timestamp": 1747814634659584400
}