{
  "speed": 1.2174606323242188,
  "gear": 1,
  "rpm": 499.9992370605469,
  "maxrpm": 500.0,
  "handbrake": false,
  "kinematics_estimated": {
    "position": {
      "x_val": 7.591292858123779,
      "y_val": -2.22935152053833,
      "z_val": 0.026151729747653008
    },
    "orientation": {
      "x_val": -1.4893460502207745e-05,
      "y_val": -4.777470530825667e-05,
      "z_val": -0.2983957827091217,
      "w_val": 0.9544422030448914
    },
    "linear_velocity": {
      "x_val": 0.9995129108428955,
      "y_val": -0.6951175332069397,
      "z_val": -3.1245022000803147e-06
    },
    "angular_velocity": {
      "x_val": -2.5035481030499795e-06,
      "y_val": -0.0004343141335994005,
      "z_val": -0.022932887077331543
    },
    "linear_acceleration": {
      "x_val": -0.00840053427964449,
      "y_val": 0.011312147602438927,
      "z_val": -0.00021247901895549148
    },
    "angular_acceleration": {
      "x_val": 7.56097215344198e-05,
      "y_val": -0.028587618842720985,
      "z_val": 0.29563048481941223
    }
  },
  "timestamp": 1747814634852126100
}