{
  "speed": 1.215308427810669,
  "gear": 1,
  "rpm": 499.9996337890625,
  "maxrpm": 500.0,
  "handbrake": false,
  "kinematics_estimated": {
    "position": {
      "x_val": 7.763732433319092,
      "y_val": -2.348440408706665,
      "z_val": 0.02615557238459587
    },
    "orientation": {
      "x_val": -1.3510370990843512e-05,
      "y_val": -4.227632234687917e-05,
      "z_val": -0.3115311563014984,
      "w_val": 0.9502359628677368
    },
    "linear_velocity": {
      "x_val": 0.9788237810134888,
      "y_val": -0.7203329205513,
      "z_val": -1.3673130752067664e-06
    },
    "angular_velocity": {
      "x_val": -2.5809064027271233e-05,
      "y_val": -2.544934795878362e-05,
      "z_val": -0.32700613141059875
    },
    "linear_acceleration": {
      "x_val": -0.2724835276603699,
      "y_val": -0.35587403178215027,
      "z_val": 7.412611739709973e-05
    },
    "angular_acceleration": {
      "x_val": -0.0002969306951854378,
      "y_val": 0.008863698691129684,
      "z_val": -0.7493521571159363
    }
  },
  "timestamp": 1747814635027705900
}