{
  "speed": 1.2137012481689453,
  "gear": 1,
  "rpm": 499.9998474121094,
  "maxrpm": 500.0,
  "handbrake": false,
  "kinematics_estimated": {
    "position": {
      "x_val": 7.93310546875,
      "y_val": -2.4773519039154053,
      "z_val": 0.02615698054432869
    },
    "orientation": {
      "x_val": -1.4950142940506339e-05,
      "y_val": -4.15454305766616e-05,
      "z_val": -0.3445587158203125,
      "w_val": 0.938764750957489
    },
    "linear_velocity": {
      "x_val": 0.9194003939628601,
      "y_val": -0.7923780679702759,
      "z_val": 1.2098583965780563e-06
    },
    "angular_velocity": {
      "x_val": -3.705449853441678e-05,
      "y_val": -4.009083932032809e-05,
      "z_val": -0.29737305641174316
    },
    "linear_acceleration": {
      "x_val": -0.35012516379356384,
      "y_val": -0.3979375660419464,
      "z_val": 0.0002808094141073525
    },
    "angular_acceleration": {
      "x_val": -0.00010903130896622315,
      "y_val": 0.022291945293545723,
      "z_val": 6.378719806671143
    }
  },
  "timestamp": 1747814635199539100
}