{
  "speed": 1.211367130279541,
  "gear": 1,
  "rpm": 499.9998779296875,
  "maxrpm": 500.0,
  "handbrake": false,
  "kinematics_estimated": {
    "position": {
      "x_val": 8.108614921569824,
      "y_val": -2.6294608116149902,
      "z_val": 0.026165880262851715
    },
    "orientation": {
      "x_val": -1.6243620848399587e-05,
      "y_val": -4.333421748015098e-05,
      "z_val": -0.3516428470611572,
      "w_val": 0.9361342191696167
    },
    "linear_velocity": {
      "x_val": 0.9108260273933411,
      "y_val": -0.7986292243003845,
      "z_val": 2.190829491155455e-06
    },
    "angular_velocity": {
      "x_val": -3.3277965485467575e-06,
      "y_val": 0.00030177284497767687,
      "z_val": -0.015554345212876797
    },
    "linear_acceleration": {
      "x_val": -0.006601267494261265,
      "y_val": 0.012025183066725731,
      "z_val": 9.401654097018763e-05
    },
    "angular_acceleration": {
      "x_val": -0.00013247285096440464,
      "y_val": 0.013635336421430111,
      "z_val": 0.31607532501220703
    }
  },
  "timestamp": 1747814635392519700
}