{
  "speed": 0.0,
  "gear": 1,
  "rpm": 73.19535827636719,
  "maxrpm": 500.0,
  "handbrake": false,
  "kinematics_estimated": {
    "position": {
      "x_val": 0.020798202604055405,
      "y_val": 0.00010124500840902328,
      "z_val": 0.02613389492034912
    },
    "orientation": {
      "x_val": 1.5638683681373777e-09,
      "y_val": -5.4093248763820156e-05,
      "z_val": -1.2184445949969813e-05,
      "w_val": 1.0
    },
    "linear_velocity": {
      "x_val": 0.0,
      "y_val": 0.0,
      "z_val": -0.0
    },
    "angular_velocity": {
      "x_val": 0.0,
      "y_val": 0.0,
      "z_val": 0.0
    },
    "linear_acceleration": {
      "x_val": -1.4923461094440427e-05,
      "y_val": 3.6366687439226553e-10,
      "z_val": 0.00045588574721477926
    },
    "angular_acceleration": {
      "x_val": -1.1640504453680478e-05,
      "y_val": 0.05546199902892113,
      "z_val": 6.648252082186445e-08
    }
  },
  "timestamp": 1746108914902225000
}