{
  "speed": 1.172529697418213,
  "gear": 1,
  "rpm": 489.9931640625,
  "maxrpm": 500.0,
  "handbrake": false,
  "kinematics_estimated": {
    "position": {
      "x_val": 1.8346898555755615,
      "y_val": -0.3286636471748352,
      "z_val": 0.02615826390683651
    },
    "orientation": {
      "x_val": -5.103330749989254e-06,
      "y_val": -4.0637958591105416e-05,
      "z_val": -0.11113560944795609,
      "w_val": 0.9938052296638489
    },
    "linear_velocity": {
      "x_val": 1.1442253589630127,
      "y_val": -0.2560917139053345,
      "z_val": 1.4292236301116645e-05
    },
    "angular_velocity": {
      "x_val": 2.5433510018046945e-05,
      "y_val": 0.0011751495767384768,
      "z_val": 0.30177363753318787
    },
    "linear_acceleration": {
      "x_val": 0.09939894825220108,
      "y_val": 0.4594202935695648,
      "z_val": 0.0007180722313933074
    },
    "angular_acceleration": {
      "x_val": -0.0012828032486140728,
      "y_val": 0.06408649682998657,
      "z_val": -7.336336612701416
    }
  },
  "timestamp": 1746108917389018000
}