{
  "speed": 1.0040663480758667,
  "gear": 1,
  "rpm": 496.18707275390625,
  "maxrpm": 500.0,
  "handbrake": false,
  "kinematics_estimated": {
    "position": {
      "x_val": 2.0897412300109863,
      "y_val": -0.3784455955028534,
      "z_val": 0.025385191664099693
    },
    "orientation": {
      "x_val": -0.00014083167479839176,
      "y_val": -0.0018109051743522286,
      "z_val": -0.07733684033155441,
      "w_val": 0.9970033764839172
    },
    "linear_velocity": {
      "x_val": 0.9928016662597656,
      "y_val": -0.15003602206707,
      "z_val": 0.0027873017825186253
    },
    "angular_velocity": {
      "x_val": 0.0008075631340034306,
      "y_val": 0.023698486387729645,
      "z_val": 0.0701565071940422
    },
    "linear_acceleration": {
      "x_val": -0.008024684153497219,
      "y_val": 0.022475915029644966,
      "z_val": 1.4065501689910889
    },
    "angular_acceleration": {
      "x_val": 0.0436842143535614,
      "y_val": 7.998257637023926,
      "z_val": -0.2567141652107239
    }
  },
  "timestamp": 1746108917612651600
}