{
  "speed": 1.183853268623352,
  "gear": 1,
  "rpm": 499.1678771972656,
  "maxrpm": 500.0,
  "handbrake": false,
  "kinematics_estimated": {
    "position": {
      "x_val": 2.6230597496032715,
      "y_val": -0.4447473883628845,
      "z_val": 0.026160936802625656
    },
    "orientation": {
      "x_val": -8.9267848579766e-07,
      "y_val": -4.2158440919592977e-05,
      "z_val": -0.009999123401939869,
      "w_val": 0.9999499917030334
    },
    "linear_velocity": {
      "x_val": 1.1837937831878662,
      "y_val": -0.014812414534389973,
      "z_val": 2.026281799771823e-05
    },
    "angular_velocity": {
      "x_val": 2.5369519789819606e-05,
      "y_val": 0.001725704176351428,
      "z_val": 0.28240832686424255
    },
    "linear_acceleration": {
      "x_val": 0.00463701831176877,
      "y_val": 0.5692123174667358,
      "z_val": 0.0016098313499242067
    },
    "angular_acceleration": {
      "x_val": -0.0024217425379902124,
      "y_val": 0.17455370724201202,
      "z_val": -13.11961841583252
    }
  },
  "timestamp": 1746108918065123900
}