{
  "speed": 1.0144435167312622,
  "gear": 1,
  "rpm": 489.4462890625,
  "maxrpm": 500.0,
  "handbrake": false,
  "kinematics_estimated": {
    "position": {
      "x_val": 2.840289831161499,
      "y_val": -0.4464404284954071,
      "z_val": 0.026110654696822166
    },
    "orientation": {
      "x_val": -2.277644597370454e-07,
      "y_val": -6.150858826003969e-05,
      "z_val": -0.0005750854033976793,
      "w_val": 0.9999998211860657
    },
    "linear_velocity": {
      "x_val": 1.0144450664520264,
      "y_val": 0.0007255658274516463,
      "z_val": 3.56197269866243e-05
    },
    "angular_velocity": {
      "x_val": 0.0007082889205776155,
      "y_val": -0.00040846728370524943,
      "z_val": 0.01987249217927456
    },
    "linear_acceleration": {
      "x_val": -0.010705925524234772,
      "y_val": -0.0056007797829806805,
      "z_val": 0.0018778856610879302
    },
    "angular_acceleration": {
      "x_val": -1.7905436754226685,
      "y_val": -1.796413779258728,
      "z_val": -0.1698949635028839
    }
  },
  "timestamp": 1746108918273580600
}