{
  "speed": 1.2299052476882935,
  "gear": 1,
  "rpm": 486.4342346191406,
  "maxrpm": 500.0,
  "handbrake": false,
  "kinematics_estimated": {
    "position": {
      "x_val": 3.3060717582702637,
      "y_val": -0.4419724643230438,
      "z_val": 0.025876808911561966
    },
    "orientation": {
      "x_val": 5.964727097307332e-05,
      "y_val": -4.402858394314535e-05,
      "z_val": 0.04534478113055229,
      "w_val": 0.9989714026451111
    },
    "linear_velocity": {
      "x_val": 1.225595235824585,
      "y_val": 0.10320650041103363,
      "z_val": 2.5901910703396425e-05
    },
    "angular_velocity": {
      "x_val": 0.00019542622612789273,
      "y_val": 0.002449969993904233,
      "z_val": 0.4007362425327301
    },
    "linear_acceleration": {
      "x_val": 6.027108192443848,
      "y_val": 0.5598264336585999,
      "z_val": 0.0051969438791275024
    },
    "angular_acceleration": {
      "x_val": -0.1391434222459793,
      "y_val": -2.296754837036133,
      "z_val": -5.009773254394531
    }
  },
  "timestamp": 1746108918722304400
}