{
  "speed": 1.2278238534927368,
  "gear": 1,
  "rpm": 494.7326965332031,
  "maxrpm": 500.0,
  "handbrake": false,
  "kinematics_estimated": {
    "position": {
      "x_val": 3.579497814178467,
      "y_val": -0.4086911976337433,
      "z_val": 0.026080749928951263
    },
    "orientation": {
      "x_val": 5.267605502012884e-06,
      "y_val": -5.675704960594885e-05,
      "z_val": 0.10133248567581177,
      "w_val": 0.994852602481842
    },
    "linear_velocity": {
      "x_val": 1.2021039724349976,
      "y_val": 0.2500077784061432,
      "z_val": -1.3926101019023918e-05
    },
    "angular_velocity": {
      "x_val": 7.323556928895414e-05,
      "y_val": -0.0017528518801555037,
      "z_val": 0.5920040011405945
    },
    "linear_acceleration": {
      "x_val": -0.1383587121963501,
      "y_val": 0.6329864263534546,
      "z_val": -0.001417290885001421
    },
    "angular_acceleration": {
      "x_val": 0.0011982490541413426,
      "y_val": -0.14844214916229248,
      "z_val": 9.58576774597168
    }
  },
  "timestamp": 1746108918941233800
}