{
  "speed": 0.6853307485580444,
  "gear": 1,
  "rpm": 196.77301025390625,
  "maxrpm": 500.0,
  "handbrake": false,
  "kinematics_estimated": {
    "position": {
      "x_val": 0.09796302020549774,
      "y_val": 9.977804438676685e-05,
      "z_val": 0.025891710072755814
    },
    "orientation": {
      "x_val": 2.360481410335069e-08,
      "y_val": -0.00012219767086207867,
      "z_val": -1.5120346688490827e-05,
      "w_val": 1.0
    },
    "linear_velocity": {
      "x_val": 0.6853307485580444,
      "y_val": -1.7466287317802198e-05,
      "z_val": 6.805599696235731e-05
    },
    "angular_velocity": {
      "x_val": -2.1144855054444633e-05,
      "y_val": -0.002456720918416977,
      "z_val": -6.7904606112279e-05
    },
    "linear_acceleration": {
      "x_val": -0.009158443659543991,
      "y_val": 2.3428444251294422e-07,
      "z_val": 0.006130111403763294
    },
    "angular_acceleration": {
      "x_val": -0.0014373862650245428,
      "y_val": -0.07948920875787735,
      "z_val": -0.0009887713240459561
    }
  },
  "timestamp": 1746108915078066500
}