{
  "speed": 1.2673028707504272,
  "gear": 1,
  "rpm": 498.7674255371094,
  "maxrpm": 500.0,
  "handbrake": false,
  "kinematics_estimated": {
    "position": {
      "x_val": 4.105386257171631,
      "y_val": -0.25966617465019226,
      "z_val": 0.026110583916306496
    },
    "orientation": {
      "x_val": 9.580528967489954e-06,
      "y_val": -5.2504106861306354e-05,
      "z_val": 0.18658044934272766,
      "w_val": 0.9824396967887878
    },
    "linear_velocity": {
      "x_val": 1.1782411336898804,
      "y_val": 0.4667007029056549,
      "z_val": -1.2123963642807212e-05
    },
    "angular_velocity": {
      "x_val": 4.755701593239792e-05,
      "y_val": -0.0015654905000701547,
      "z_val": 0.5049094557762146
    },
    "linear_acceleration": {
      "x_val": -0.21480172872543335,
      "y_val": 0.5163766145706177,
      "z_val": -0.0007224251748993993
    },
    "angular_acceleration": {
      "x_val": 0.0006045398768037558,
      "y_val": -0.09282144904136658,
      "z_val": 8.68217658996582
    }
  },
  "timestamp": 1746108919382866000
}