{
  "speed": 0.436968594789505,
  "gear": 1,
  "rpm": 468.77203369140625,
  "maxrpm": 500.0,
  "handbrake": false,
  "kinematics_estimated": {
    "position": {
      "x_val": 4.330656051635742,
      "y_val": -0.1657775193452835,
      "z_val": 0.01770426146686077
    },
    "orientation": {
      "x_val": 0.004098967649042606,
      "y_val": -0.01733339950442314,
      "z_val": 0.24192938208580017,
      "w_val": 0.9701303839683533
    },
    "linear_velocity": {
      "x_val": 0.3800777494907379,
      "y_val": 0.22076760232448578,
      "z_val": -0.055799007415771484
    },
    "angular_velocity": {
      "x_val": 0.02006896398961544,
      "y_val": -0.31152936816215515,
      "z_val": 0.4545094072818756
    },
    "linear_acceleration": {
      "x_val": -5.686789035797119,
      "y_val": -2.5027685165405273,
      "z_val": 0.09017366915941238
    },
    "angular_acceleration": {
      "x_val": 0.5764997005462646,
      "y_val": 5.288637161254883,
      "z_val": -6.871059417724609
    }
  },
  "timestamp": 1746108919622020600
}