{
  "speed": 0.48454195261001587,
  "gear": 1,
  "rpm": 144.38543701171875,
  "maxrpm": 500.0,
  "handbrake": false,
  "kinematics_estimated": {
    "position": {
      "x_val": 4.375749111175537,
      "y_val": -0.1418728083372116,
      "z_val": 0.026015497744083405
    },
    "orientation": {
      "x_val": 7.573995389975607e-05,
      "y_val": -2.5874987841234542e-05,
      "z_val": 0.3217740058898926,
      "w_val": 0.9468165040016174
    },
    "linear_velocity": {
      "x_val": 0.37309569120407104,
      "y_val": 0.30969804525375366,
      "z_val": -2.38031007029349e-05
    },
    "angular_velocity": {
      "x_val": 0.0059575713239610195,
      "y_val": -0.00045074595254845917,
      "z_val": 0.5280731916427612
    },
    "linear_acceleration": {
      "x_val": 6.526494979858398,
      "y_val": 4.933358192443848,
      "z_val": -0.0027991824317723513
    },
    "angular_acceleration": {
      "x_val": 0.5616801381111145,
      "y_val": -0.10200755298137665,
      "z_val": 7.2205610275268555
    }
  },
  "timestamp": 1746108920097075700
}