{
  "speed": 1.230666160583496,
  "gear": 1,
  "rpm": 305.11651611328125,
  "maxrpm": 500.0,
  "handbrake": false,
  "kinematics_estimated": {
    "position": {
      "x_val": 4.522971153259277,
      "y_val": -0.020634420216083527,
      "z_val": 0.026096701622009277
    },
    "orientation": {
      "x_val": 1.4850204024696723e-05,
      "y_val": -3.2088577427202836e-05,
      "z_val": 0.38669833540916443,
      "w_val": 0.9222062826156616
    },
    "linear_velocity": {
      "x_val": 0.8634805083274841,
      "y_val": 0.8768934607505798,
      "z_val": 3.529814784997143e-05
    },
    "angular_velocity": {
      "x_val": -0.007705461233854294,
      "y_val": 0.0007885701488703489,
      "z_val": 0.5868614315986633
    },
    "linear_acceleration": {
      "x_val": -1.0048861503601074,
      "y_val": 0.9947776794433594,
      "z_val": 0.0030576917342841625
    },
    "angular_acceleration": {
      "x_val": -0.6506205797195435,
      "y_val": 0.05265754088759422,
      "z_val": -4.297610282897949
    }
  },
  "timestamp": 1746108920316745400
}