{
  "speed": 1.228197693824768,
  "gear": 1,
  "rpm": 419.6633605957031,
  "maxrpm": 500.0,
  "handbrake": false,
  "kinematics_estimated": {
    "position": {
      "x_val": 4.701327800750732,
      "y_val": 0.1675414741039276,
      "z_val": 0.026119228452444077
    },
    "orientation": {
      "x_val": 2.363852399867028e-05,
      "y_val": -5.407490971265361e-05,
      "z_val": 0.40044504404067993,
      "w_val": 0.91632080078125
    },
    "linear_velocity": {
      "x_val": 0.8328120112419128,
      "y_val": 0.9027169346809387,
      "z_val": -8.012219041120261e-06
    },
    "angular_velocity": {
      "x_val": 8.396342309424654e-06,
      "y_val": -0.0009568922687321901,
      "z_val": 0.02404048666357994
    },
    "linear_acceleration": {
      "x_val": -0.009960037656128407,
      "y_val": -0.00733623281121254,
      "z_val": -0.0008743448997847736
    },
    "angular_acceleration": {
      "x_val": 0.00021807527809869498,
      "y_val": -0.10499001294374466,
      "z_val": -0.2973046600818634
    }
  },
  "timestamp": 1746108920523663700
}