{
  "speed": 1.2248096466064453,
  "gear": 1,
  "rpm": 473.3819274902344,
  "maxrpm": 500.0,
  "handbrake": false,
  "kinematics_estimated": {
    "position": {
      "x_val": 4.918128967285156,
      "y_val": 0.40329161286354065,
      "z_val": 0.025984780862927437
    },
    "orientation": {
      "x_val": 3.2227930205408484e-05,
      "y_val": -7.54517168388702e-05,
      "z_val": 0.3833751976490021,
      "w_val": 0.9235926866531372
    },
    "linear_velocity": {
      "x_val": 0.8601841330528259,
      "y_val": 0.8719426393508911,
      "z_val": -1.572307155583985e-05
    },
    "angular_velocity": {
      "x_val": -5.240470636636019e-05,
      "y_val": -0.0015958684962242842,
      "z_val": -0.47432318329811096
    },
    "linear_acceleration": {
      "x_val": 0.33154621720314026,
      "y_val": -0.3421233594417572,
      "z_val": -0.00018254168389830738
    },
    "angular_acceleration": {
      "x_val": -0.0006807494210079312,
      "y_val": -0.027477916330099106,
      "z_val": -6.338644504547119
    }
  },
  "timestamp": 1746108920790991200
}