{
  "speed": 1.2221550941467285,
  "gear": 1,
  "rpm": 489.90966796875,
  "maxrpm": 500.0,
  "handbrake": false,
  "kinematics_estimated": {
    "position": {
      "x_val": 5.122049808502197,
      "y_val": 0.596348226070404,
      "z_val": 0.026103895157575607
    },
    "orientation": {
      "x_val": 2.2329119019559585e-05,
      "y_val": -5.897005758015439e-05,
      "z_val": 0.35306501388549805,
      "w_val": 0.9355987906455994
    },
    "linear_velocity": {
      "x_val": 0.9198766350746155,
      "y_val": 0.8046761155128479,
      "z_val": -1.127253744925838e-05
    },
    "angular_velocity": {
      "x_val": -1.3361604942474514e-05,
      "y_val": -0.0014571467181667686,
      "z_val": -0.06060018017888069
    },
    "linear_acceleration": {
      "x_val": 0.01564624346792698,
      "y_val": -0.03704378753900528,
      "z_val": -0.001087578828446567
    },
    "angular_acceleration": {
      "x_val": 7.493762677768245e-05,
      "y_val": -0.12910154461860657,
      "z_val": 0.45966535806655884
    }
  },
  "timestamp": 1746108921024729200
}