{
  "speed": 1.2165359258651733,
  "gear": 1,
  "rpm": 498.48193359375,
  "maxrpm": 500.0,
  "handbrake": false,
  "kinematics_estimated": {
    "position": {
      "x_val": 5.535794258117676,
      "y_val": 0.9544858932495117,
      "z_val": 0.025998322293162346
    },
    "orientation": {
      "x_val": 2.4595423383289017e-05,
      "y_val": -7.226498564705253e-05,
      "z_val": 0.31437402963638306,
      "w_val": 0.9492992162704468
    },
    "linear_velocity": {
      "x_val": 0.9747909307479858,
      "y_val": 0.7278372049331665,
      "z_val": -2.3086266082827933e-05
    },
    "angular_velocity": {
      "x_val": -8.310197154060006e-05,
      "y_val": -0.0028540336061269045,
      "z_val": -0.5883748531341553
    },
    "linear_acceleration": {
      "x_val": 0.32000967860221863,
      "y_val": -0.4437217712402344,
      "z_val": -0.0014637800632044673
    },
    "angular_acceleration": {
      "x_val": -0.0024326161947101355,
      "y_val": -0.16052553057670593,
      "z_val": -11.246169090270996
    }
  },
  "timestamp": 1746108921476695700
}