{
  "speed": 0.5574203133583069,
  "gear": 1,
  "rpm": 215.58248901367188,
  "maxrpm": 500.0,
  "handbrake": false,
  "kinematics_estimated": {
    "position": {
      "x_val": 0.1831165999174118,
      "y_val": 9.852810035226867e-05,
      "z_val": 0.025851475074887276
    },
    "orientation": {
      "x_val": 1.2695576856458501e-07,
      "y_val": -6.503183976747096e-05,
      "z_val": -1.738834907882847e-05,
      "w_val": 1.0
    },
    "linear_velocity": {
      "x_val": 0.5574203133583069,
      "y_val": -1.3276412573759444e-05,
      "z_val": -5.749379124608822e-05
    },
    "angular_velocity": {
      "x_val": 1.165685443993425e-05,
      "y_val": -0.0008190918015316129,
      "z_val": -6.256651977309957e-05
    },
    "linear_acceleration": {
      "x_val": 9.50356388092041,
      "y_val": -0.00031804046011529863,
      "z_val": -0.0029015210457146168
    },
    "angular_acceleration": {
      "x_val": 0.0015161298215389252,
      "y_val": -0.7938433289527893,
      "z_val": -0.0013151902239769697
    }
  },
  "timestamp": 1746108915309531300
}