{
  "speed": 1.0057059526443481,
  "gear": 1,
  "rpm": 471.8385314941406,
  "maxrpm": 500.0,
  "handbrake": false,
  "kinematics_estimated": {
    "position": {
      "x_val": 5.684360504150391,
      "y_val": 1.0583226680755615,
      "z_val": 0.026081902906298637
    },
    "orientation": {
      "x_val": 1.8915658074547537e-05,
      "y_val": -6.697535718558356e-05,
      "z_val": 0.2797885239124298,
      "w_val": 0.9600616693496704
    },
    "linear_velocity": {
      "x_val": 0.8521633744239807,
      "y_val": 0.5341491103172302,
      "z_val": 0.00010885213850997388
    },
    "angular_velocity": {
      "x_val": 0.0028125725220888853,
      "y_val": 0.00020344478252809495,
      "z_val": -0.11492366343736649
    },
    "linear_acceleration": {
      "x_val": 0.02873818948864937,
      "y_val": -0.06467001885175705,
      "z_val": 0.007328827399760485
    },
    "angular_acceleration": {
      "x_val": 0.17867068946361542,
      "y_val": -0.3694646954536438,
      "z_val": 2.075270175933838
    }
  },
  "timestamp": 1746108921706174200
}