{
  "speed": -0.07444407045841217,
  "gear": 1,
  "rpm": 499.9593200683594,
  "maxrpm": 500.0,
  "handbrake": false,
  "kinematics_estimated": {
    "position": {
      "x_val": 7.104918003082275,
      "y_val": 1.9308668375015259,
      "z_val": 0.024585718289017677
    },
    "orientation": {
      "x_val": 0.0007579622906632721,
      "y_val": -0.00291627855040133,
      "z_val": 0.2985597550868988,
      "w_val": 0.9543861746788025
    },
    "linear_velocity": {
      "x_val": 0.0732225626707077,
      "y_val": -0.23605512082576752,
      "z_val": -0.014771035872399807
    },
    "angular_velocity": {
      "x_val": -0.07488319277763367,
      "y_val": -0.025384996086359024,
      "z_val": 1.2405527830123901
    },
    "linear_acceleration": {
      "x_val": -2.5061867237091064,
      "y_val": 3.842414140701294,
      "z_val": 1.54535973072052
    },
    "angular_acceleration": {
      "x_val": -6.425403118133545,
      "y_val": 8.785876274108887,
      "z_val": 18.6204776763916
    }
  },
  "timestamp": 1746108923256935500
}