{
  "speed": 0.05220085382461548,
  "gear": 1,
  "rpm": 361.74884033203125,
  "maxrpm": 500.0,
  "handbrake": false,
  "kinematics_estimated": {
    "position": {
      "x_val": 7.155642509460449,
      "y_val": 1.9190593957901,
      "z_val": 0.02621633931994438
    },
    "orientation": {
      "x_val": 0.0002471368934493512,
      "y_val": -0.00024174786813091487,
      "z_val": 0.3609119951725006,
      "w_val": 0.9325997829437256
    },
    "linear_velocity": {
      "x_val": 0.11140698194503784,
      "y_val": -0.04483676329255104,
      "z_val": -6.308536831056699e-05
    },
    "angular_velocity": {
      "x_val": -0.01144765131175518,
      "y_val": 0.010910788550972939,
      "z_val": 0.24166129529476166
    },
    "linear_acceleration": {
      "x_val": 0.9658195972442627,
      "y_val": 0.15791639685630798,
      "z_val": 0.0037269142922014
    },
    "angular_acceleration": {
      "x_val": 0.87930828332901,
      "y_val": -1.226800560951233,
      "z_val": 0.8682430386543274
    }
  },
  "timestamp": 1746108923468420400
}