{
  "has_collided": true,
  "penetration_depth": -0.0004953389288857579,
  "time_stamp": 1746108923678100600,
  "normal": {
    "x_val": -0.7344242930412292,
    "y_val": -0.6786906123161316,
    "z_val": 2.42861286636753e-17
  },
  "impact_point": {
    "x_val": 7.394524097442627,
    "y_val": 2.391493320465088,
    "z_val": 0.0747406855225563
  },
  "position": {
    "x_val": 7.1621904373168945,
    "y_val": 1.914779543876648,
    "z_val": 0.026059160009026527
  },
  "object_name": "StaticMeshActor_2",
  "object_id": 0
}