{
  "speed": -0.015899602323770523,
  "gear": 1,
  "rpm": 333.9921875,
  "maxrpm": 500.0,
  "handbrake": false,
  "kinematics_estimated": {
    "position": {
      "x_val": 7.1621904373168945,
      "y_val": 1.914779543876648,
      "z_val": 0.026059160009026527
    },
    "orientation": {
      "x_val": 3.470754381851293e-05,
      "y_val": -8.362803782802075e-05,
      "z_val": 0.36535027623176575,
      "w_val": 0.9308701157569885
    },
    "linear_velocity": {
      "x_val": -0.006007839925587177,
      "y_val": -0.016900666058063507,
      "z_val": -3.250050940550864e-05
    },
    "angular_velocity": {
      "x_val": 0.007922960445284843,
      "y_val": 0.015970278531312943,
      "z_val": -0.10344776511192322
    },
    "linear_acceleration": {
      "x_val": -1.3867486715316772,
      "y_val": -0.517501950263977,
      "z_val": -0.0031983123626559973
    },
    "angular_acceleration": {
      "x_val": 0.7449564933776855,
      "y_val": 1.2362451553344727,
      "z_val": -7.5152268409729
    }
  },
  "timestamp": 1746108923683395600
}