{
  "speed": 0.25371113419532776,
  "gear": 1,
  "rpm": 325.830322265625,
  "maxrpm": 500.0,
  "handbrake": false,
  "kinematics_estimated": {
    "position": {
      "x_val": 0.31846803426742554,
      "y_val": 9.616290481062606e-05,
      "z_val": 0.019676730036735535
    },
    "orientation": {
      "x_val": -1.3868231008018483e-07,
      "y_val": -0.013318984769284725,
      "z_val": -2.276660961797461e-05,
      "w_val": 0.9999113082885742
    },
    "linear_velocity": {
      "x_val": 0.255227267742157,
      "y_val": 2.369833282500622e-06,
      "z_val": -0.05352127552032471
    },
    "angular_velocity": {
      "x_val": -8.020245877560228e-05,
      "y_val": -0.2450278252363205,
      "z_val": -6.57172176943277e-06
    },
    "linear_acceleration": {
      "x_val": -4.7993693351745605,
      "y_val": 0.00021719177311751992,
      "z_val": 0.18480665981769562
    },
    "angular_acceleration": {
      "x_val": -0.0009520453168079257,
      "y_val": 3.4767725467681885,
      "z_val": 0.0006647775298915803
    }
  },
  "timestamp": 1746108915532312700
}