{
  "speed": -0.015804581344127655,
  "gear": 1,
  "rpm": 152.07745361328125,
  "maxrpm": 500.0,
  "handbrake": false,
  "kinematics_estimated": {
    "position": {
      "x_val": 7.1568803787231445,
      "y_val": 1.9122028350830078,
      "z_val": 0.026168031617999077
    },
    "orientation": {
      "x_val": 1.5668609194108285e-05,
      "y_val": -4.211235500406474e-05,
      "z_val": 0.35197973251342773,
      "w_val": 0.9360076189041138
    },
    "linear_velocity": {
      "x_val": -0.009469078853726387,
      "y_val": -0.01317589357495308,
      "z_val": 1.6794549082987942e-05
    },
    "angular_velocity": {
      "x_val": -0.000311369716655463,
      "y_val": 0.0011665840866044164,
      "z_val": -0.03801189735531807
    },
    "linear_acceleration": {
      "x_val": 0.41984689235687256,
      "y_val": 0.116301029920578,
      "z_val": 0.004089381545782089
    },
    "angular_acceleration": {
      "x_val": -0.04032694175839424,
      "y_val": 0.11218471825122833,
      "z_val": 4.718348026275635
    }
  },
  "timestamp": 1746108923891143100
}