{
  "has_collided": true,
  "penetration_depth": -0.00045790712465532124,
  "time_stamp": 1746108924120359300,
  "normal": {
    "x_val": -0.7189984321594238,
    "y_val": -0.6950116753578186,
    "z_val": -2.8589056035727145e-17
  },
  "impact_point": {
    "x_val": 7.399336338043213,
    "y_val": 2.38655686378479,
    "z_val": 0.07548791170120239
  },
  "position": {
    "x_val": 7.154078483581543,
    "y_val": 1.9109716415405273,
    "z_val": 0.026164058595895767
  },
  "object_name": "StaticMeshActor_2",
  "object_id": 0
}