{
  "speed": -0.027098391205072403,
  "gear": 1,
  "rpm": 69.14105987548828,
  "maxrpm": 500.0,
  "handbrake": false,
  "kinematics_estimated": {
    "position": {
      "x_val": 7.154078483581543,
      "y_val": 1.9109716415405273,
      "z_val": 0.026164058595895767
    },
    "orientation": {
      "x_val": 1.1698538401105907e-05,
      "y_val": -4.4022574002156034e-05,
      "z_val": 0.34410741925239563,
      "w_val": 0.9389302730560303
    },
    "linear_velocity": {
      "x_val": -0.01771507039666176,
      "y_val": -0.021013464778661728,
      "z_val": 1.8306136553292163e-05
    },
    "angular_velocity": {
      "x_val": 0.000863098306581378,
      "y_val": 0.002157454378902912,
      "z_val": -0.1335279941558838
    },
    "linear_acceleration": {
      "x_val": 0.14150255918502808,
      "y_val": -0.04403276368975639,
      "z_val": 0.0015659841010347009
    },
    "angular_acceleration": {
      "x_val": 0.08003803342580795,
      "y_val": 0.18722102046012878,
      "z_val": 3.3136842250823975
    }
  },
  "timestamp": 1746108924124970100
}