{
  "speed": -0.188519686460495,
  "gear": -1,
  "rpm": 82.38809967041016,
  "maxrpm": 500.0,
  "handbrake": false,
  "kinematics_estimated": {
    "position": {
      "x_val": 7.147365570068359,
      "y_val": 1.906003475189209,
      "z_val": 0.024952204897999763
    },
    "orientation": {
      "x_val": 0.0007385952048934996,
      "y_val": -0.0020793334115296602,
      "z_val": 0.3321777284145355,
      "w_val": 0.9432142376899719
    },
    "linear_velocity": {
      "x_val": -0.14290736615657806,
      "y_val": -0.12289071828126907,
      "z_val": -0.03271060436964035
    },
    "angular_velocity": {
      "x_val": 0.0004347031353972852,
      "y_val": -0.17602606117725372,
      "z_val": -0.012927624396979809
    },
    "linear_acceleration": {
      "x_val": -5.844688415527344,
      "y_val": -4.6865410804748535,
      "z_val": -1.3437691926956177
    },
    "angular_acceleration": {
      "x_val": 0.01769772358238697,
      "y_val": -7.179236888885498,
      "z_val": 0.08552945405244827
    }
  },
  "timestamp": 1746108924344138400
}