{
  "speed": -1.0527609586715698,
  "gear": -1,
  "rpm": 398.81829833984375,
  "maxrpm": 500.0,
  "handbrake": false,
  "kinematics_estimated": {
    "position": {
      "x_val": 6.885731220245361,
      "y_val": 1.696453332901001,
      "z_val": 0.026110490784049034
    },
    "orientation": {
      "x_val": 1.9508448531269096e-05,
      "y_val": -5.5536813306389377e-05,
      "z_val": 0.3274293541908264,
      "w_val": 0.9448756575584412
    },
    "linear_velocity": {
      "x_val": -0.8200404644012451,
      "y_val": -0.660277783870697,
      "z_val": -9.563548701407854e-06
    },
    "angular_velocity": {
      "x_val": -2.2438875021180138e-05,
      "y_val": -0.0012186493258923292,
      "z_val": -0.2448825091123581
    },
    "linear_acceleration": {
      "x_val": 0.08939062058925629,
      "y_val": -0.09314652532339096,
      "z_val": -0.0011379738571122289
    },
    "angular_acceleration": {
      "x_val": -0.001316021429374814,
      "y_val": -0.1357276737689972,
      "z_val": -6.306297302246094
    }
  },
  "timestamp": 1746108924762070500
}