{
  "speed": 0.220052108168602,
  "gear": 1,
  "rpm": 362.4682312011719,
  "maxrpm": 500.0,
  "handbrake": false,
  "kinematics_estimated": {
    "position": {
      "x_val": 6.382582187652588,
      "y_val": 1.3755792379379272,
      "z_val": 0.026168452575802803
    },
    "orientation": {
      "x_val": 5.7591810218582395e-06,
      "y_val": -4.3026957428082824e-05,
      "z_val": 0.16375558078289032,
      "w_val": 0.9865009188652039
    },
    "linear_velocity": {
      "x_val": 0.21983523666858673,
      "y_val": 0.037163060158491135,
      "z_val": 4.820137473871e-05
    },
    "angular_velocity": {
      "x_val": 0.007172384764999151,
      "y_val": 0.001363165327347815,
      "z_val": -0.41596075892448425
    },
    "linear_acceleration": {
      "x_val": 0.05748788267374039,
      "y_val": -0.168096125125885,
      "z_val": 0.0036650332622230053
    },
    "angular_acceleration": {
      "x_val": 0.6445473432540894,
      "y_val": 0.09290453046560287,
      "z_val": 9.850948333740234
    }
  },
  "timestamp": 1746108925421631600
}