{
  "speed": 1.0129305124282837,
  "gear": 1,
  "rpm": 467.2377014160156,
  "maxrpm": 500.0,
  "handbrake": false,
  "kinematics_estimated": {
    "position": {
      "x_val": 6.758362293243408,
      "y_val": 1.4509752988815308,
      "z_val": 0.026124153286218643
    },
    "orientation": {
      "x_val": 1.912431343953358e-06,
      "y_val": -5.0637787353480235e-05,
      "z_val": 0.029102375730872154,
      "w_val": 0.9995764493942261
    },
    "linear_velocity": {
      "x_val": 1.0119202136993408,
      "y_val": 0.046827275305986404,
      "z_val": -9.951939318852965e-06
    },
    "angular_velocity": {
      "x_val": -3.2034353353083134e-05,
      "y_val": -0.0008724469225853682,
      "z_val": -0.3527660071849823
    },
    "linear_acceleration": {
      "x_val": 0.012652963399887085,
      "y_val": -0.3012256622314453,
      "z_val": -0.0004041412321384996
    },
    "angular_acceleration": {
      "x_val": 0.0006252888706512749,
      "y_val": -0.036070019006729126,
      "z_val": 1.3779690265655518
    }
  },
  "timestamp": 1746108925880368700
}