{
  "speed": 1.0121821165084839,
  "gear": 1,
  "rpm": 487.32666015625,
  "maxrpm": 500.0,
  "handbrake": false,
  "kinematics_estimated": {
    "position": {
      "x_val": 6.986204624176025,
      "y_val": 1.4569717645645142,
      "z_val": 0.026181921362876892
    },
    "orientation": {
      "x_val": -4.201267813641607e-07,
      "y_val": -3.5671459045261145e-05,
      "z_val": -0.02764325775206089,
      "w_val": 0.999617874622345
    },
    "linear_velocity": {
      "x_val": 1.009968638420105,
      "y_val": -0.06798110157251358,
      "z_val": 2.244327151856851e-05
    },
    "angular_velocity": {
      "x_val": -2.880396459659096e-05,
      "y_val": 0.0019845094066113234,
      "z_val": -0.37504681944847107
    },
    "linear_acceleration": {
      "x_val": -0.03208355978131294,
      "y_val": -0.5090547204017639,
      "z_val": 0.0014535934897139668
    },
    "angular_acceleration": {
      "x_val": 0.0022008055821061134,
      "y_val": 0.1565128117799759,
      "z_val": 11.639801025390625
    }
  },
  "timestamp": 1746108926101215900
}