{
  "speed": 1.010121464729309,
  "gear": 1,
  "rpm": 495.1844787597656,
  "maxrpm": 500.0,
  "handbrake": false,
  "kinematics_estimated": {
    "position": {
      "x_val": 7.217144966125488,
      "y_val": 1.439660906791687,
      "z_val": 0.026099376380443573
    },
    "orientation": {
      "x_val": -2.6940788302454166e-06,
      "y_val": -6.517105066450313e-05,
      "z_val": -0.042160987854003906,
      "w_val": 0.9991108179092407
    },
    "linear_velocity": {
      "x_val": 1.0063364505767822,
      "y_val": -0.0873938649892807,
      "z_val": 7.0404585130745545e-06
    },
    "angular_velocity": {
      "x_val": -3.062314135604538e-08,
      "y_val": 0.0010528541170060635,
      "z_val": -0.029529167339205742
    },
    "linear_acceleration": {
      "x_val": -0.012299969792366028,
      "y_val": 0.01005985401570797,
      "z_val": 0.0012579334434121847
    },
    "angular_acceleration": {
      "x_val": 0.0005003478727303445,
      "y_val": 0.18462306261062622,
      "z_val": 0.31683140993118286
    }
  },
  "timestamp": 1746108926320194200
}