{
  "speed": 1.0052413940429688,
  "gear": 1,
  "rpm": 499.3083190917969,
  "maxrpm": 500.0,
  "handbrake": false,
  "kinematics_estimated": {
    "position": {
      "x_val": 7.679429531097412,
      "y_val": 1.39993417263031,
      "z_val": 0.026167115196585655
    },
    "orientation": {
      "x_val": -2.022372200372047e-06,
      "y_val": -4.642838393920101e-05,
      "z_val": -0.04302448406815529,
      "w_val": 0.9990740418434143
    },
    "linear_velocity": {
      "x_val": 1.001523733139038,
      "y_val": -0.08637505024671555,
      "z_val": 1.8597480448079295e-05
    },
    "angular_velocity": {
      "x_val": -2.9018751774856355e-06,
      "y_val": 0.0019463638309389353,
      "z_val": -0.0008078871760517359
    },
    "linear_acceleration": {
      "x_val": -0.008357216604053974,
      "y_val": 0.0007212661439552903,
      "z_val": 0.0012754619820043445
    },
    "angular_acceleration": {
      "x_val": -0.00024287069390993565,
      "y_val": 0.16567257046699524,
      "z_val": 0.01848730817437172
    }
  },
  "timestamp": 1746108926789724500
}