{
  "speed": 1.0028438568115234,
  "gear": 1,
  "rpm": 499.73382568359375,
  "maxrpm": 500.0,
  "handbrake": false,
  "kinematics_estimated": {
    "position": {
      "x_val": 7.905695915222168,
      "y_val": 1.3807562589645386,
      "z_val": 0.02606622315943241
    },
    "orientation": {
      "x_val": -3.153412990286597e-06,
      "y_val": -7.331300002988428e-05,
      "z_val": -0.04517680034041405,
      "w_val": 0.9989790320396423
    },
    "linear_velocity": {
      "x_val": 0.9991350173950195,
      "y_val": -0.08627329021692276,
      "z_val": -1.5124017409107182e-05
    },
    "angular_velocity": {
      "x_val": -1.1098756658611819e-05,
      "y_val": -0.00259548332542181,
      "z_val": -0.19925478100776672
    },
    "linear_acceleration": {
      "x_val": -0.01327218022197485,
      "y_val": 0.0011459005763754249,
      "z_val": -0.0008632586104795337
    },
    "angular_acceleration": {
      "x_val": -0.00036787716089747846,
      "y_val": -0.14300484955310822,
      "z_val": -9.58539867401123
    }
  },
  "timestamp": 1746108927015405200
}