{
  "speed": 1.0012885332107544,
  "gear": 1,
  "rpm": 499.8933410644531,
  "maxrpm": 500.0,
  "handbrake": false,
  "kinematics_estimated": {
    "position": {
      "x_val": 8.122077941894531,
      "y_val": 1.357816457748413,
      "z_val": 0.026151088997721672
    },
    "orientation": {
      "x_val": -3.2878288038773462e-06,
      "y_val": -4.282960435375571e-05,
      "z_val": -0.088936448097229,
      "w_val": 0.9960373044013977
    },
    "linear_velocity": {
      "x_val": 0.9837830066680908,
      "y_val": -0.18664973974227905,
      "z_val": 8.63152581587201e-06
    },
    "angular_velocity": {
      "x_val": -4.8919122491497546e-05,
      "y_val": 0.0009240956860594451,
      "z_val": -0.41636571288108826
    },
    "linear_acceleration": {
      "x_val": -0.09526028484106064,
      "y_val": -0.503399133682251,
      "z_val": 0.0003152314748149365
    },
    "angular_acceleration": {
      "x_val": -0.00039652263512834907,
      "y_val": 0.02841610088944435,
      "z_val": 4.668591499328613
    }
  },
  "timestamp": 1746108927234797800
}