{
  "speed": 0.9977738261222839,
  "gear": 1,
  "rpm": 499.9935607910156,
  "maxrpm": 500.0,
  "handbrake": false,
  "kinematics_estimated": {
    "position": {
      "x_val": 8.755046844482422,
      "y_val": 1.1548056602478027,
      "z_val": 0.026098718866705894
    },
    "orientation": {
      "x_val": -1.3272006071929354e-05,
      "y_val": -6.316264625638723e-05,
      "z_val": -0.20607616007328033,
      "w_val": 0.9785359501838684
    },
    "linear_velocity": {
      "x_val": 0.9122452139854431,
      "y_val": -0.40418437123298645,
      "z_val": -1.0297626431565732e-05
    },
    "angular_velocity": {
      "x_val": -1.6548885923839407e-06,
      "y_val": -0.0014890830498188734,
      "z_val": -0.02115720510482788
    },
    "linear_acceleration": {
      "x_val": -0.006532271392643452,
      "y_val": 0.014530327171087265,
      "z_val": -0.0013896931195631623
    },
    "angular_acceleration": {
      "x_val": 0.0001370296668028459,
      "y_val": -0.17192398011684418,
      "z_val": 0.030937105417251587
    }
  },
  "timestamp": 1746108927898776900
}