{
  "speed": 0.99601811170578,
  "gear": 1,
  "rpm": 499.9976806640625,
  "maxrpm": 500.0,
  "handbrake": false,
  "kinematics_estimated": {
    "position": {
      "x_val": 8.972135543823242,
      "y_val": 1.054794430732727,
      "z_val": 0.02609832026064396
    },
    "orientation": {
      "x_val": -1.348197565675946e-05,
      "y_val": -5.4445128625957295e-05,
      "z_val": -0.25006839632987976,
      "w_val": 0.9682281613349915
    },
    "linear_velocity": {
      "x_val": 0.8674164414405823,
      "y_val": -0.4896019995212555,
      "z_val": -5.699842859030468e-06
    },
    "angular_velocity": {
      "x_val": -4.072672891197726e-05,
      "y_val": -0.0005557919503189623,
      "z_val": -0.4543007016181946
    },
    "linear_acceleration": {
      "x_val": -0.2133573293685913,
      "y_val": -0.3742147386074066,
      "z_val": -1.2887540833617095e-05
    },
    "angular_acceleration": {
      "x_val": 0.0003966643998865038,
      "y_val": -0.0015721275703981519,
      "z_val": -1.531246542930603
    }
  },
  "timestamp": 1746108928141333200
}