{
  "speed": 0.969101071357727,
  "gear": 1,
  "rpm": 426.8269348144531,
  "maxrpm": 500.0,
  "handbrake": false,
  "kinematics_estimated": {
    "position": {
      "x_val": 0.6512813568115234,
      "y_val": -0.018613731488585472,
      "z_val": 0.026059478521347046
    },
    "orientation": {
      "x_val": -6.029579253663542e-06,
      "y_val": -6.822417344665155e-05,
      "z_val": -0.07791408151388168,
      "w_val": 0.9969601035118103
    },
    "linear_velocity": {
      "x_val": 0.9568752646446228,
      "y_val": -0.15347760915756226,
      "z_val": 9.606008097762242e-05
    },
    "angular_velocity": {
      "x_val": 0.007551080547273159,
      "y_val": 0.003359076799824834,
      "z_val": -0.5226454138755798
    },
    "linear_acceleration": {
      "x_val": -0.0889621451497078,
      "y_val": -0.5222063660621643,
      "z_val": 0.016172682866454124
    },
    "angular_acceleration": {
      "x_val": 0.7347938418388367,
      "y_val": -5.57105016708374,
      "z_val": -6.49212121963501
    }
  },
  "timestamp": 1746108915992255400
}