{
  "speed": 0.9929938316345215,
  "gear": 1,
  "rpm": 499.9755859375,
  "maxrpm": 500.0,
  "handbrake": false,
  "kinematics_estimated": {
    "position": {
      "x_val": 9.35285472869873,
      "y_val": 0.8042195439338684,
      "z_val": 0.026010502129793167
    },
    "orientation": {
      "x_val": -2.6505991627345793e-05,
      "y_val": -8.103312575258315e-05,
      "z_val": -0.31701916456222534,
      "w_val": 0.9484191536903381
    },
    "linear_velocity": {
      "x_val": 0.7957042455673218,
      "y_val": -0.5940591096878052,
      "z_val": -1.4095387996349018e-05
    },
    "angular_velocity": {
      "x_val": -3.301662582089193e-05,
      "y_val": -0.00217656628228724,
      "z_val": -0.3938926160335541
    },
    "linear_acceleration": {
      "x_val": -0.1759757250547409,
      "y_val": -0.21375034749507904,
      "z_val": -0.0001499282370787114
    },
    "angular_acceleration": {
      "x_val": -0.0013513921294361353,
      "y_val": -0.045073095709085464,
      "z_val": -12.260014533996582
    }
  },
  "timestamp": 1746108928593466400
}