{
  "speed": 0.9917826652526855,
  "gear": 1,
  "rpm": 499.98968505859375,
  "maxrpm": 500.0,
  "handbrake": false,
  "kinematics_estimated": {
    "position": {
      "x_val": 9.513123512268066,
      "y_val": 0.67918461561203,
      "z_val": 0.026095639914274216
    },
    "orientation": {
      "x_val": -1.9853994672303088e-05,
      "y_val": -5.336895628715865e-05,
      "z_val": -0.3569144904613495,
      "w_val": 0.9341370463371277
    },
    "linear_velocity": {
      "x_val": 0.7331695556640625,
      "y_val": -0.667962908744812,
      "z_val": -1.2349904864095151e-05
    },
    "angular_velocity": {
      "x_val": -6.673212919849902e-05,
      "y_val": -0.0015991097316145897,
      "z_val": -0.5516239404678345
    },
    "linear_acceleration": {
      "x_val": -0.33387982845306396,
      "y_val": -0.36273685097694397,
      "z_val": -0.0013551309239119291
    },
    "angular_acceleration": {
      "x_val": -0.0019958943594247103,
      "y_val": -0.15223576128482819,
      "z_val": -8.877188682556152
    }
  },
  "timestamp": 1746108928798931600
}