{
  "speed": 0.9850085377693176,
  "gear": 1,
  "rpm": 499.38385009765625,
  "maxrpm": 500.0,
  "handbrake": false,
  "kinematics_estimated": {
    "position": {
      "x_val": 10.108147621154785,
      "y_val": 0.0008558668196201324,
      "z_val": 0.026163164526224136
    },
    "orientation": {
      "x_val": -2.0058338122908026e-05,
      "y_val": -3.8414109440054744e-05,
      "z_val": -0.46820446848869324,
      "w_val": 0.8836201429367065
    },
    "linear_velocity": {
      "x_val": 0.550468385219574,
      "y_val": -0.8168456554412842,
      "z_val": -2.9051404908386758e-06
    },
    "angular_velocity": {
      "x_val": -2.3250309823197313e-05,
      "y_val": -0.00018042538431473076,
      "z_val": -0.25835126638412476
    },
    "linear_acceleration": {
      "x_val": -0.27183905243873596,
      "y_val": -0.17696760594844818,
      "z_val": -0.00018726219423115253
    },
    "angular_acceleration": {
      "x_val": -0.00010940685024252161,
      "y_val": -0.02394150383770466,
      "z_val": 0.36676737666130066
    }
  },
  "timestamp": 1746108929720249100
}