{
  "speed": 0.9839096069335938,
  "gear": 1,
  "rpm": 499.75335693359375,
  "maxrpm": 500.0,
  "handbrake": false,
  "kinematics_estimated": {
    "position": {
      "x_val": 10.224187850952148,
      "y_val": -0.17874614894390106,
      "z_val": 0.02616697922348976
    },
    "orientation": {
      "x_val": -1.9786930351983756e-05,
      "y_val": -3.4520806366344914e-05,
      "z_val": -0.5108228325843811,
      "w_val": 0.859686017036438
    },
    "linear_velocity": {
      "x_val": 0.4604592025279999,
      "y_val": -0.8695885539054871,
      "z_val": 1.9598775907070376e-05
    },
    "angular_velocity": {
      "x_val": -1.928348319779616e-05,
      "y_val": 0.0018498457502573729,
      "z_val": -0.3686887323856354
    },
    "linear_acceleration": {
      "x_val": -0.4044192135334015,
      "y_val": -0.21553407609462738,
      "z_val": 0.001478211022913456
    },
    "angular_acceleration": {
      "x_val": 0.0021753362379968166,
      "y_val": 0.17277280986309052,
      "z_val": 9.343395233154297
    }
  },
  "timestamp": 1746108929936887100
}