{
  "speed": 1.1937780380249023,
  "gear": 1,
  "rpm": 499.0078430175781,
  "maxrpm": 500.0,
  "handbrake": false,
  "kinematics_estimated": {
    "position": {
      "x_val": 10.420123100280762,
      "y_val": -0.5827155709266663,
      "z_val": 0.026077566668391228
    },
    "orientation": {
      "x_val": -3.78823206119705e-05,
      "y_val": -5.945784141658805e-05,
      "z_val": -0.5374047160148621,
      "w_val": 0.8433244824409485
    },
    "linear_velocity": {
      "x_val": 0.5038689970970154,
      "y_val": -1.0822302103042603,
      "z_val": -1.2750818314088974e-05
    },
    "angular_velocity": {
      "x_val": -1.6980695818347158e-06,
      "y_val": -0.0020545946899801493,
      "z_val": -0.006223195232450962
    },
    "linear_acceleration": {
      "x_val": -0.0064085801132023335,
      "y_val": 0.014169036410748959,
      "z_val": -0.0013638443779200315
    },
    "angular_acceleration": {
      "x_val": -0.00011824897228507325,
      "y_val": -0.1801624894142151,
      "z_val": -0.02257200889289379
    }
  },
  "timestamp": 1746108930367868100
}