{
  "speed": 1.1865055561065674,
  "gear": 1,
  "rpm": 499.94647216796875,
  "maxrpm": 500.0,
  "handbrake": false,
  "kinematics_estimated": {
    "position": {
      "x_val": 10.820772171020508,
      "y_val": -1.3028888702392578,
      "z_val": 0.02617328241467476
    },
    "orientation": {
      "x_val": -1.9357039491296746e-05,
      "y_val": -3.1802621379029006e-05,
      "z_val": -0.5329023599624634,
      "w_val": 0.8461767435073853
    },
    "linear_velocity": {
      "x_val": 0.5071115493774414,
      "y_val": -1.072693109512329,
      "z_val": 2.0696328647318296e-05
    },
    "angular_velocity": {
      "x_val": -2.0840656361542642e-05,
      "y_val": 0.0017131194472312927,
      "z_val": -0.3344431221485138
    },
    "linear_acceleration": {
      "x_val": -0.4664820730686188,
      "y_val": -0.21826843917369843,
      "z_val": 0.0013707256875932217
    },
    "angular_acceleration": {
      "x_val": 0.001985680079087615,
      "y_val": 0.14534235000610352,
      "z_val": 10.167828559875488
    }
  },
  "timestamp": 1746108931062137300
}