{
  "speed": 1.1840695142745972,
  "gear": 1,
  "rpm": 499.9783020019531,
  "maxrpm": 500.0,
  "handbrake": false,
  "kinematics_estimated": {
    "position": {
      "x_val": 10.92666244506836,
      "y_val": -1.5334712266921997,
      "z_val": 0.026028156280517578
    },
    "orientation": {
      "x_val": -4.561111200018786e-05,
      "y_val": -7.048537372611463e-05,
      "z_val": -0.5435581803321838,
      "w_val": 0.8393715023994446
    },
    "linear_velocity": {
      "x_val": 0.48275232315063477,
      "y_val": -1.081191062927246,
      "z_val": -1.988249823625665e-05
    },
    "angular_velocity": {
      "x_val": -3.972707418142818e-06,
      "y_val": -0.003705269657075405,
      "z_val": -0.03023107349872589
    },
    "linear_acceleration": {
      "x_val": -0.004191483836621046,
      "y_val": 0.0169871523976326,
      "z_val": -0.0011920630931854248
    },
    "angular_acceleration": {
      "x_val": -2.1023255612817593e-05,
      "y_val": -0.20238184928894043,
      "z_val": -0.3892415165901184
    }
  },
  "timestamp": 1746108931275659200
}