{
  "speed": 1.1810299158096313,
  "gear": 1,
  "rpm": 499.9926452636719,
  "maxrpm": 500.0,
  "handbrake": false,
  "kinematics_estimated": {
    "position": {
      "x_val": 11.050692558288574,
      "y_val": -1.8088643550872803,
      "z_val": 0.026056190952658653
    },
    "orientation": {
      "x_val": -3.342788477311842e-05,
      "y_val": -5.3605635912390426e-05,
      "z_val": -0.5183539986610413,
      "w_val": 0.8551661372184753
    },
    "linear_velocity": {
      "x_val": 0.5448676943778992,
      "y_val": -1.0478328466415405,
      "z_val": -2.020953388637281e-06
    },
    "angular_velocity": {
      "x_val": 5.04721247125417e-05,
      "y_val": 6.700137601001188e-05,
      "z_val": 0.44913139939308167
    },
    "linear_acceleration": {
      "x_val": 0.4665510654449463,
      "y_val": 0.24983610212802887,
      "z_val": 0.00013032522110734135
    },
    "angular_acceleration": {
      "x_val": 0.0006572752608917654,
      "y_val": 0.017131974920630455,
      "z_val": 0.6870243549346924
    }
  },
  "timestamp": 1746108931534105900
}