{
  "speed": 1.178511381149292,
  "gear": 1,
  "rpm": 499.9970703125,
  "maxrpm": 500.0,
  "handbrake": false,
  "kinematics_estimated": {
    "position": {
      "x_val": 11.176023483276367,
      "y_val": -2.035080671310425,
      "z_val": 0.026172446087002754
    },
    "orientation": {
      "x_val": -2.0512046830845065e-05,
      "y_val": -3.5199620469938964e-05,
      "z_val": -0.5117793679237366,
      "w_val": 0.8591169118881226
    },
    "linear_velocity": {
      "x_val": 0.5635949373245239,
      "y_val": -1.03501558303833,
      "z_val": 1.4674090380140115e-05
    },
    "angular_velocity": {
      "x_val": -1.5939525837893598e-05,
      "y_val": 0.0015939517179504037,
      "z_val": -0.24400575459003448
    },
    "linear_acceleration": {
      "x_val": -0.3975849449634552,
      "y_val": -0.20714130997657776,
      "z_val": 0.0009959196904674172
    },
    "angular_acceleration": {
      "x_val": 0.000813304737675935,
      "y_val": 0.11156582087278366,
      "z_val": 3.378274440765381
    }
  },
  "timestamp": 1746108931750880000
}