{
  "speed": 1.1723414659500122,
  "gear": 1,
  "rpm": 499.9998779296875,
  "maxrpm": 500.0,
  "handbrake": false,
  "kinematics_estimated": {
    "position": {
      "x_val": 11.461816787719727,
      "y_val": -2.7702062129974365,
      "z_val": 0.02606828883290291
    },
    "orientation": {
      "x_val": -4.4989195885136724e-05,
      "y_val": -5.85206325922627e-05,
      "z_val": -0.6068573594093323,
      "w_val": 0.7948107719421387
    },
    "linear_velocity": {
      "x_val": 0.30250284075737,
      "y_val": -1.1326605081558228,
      "z_val": -5.571394012804376e-07
    },
    "angular_velocity": {
      "x_val": -1.964199327630922e-06,
      "y_val": -0.00019129077554680407,
      "z_val": 0.16988354921340942
    },
    "linear_acceleration": {
      "x_val": -0.004249116405844688,
      "y_val": 0.015183278359472752,
      "z_val": 0.000586892303545028
    },
    "angular_acceleration": {
      "x_val": 0.00016044857329688966,
      "y_val": 0.0745132640004158,
      "z_val": 9.756210327148438
    }
  },
  "timestamp": 1746108932425028000
}