{
  "speed": 1.1639493703842163,
  "gear": 1,
  "rpm": 499.99993896484375,
  "maxrpm": 500.0,
  "handbrake": false,
  "kinematics_estimated": {
    "position": {
      "x_val": 11.770222663879395,
      "y_val": -3.766967296600342,
      "z_val": 0.02617163211107254
    },
    "orientation": {
      "x_val": -2.7605776267591864e-05,
      "y_val": -3.265418854425661e-05,
      "z_val": -0.6512505412101746,
      "w_val": 0.7588627934455872
    },
    "linear_velocity": {
      "x_val": 0.16667141020298004,
      "y_val": -1.1519984006881714,
      "z_val": 1.780566708475817e-05
    },
    "angular_velocity": {
      "x_val": -3.2422605727333575e-05,
      "y_val": 0.001276001101359725,
      "z_val": -0.19002263247966766
    },
    "linear_acceleration": {
      "x_val": -0.29908111691474915,
      "y_val": -0.037508901208639145,
      "z_val": 0.000702361692674458
    },
    "angular_acceleration": {
      "x_val": 0.0011614183895289898,
      "y_val": 0.06311715394258499,
      "z_val": 9.103575706481934
    }
  },
  "timestamp": 1746108933327331100
}