{
  "speed": 0.0446598082780838,
  "gear": 1,
  "rpm": 361.2779235839844,
  "maxrpm": 500.0,
  "handbrake": false,
  "kinematics_estimated": {
    "position": {
      "x_val": 11.813522338867188,
      "y_val": -3.923229694366455,
      "z_val": 0.017069734632968903
    },
    "orientation": {
      "x_val": 0.012923154048621655,
      "y_val": 0.01261257752776146,
      "z_val": -0.7063611149787903,
      "w_val": 0.7076212763786316
    },
    "linear_velocity": {
      "x_val": -0.0004265433526597917,
      "y_val": -0.04432845860719681,
      "z_val": -0.010000600479543209
    },
    "angular_velocity": {
      "x_val": -0.005302964709699154,
      "y_val": 0.05827618017792702,
      "z_val": -0.035739533603191376
    },
    "linear_acceleration": {
      "x_val": 0.47598975896835327,
      "y_val": -2.82589054107666,
      "z_val": -0.6233655214309692
    },
    "angular_acceleration": {
      "x_val": -0.5569539666175842,
      "y_val": 3.7059054374694824,
      "z_val": -3.826815605163574
    }
  },
  "timestamp": 1746108933776928400
}