{
  "has_collided": true,
  "penetration_depth": -0.0036421024706214666,
  "time_stamp": 1746108933772217600,
  "normal": {
    "x_val": -1.1102230246251565e-16,
    "y_val": 0.4580180048942566,
    "z_val": -0.8889429569244385
  },
  "impact_point": {
    "x_val": 11.611536026000977,
    "y_val": -4.401498317718506,
    "z_val": 0.06304042041301727
  },
  "position": {
    "x_val": 11.813522338867188,
    "y_val": -3.923229694366455,
    "z_val": 0.017069734632968903
  },
  "object_name": "StaticMeshActor_8",
  "object_id": 0
}