{
  "speed": 0.052463874220848083,
  "gear": 1,
  "rpm": 309.85986328125,
  "maxrpm": 500.0,
  "handbrake": false,
  "kinematics_estimated": {
    "position": {
      "x_val": 11.814424514770508,
      "y_val": -3.9293534755706787,
      "z_val": 0.016116878017783165
    },
    "orientation": {
      "x_val": 0.014258214272558689,
      "y_val": 0.01428199466317892,
      "z_val": -0.70693039894104,
      "w_val": 0.7069951295852661
    },
    "linear_velocity": {
      "x_val": 0.007146509829908609,
      "y_val": -0.051964208483695984,
      "z_val": -0.013414823450148106
    },
    "angular_velocity": {
      "x_val": -0.00410819286480546,
      "y_val": 0.05257381871342659,
      "z_val": -0.004885068163275719
    },
    "linear_acceleration": {
      "x_val": -0.09112484008073807,
      "y_val": 0.0065542422235012054,
      "z_val": 0.015581969171762466
    },
    "angular_acceleration": {
      "x_val": 0.4692875146865845,
      "y_val": 1.7125327587127686,
      "z_val": 2.354647397994995
    }
  },
  "timestamp": 1746108934000717000
}