{
  "has_collided": true,
  "penetration_depth": -0.005753093399107456,
  "time_stamp": 1746108933995974000,
  "normal": {
    "x_val": 0.0,
    "y_val": 0.4666028916835785,
    "z_val": -0.8844669461250305
  },
  "impact_point": {
    "x_val": 12.017036437988281,
    "y_val": -4.384359359741211,
    "z_val": 0.07309488207101822
  },
  "position": {
    "x_val": 11.814424514770508,
    "y_val": -3.9293534755706787,
    "z_val": 0.016116878017783165
  },
  "object_name": "StaticMeshActor_8",
  "object_id": 0
}