{
  "speed": 6.776348891435191e-05,
  "gear": 1,
  "rpm": 37.03561019897461,
  "maxrpm": 500.0,
  "handbrake": false,
  "kinematics_estimated": {
    "position": {
      "x_val": 11.814208030700684,
      "y_val": -3.929274559020996,
      "z_val": 0.01605905406177044
    },
    "orientation": {
      "x_val": 0.01429731398820877,
      "y_val": 0.014239933341741562,
      "z_val": -0.7067837119102478,
      "w_val": 0.7071418762207031
    },
    "linear_velocity": {
      "x_val": -0.0004503050004132092,
      "y_val": -6.76682248013094e-05,
      "z_val": -9.396479072165675e-06
    },
    "angular_velocity": {
      "x_val": -0.0007627056329511106,
      "y_val": -0.006939917337149382,
      "z_val": 0.0012027978664264083
    },
    "linear_acceleration": {
      "x_val": -0.015250980854034424,
      "y_val": -0.0022917950991541147,
      "z_val": -0.000318241014610976
    },
    "angular_acceleration": {
      "x_val": -0.025831401348114014,
      "y_val": -0.23504191637039185,
      "z_val": 0.040736496448516846
    }
  },
  "timestamp": 1746108934719151100
}