{
  "has_collided": true,
  "penetration_depth": -0.0052373348735272884,
  "time_stamp": 1746108934982330200,
  "normal": {
    "x_val": 0.0,
    "y_val": 0.4666028916835785,
    "z_val": -0.8844669461250305
  },
  "impact_point": {
    "x_val": 11.61193561553955,
    "y_val": -4.382944583892822,
    "z_val": 0.07354975491762161
  },
  "position": {
    "x_val": 11.814187049865723,
    "y_val": -3.92924165725708,
    "z_val": 0.015978258103132248
  },
  "object_name": "StaticMeshActor_8",
  "object_id": 0
}