{
  "speed": 0.0012443268205970526,
  "gear": 1,
  "rpm": 22.175825119018555,
  "maxrpm": 500.0,
  "handbrake": false,
  "kinematics_estimated": {
    "position": {
      "x_val": 11.814220428466797,
      "y_val": -3.9293124675750732,
      "z_val": 0.01615331508219242
    },
    "orientation": {
      "x_val": 0.014370388351380825,
      "y_val": 0.014299210160970688,
      "z_val": -0.7067880630493164,
      "w_val": 0.7071348428726196
    },
    "linear_velocity": {
      "x_val": 0.00039271742571145296,
      "y_val": -0.0012303274124860764,
      "z_val": -0.0003655334876384586
    },
    "angular_velocity": {
      "x_val": 0.0006855831015855074,
      "y_val": 0.006874782498925924,
      "z_val": -0.00035611542989499867
    },
    "linear_acceleration": {
      "x_val": 0.019120406359434128,
      "y_val": -0.07698514312505722,
      "z_val": -0.022740298882126808
    },
    "angular_acceleration": {
      "x_val": 0.05467476323246956,
      "y_val": 0.5492296814918518,
      "z_val": -0.012251175940036774
    }
  },
  "timestamp": 1746108935227216200
}