{
  "speed": 0.00017222944006789476,
  "gear": 1,
  "rpm": 20.776769638061523,
  "maxrpm": 500.0,
  "handbrake": false,
  "kinematics_estimated": {
    "position": {
      "x_val": 11.814249038696289,
      "y_val": -3.929313898086548,
      "z_val": 0.016161436215043068
    },
    "orientation": {
      "x_val": 0.014376449398696423,
      "y_val": 0.0143043864518404,
      "z_val": -0.7068054676055908,
      "w_val": 0.7071171998977661
    },
    "linear_velocity": {
      "x_val": 0.00026502308901399374,
      "y_val": -0.00016999547369778156,
      "z_val": -5.5642780353082344e-05
    },
    "angular_velocity": {
      "x_val": 0.00011216976417927071,
      "y_val": 0.0011415763292461634,
      "z_val": -0.00039120091241784394
    },
    "linear_acceleration": {
      "x_val": -0.009163386188447475,
      "y_val": -0.017372071743011475,
      "z_val": -0.004759530536830425
    },
    "angular_acceleration": {
      "x_val": 0.010213254019618034,
      "y_val": 0.08946141600608826,
      "z_val": 0.03186650574207306
    }
  },
  "timestamp": 1746108935467413200
}