{
  "has_collided": true,
  "penetration_depth": -0.005932270083576441,
  "time_stamp": 1746108935462968700,
  "normal": {
    "x_val": 0.0,
    "y_val": 0.4666028916835785,
    "z_val": -0.8844669461250305
  },
  "impact_point": {
    "x_val": 11.611958503723145,
    "y_val": -4.382833957672119,
    "z_val": 0.07400096207857132
  },
  "position": {
    "x_val": 11.814249038696289,
    "y_val": -3.929313898086548,
    "z_val": 0.016161436215043068
  },
  "object_name": "StaticMeshActor_8",
  "object_id": 0
}