{
  "has_collided": true,
  "penetration_depth": -0.004617052152752876,
  "time_stamp": 1746108935680288000,
  "normal": {
    "x_val": 0.0,
    "y_val": 0.4666028916835785,
    "z_val": -0.8844669461250305
  },
  "impact_point": {
    "x_val": 11.611943244934082,
    "y_val": -4.38309383392334,
    "z_val": 0.07312032580375671
  },
  "position": {
    "x_val": 11.814218521118164,
    "y_val": -3.9292807579040527,
    "z_val": 0.016073457896709442
  },
  "object_name": "StaticMeshActor_8",
  "object_id": 0
}