{
  "has_collided": true,
  "penetration_depth": -0.004637019708752632,
  "time_stamp": 1746108935908321200,
  "normal": {
    "x_val": 0.0,
    "y_val": 0.4666028916835785,
    "z_val": -0.8844669461250305
  },
  "impact_point": {
    "x_val": 11.61195182800293,
    "y_val": -4.383128643035889,
    "z_val": 0.07311344146728516
  },
  "position": {
    "x_val": 11.814208030700684,
    "y_val": -3.9292964935302734,
    "z_val": 0.01611056737601757
  },
  "object_name": "StaticMeshActor_8",
  "object_id": 0
}