{
  "has_collided": true,
  "penetration_depth": -0.0043791430070996284,
  "time_stamp": 1746108936144993200,
  "normal": {
    "x_val": 0.0,
    "y_val": 0.4666028916835785,
    "z_val": -0.8844669461250305
  },
  "impact_point": {
    "x_val": 11.611948013305664,
    "y_val": -4.383182525634766,
    "z_val": 0.07293909043073654
  },
  "position": {
    "x_val": 11.814225196838379,
    "y_val": -3.9292984008789062,
    "z_val": 0.016119414940476418
  },
  "object_name": "StaticMeshActor_8",
  "object_id": 0
}