{
  "speed": -6.394568481482565e-05,
  "gear": 1,
  "rpm": 20.043489456176758,
  "maxrpm": 500.0,
  "handbrake": false,
  "kinematics_estimated": {
    "position": {
      "x_val": 11.814225196838379,
      "y_val": -3.9292984008789062,
      "z_val": 0.016119414940476418
    },
    "orientation": {
      "x_val": 0.014344013296067715,
      "y_val": 0.014277826063334942,
      "z_val": -0.7067925930023193,
      "w_val": 0.7071312665939331
    },
    "linear_velocity": {
      "x_val": -0.00016501962090842426,
      "y_val": 6.304393173195422e-05,
      "z_val": 2.159855284844525e-05
    },
    "angular_velocity": {
      "x_val": -4.9075388233177364e-05,
      "y_val": -0.000462183088529855,
      "z_val": 0.00034361970028840005
    },
    "linear_acceleration": {
      "x_val": -0.0029194036033004522,
      "y_val": 0.0005912555498071015,
      "z_val": 0.0002754390879999846
    },
    "angular_acceleration": {
      "x_val": 0.012649739161133766,
      "y_val": 0.11785970628261566,
      "z_val": 0.03375992551445961
    }
  },
  "timestamp": 1746108936149561400
}