{
  "speed": 0.8406307101249695,
  "gear": 1,
  "rpm": 473.4732971191406,
  "maxrpm": 500.0,
  "handbrake": false,
  "kinematics_estimated": {
    "position": {
      "x_val": 1.3506406545639038,
      "y_val": -0.18957680463790894,
      "z_val": 0.024926653131842613
    },
    "orientation": {
      "x_val": -0.0004062009684275836,
      "y_val": -0.0029084067791700363,
      "z_val": -0.14008508622646332,
      "w_val": 0.990135133266449
    },
    "linear_velocity": {
      "x_val": 0.8078357577323914,
      "y_val": -0.23329631984233856,
      "z_val": -0.03456946462392807
    },
    "angular_velocity": {
      "x_val": 0.0004692136135417968,
      "y_val": -0.26247161626815796,
      "z_val": -0.0020262233447283506
    },
    "linear_acceleration": {
      "x_val": -8.750772476196289,
      "y_val": 2.531224012374878,
      "z_val": -1.5931631326675415
    },
    "angular_acceleration": {
      "x_val": 0.021605493500828743,
      "y_val": -12.049384117126465,
      "z_val": 0.008589300327003002
    }
  },
  "timestamp": 1746108916914722200
}