{"timesteps": 151, "reward": 0.20000000298023224, "_timestamp": 1722839794.23114, "_runtime": 189.47481989860535, "_step": 150, "_wandb": {"runtime": 189}}