{"steering_kp": 0.720829067611582, "steering_ki": 0.033887298421649566, "steering_kd": 0.15046428764674324, "forward_kp": 0.5118614401851449, "forward_ki": 0.09207019977374735, "forward_kd": 0.03454468011653193}