{"timesteps": 4797, "reward": -0.5, "loss": null, "exploration_rate": null, "Done": false, "_timestamp": 1722860531.615384, "_runtime": 5334.05007314682, "_step": 4796, "_wandb": {"runtime": 5333}}