{"timesteps": 1214, "reward": 0.20000000298023224, "done": 0, "collision": 0, "truncated": 0, "_timestamp": 1722869293.8220298, "_runtime": 1515.649437904358, "_step": 1213, "episode_reward": 0.0, "episode_length": 6, "_wandb": {"runtime": 1515}}